"","id","date","lon","lat","x","y","x.se","y.se","u","v","u.se","v.se","s","s.se","logit_g","logit_g.se","g"
"1","244381",2023-08-02 22:00:00,-28.1565000000001,38.4679000000001,-3134.36724252082,4619.15272300356,9.99999999998523e-06,9.9999999999846e-06,2.8210993593257e-11,4.60825506886596e-11,9.99999999982238e-06,9.99999999976285e-06,0,NA,0.158008662922277,0.36279451155354,0.539420183723082
"2","244381",2023-08-03 04:00:00,-28.0637671642605,38.4785554892551,-3124.04427046648,4620.66158176629,2.15828777224945,2.33096101203562,3.4780298477482,-0.154834812602536,1.13988835537958,0.903796155597512,1.73885404261062,NA,0.158008662922277,0.358805616968229,0.539420183723082
"3","244381",2023-08-03 10:00:00,-27.8585583623143,38.3893816417637,-3101.20053112752,4608.04114050906,0.488210092320954,0.404319541064032,2.30394364876652,-3.05736761712877,0.451615226652448,0.377896604053254,4.34972623161293,NA,0.158008662922277,0.354771875890031,0.539420183723082
"4","244381",2023-08-03 16:00:00,-27.7703206874676,38.3426594342948,-3091.3779580948,4601.4349858488,4.75115772771589,1.67684369071093,1.34553323624274,-0.344029023742277,1.47257730605753,0.978044174915621,1.97269684339142,NA,0.15651698260743,0.351053036212593,0.539049559917502
"5","244381",2023-08-03 22:00:00,-27.7508036931204,38.3638866576873,-3089.20533622226,4604.43581623115,1.41981884301154,1.58922225425674,0.362103625220431,0.500138391550461,0.728594542606433,0.338443237075372,0.617536422805945,NA,0.155644324182236,0.347876271069369,0.5388327186247
"6","244381",2023-08-04 04:00:00,-27.7609922435832,38.4285030244728,-3090.3395204717,4613.57590879727,6.93262827338734,5.3222533751553,-0.257116550426686,1.69648127466519,1.35002634001416,1.03142779196153,1.5350224185896,NA,0.155783860241557,0.344605634380294,0.538867392034002
"7","244381",2023-08-04 10:00:00,-27.7632839588371,38.4940677140483,-3090.59463304681,4622.85857522036,2.47280855486108,1.6372112192628,-0.0425187595040303,1.54711098068449,0.951150798432676,0.754562243098278,1.5476699372053,NA,0.155610156056807,0.341362296845494,0.538824228106929
"8","244381",2023-08-04 16:00:00,-27.7560062056886,38.4573728480496,-3089.7844772722,4617.66225802551,3.33055281632163,2.68975194639376,0.315447334306772,-2.53464920914511,1.11615684935063,0.876422034817398,0.876430682147929,NA,0.154799357853312,0.338312596381643,0.538622744357569
"9","244381",2023-08-04 22:00:00,-27.8013381084968,38.4107931648262,-3094.8308016095,4611.0700001627,2.93106734273201,0.975802091931646,-2.47792735598969,1.15161849842142,1.47541455866131,0.70719602376205,1.38403695640878,NA,0.155514836218947,0.335017412143303,0.538800541737389
"10","244381",2023-08-05 04:00:00,-27.8871521157235,38.4246701895836,-3104.3835731969,4613.03351803579,10.4110108292075,6.73438567159773,-1.59212861000358,0.327253013499352,1.58818892041589,1.10817864900405,1.6255583387973,NA,0.155958121571783,0.331758969666721,0.538910693821073
"11","244381",2023-08-05 10:00:00,-27.958702634865,38.4344629194726,-3112.34854055372,4614.41936098781,9.19300113092191,4.13805826535745,-1.32749457157469,0.230973859987214,1.24033023417179,0.875262021946855,1.34712536175923,NA,0.156635762850304,0.328473953153971,0.539079073717084
"12","244381",2023-08-05 16:00:00,-28.0480363314214,38.4676994972421,-3122.29312216506,4619.12433318729,6.55329797798732,3.02970351179561,-1.86783130776352,1.12064575212499,1.54812600232432,1.01331426058494,1.8333465616744,NA,0.157028849618304,0.325266239093693,0.539176743595581
"13","244381",2023-08-05 22:00:00,-28.1613149134279,38.5444669299979,-3134.90323623181,4629.99990084167,5.44699785254794,3.31517765553524,-1.91489804338017,1.79720885701562,1.75445416779924,1.24823176511746,2.77544736852954,NA,0.156874769621483,0.322158799649042,0.539138459849993
"14","244381",2023-08-06 04:00:00,-28.2156703314957,38.5977751083262,-3140.95405369298,4637.55890563613,7.23973256200729,5.72725669057911,-1.00846959611125,1.2598341110949,1.1139783441435,0.880308669222595,1.61373335261341,NA,0.155354569552751,0.319381732748619,0.538760716101859
"15","244381",2023-08-06 10:00:00,-28.2487965617919,38.6238304249687,-3144.64164878146,4641.25556224144,5.01144877106559,3.84559494859592,-0.574795909775505,0.435149878367706,1.49297035874913,1.09468373961118,0.870256827423425,NA,0.153633863535089,0.316892372946848,0.538333096359383
"16","244381",2023-08-06 16:00:00,-28.2841758311035,38.6149502456295,-3148.58005102586,4639.99551479075,6.85770277116817,3.35440401080027,-0.797237581908074,-0.340968904196549,1.5269525575713,1.20871127230123,0.689444302061893,NA,0.151932073592294,0.31446679477289,0.537910122037946
"17","244381",2023-08-06 22:00:00,-28.2935198556564,38.5238481760483,-3149.62022308104,4627.07771355436,4.65642197625971,2.51089504317682,-0.173361919457459,-2.15296703945823,1.01413631961669,0.528196824905767,2.15980811014027,NA,0.150349342129692,0.312003354604783,0.537516690313729
"18","244381",2023-08-07 04:00:00,-28.2423137317874,38.4026221483947,-3143.91998344645,4609.91402694136,6.96185243175025,3.09049277122753,0.524964150671181,-1.64600147329846,1.51074747866324,0.936528831612804,3.01446899434344,NA,0.148562357907065,0.30957157677678,0.537072429776258
"19","244381",2023-08-07 10:00:00,-28.2231407476564,38.4042544507853,-3141.785656616,4610.14494212933,10.5741478271769,2.54754165504294,0.802452878625938,-0.172615198667123,1.6643585019647,0.665229996710695,0.357592228786163,NA,0.144714982116188,0.307934973786203,0.536115738253048
"20","244381",2023-08-07 16:00:00,-28.2176699093988,38.4719755076959,-3141.17664568695,4619.72980420999,13.5739897918216,5.81979872562928,-0.0479554173226245,1.935737856615,1.65804134047367,1.09059478053543,1.60055613972303,NA,0.143529906936113,0.305875414775982,0.5358210026266
"21","244381",2023-08-07 22:00:00,-28.198958867327,38.5334842650998,-3139.09374201131,4628.44328055453,11.3221225327669,3.05271848060707,0.347150623771084,1.45224587769938,1.51788982365597,0.787952612500416,1.49307553404877,NA,0.142321230417084,0.303774586335403,0.535520371423613
"22","244381",2023-08-08 04:00:00,-28.1229454490684,38.5058012905842,-3130.6319669973,4624.52071626528,12.044279472136,3.4570224849176,1.41940905562948,-0.908917844393026,1.7717362707512,1.18900078657696,1.55491460882949,NA,0.140549386488075,0.301929962864181,0.53507961834698
"23","244381",2023-08-08 10:00:00,-28.1212633454305,38.5136448781724,-3130.44471607688,4625.63196614509,7.16539661570704,2.75332509870575,0.0312084577457187,0.185208298079952,1.3732238200823,0.590477629355196,0.187751665520558,NA,0.13982553260493,0.299759566463837,0.53489954107128
"24","244381",2023-08-08 16:00:00,-28.2106233753496,38.5599141713875,-3140.39222910474,4632.18971041805,2.7257506817066,4.32110737215827,-2.45840212120342,1.51615502013003,1.53643481916729,1.01983643392425,1.98571652290132,NA,0.139679091104513,0.297382939309738,0.534863108872567
"25","244381",2023-08-08 22:00:00,-28.5240733914504,38.6423237870794,-3175.28532528622,4643.88017124813,5.53409437522558,0.963128658254137,-5.02414506964061,1.09721853781264,1.27805664111492,0.986467860644943,6.13352430910493,NA,0.139445225460449,0.294962229602632,0.534804926236244
"26","244381",2023-08-09 04:00:00,-28.5356728204734,38.6552465797994,-3176.57656781856,4645.71460099758,8.86840592618825,4.86998901371802,0.396531754927199,0.259933798653822,1.40088504022015,0.883437068584496,0.37397876855591,NA,0.135346054551232,0.294105674914338,0.533784955082022
"27","244381",2023-08-09 10:00:00,-28.3895128336508,38.6265521631006,-3160.30611251111,4641.64179305365,4.40703969035422,0.454863028145666,2.67858005207667,-0.80558806417676,1.24475521658716,0.834353749924402,2.79545322588369,NA,0.138250763145706,0.291491648508234,0.534507745289348
"28","244381",2023-08-09 16:00:00,-28.2952776654983,38.5647181666523,-3149.81590157755,4632.87082419251,4.0229193586446,2.34401342405766,1.17639007261689,-1.60842065128393,1.07563281884603,0.679636241496153,2.27923184531184,NA,0.141527734983169,0.288694701676302,0.535322993162973
"29","244381",2023-08-09 22:00:00,-28.2557936547451,38.5427316858809,-3145.42056160603,4629.75394129662,1.95809050338857,0.777966777672827,0.771612520757144,0.384173913664073,0.975769287395974,0.541176497012017,0.898030210891327,NA,0.144078225236272,0.286331105015779,0.53595737594821
"30","244381",2023-08-10 04:00:00,-28.2165635662773,38.5340491431391,-3141.05348813402,4628.5233373013,4.76037026245631,2.89505516936482,0.923100650744936,-0.968672622034498,1.2354369235742,0.773344439289937,0.756279199402649,NA,0.14698284872613,0.283950877869354,0.53667970038813
"31","244381",2023-08-10 10:00:00,-28.1040728376601,38.5149941002385,-3128.53107750539,4625.82313113749,4.96082720987924,1.91303281216623,2.62017701707247,0.196701020666852,1.29692820096265,0.76591629911746,2.13513814677513,NA,0.149819544886674,0.281563316092088,0.537384984078937
"32","244381",2023-08-10 16:00:00,-27.9771852379679,38.5432761967459,-3114.40601451968,4629.83112151899,5.69593922356239,3.57396138080838,2.02517608868011,0.722892946369246,1.28991897521297,0.890237745484365,2.44682961932607,NA,0.152162590255981,0.279282618445451,0.537967419409569
"33","244381",2023-08-10 22:00:00,-28.0335770730359,38.591130781745,-3120.68352488435,4636.61644338415,4.9619734296499,3.42639881639556,-2.46398419621125,1.34714699026049,1.3914258578944,1.04570487026133,1.5408132954055,NA,0.153799019435666,0.277251605389732,0.538374142390154
"34","244381",2023-08-11 04:00:00,-28.1899138670419,38.6293747079693,-3138.08685718534,4642.04234455281,8.89451352182305,6.87095094697525,-2.88726361868933,0.736391395346371,1.5936533435359,1.23034321759345,3.03847522218007,NA,0.157137270374804,0.274809832211127,0.53920368226421
"35","244381",2023-08-11 10:00:00,-28.2103072498931,38.6214770264305,-3140.3570381799,4640.92161292015,6.12210237789068,4.49001936367368,-0.378363374858989,-0.186788565505684,1.1445917506863,0.896568923473124,0.422076795521734,NA,0.159386204252802,0.272683146214336,0.539762409786147
"36","244381",2023-08-11 16:00:00,-28.0152121216016,38.555134557427,-3118.63914784224,4631.51209898873,4.40819895903628,3.5841715978152,5.31359998079814,-2.51019568243647,1.26210461079956,0.978714702748319,3.9449824381358,NA,0.163251015466319,0.270326262392027,0.540722353419278
"37","244381",2023-08-11 22:00:00,-27.8116462588144,38.4297621207443,-3095.97829965387,4613.75409191229,0.853325293358194,0.804687197150597,1.78538257101258,-2.08919889866634,0.701826880173753,0.643881676966949,4.7985603270133,NA,0.167488531152514,0.267883437294064,0.541774522087538
"38","244381",2023-08-12 04:00:00,-27.7718997060677,38.3698871237723,-3091.55373364132,4605.28424538516,3.78241134685253,2.69515965859041,1.02121925303619,-1.74431649998406,1.35779071352249,1.04034214673115,1.59261146112565,NA,0.167402809194342,0.266682289828245,0.541753241116107
"39","244381",2023-08-12 10:00:00,-27.674148661472,38.2865047993107,-3080.67213713242,4593.50084163087,3.44685055394537,1.937677296843,1.72445815641804,-1.49100696133749,1.12893676610498,0.870075610975531,2.67337966211741,NA,0.169454922988248,0.265619113987965,0.542262648220601
"40","244381",2023-08-12 16:00:00,-27.6508372555808,38.3718475676208,-3078.07712329893,4605.5614555105,5.86044199805422,4.06859623304966,0.30831514947444,2.34109441455866,1.05037251626379,0.741133442772598,2.05609588657438,NA,0.170142033810267,0.264813860973657,0.542433193696666
"41","244381",2023-08-12 22:00:00,-27.6202065365821,38.4844140677741,-3074.66732725736,4621.49127510016,2.67955684554749,1.07070080623215,0.862518389480925,2.28122386049413,1.16327594237653,0.78616993414382,2.71509316311942,NA,0.174705283655359,0.263415271592654,0.543565568449722
"42","244381",2023-08-13 04:00:00,-27.5873955254187,38.5419294607229,-3071.01482220224,4629.64023313097,7.22989379037815,5.25834176766513,0.447385674394492,0.944193592268715,1.64096062550872,1.23892255743841,1.48833085015652,NA,0.177395866908561,0.262458008037495,0.544233029006741
"43","244381",2023-08-13 10:00:00,-27.5992129928983,38.562672401261,-3072.33033666454,4632.58076854755,6.61449235537249,4.48155533611884,-0.21925238205545,0.490089344371963,1.03935427028588,0.77387792295185,0.53685945434162,NA,0.180159971241515,0.261686516825429,0.544918562698594
"44","244381",2023-08-13 16:00:00,-27.6344536586575,38.6270869508461,-3076.25330963207,4641.71768434957,5.01132836878367,3.43546323794518,-0.823543978860534,2.08442652270943,1.43258288420644,1.05329807731857,1.65732833087436,NA,0.183243264678477,0.260883669564453,0.545683058480626
"45","244381",2023-08-13 22:00:00,-27.7131354357757,38.7189012009076,-3085.01212499557,4654.75544217277,3.43836470102581,1.53802728754861,-1.73199690539047,1.81090602183432,1.08704276247423,0.655753535413843,2.61776501346001,NA,0.185929050085419,0.260061763031531,0.546348817668991
"46","244381",2023-08-14 04:00:00,-27.9352596281392,38.8195058925794,-3109.73887698235,4669.06085967654,6.05935143048216,3.99262564156908,-4.48762577140405,1.84941054266485,1.41365964850954,1.11018366447517,4.76145963142106,NA,0.187176839124438,0.259363541916836,0.546658066487156
"47","244381",2023-08-14 10:00:00,-28.1141112140438,38.7827522941526,-3129.64854445282,4663.83234770753,4.53966198339726,2.10572476000815,-2.8394045366903,-1.3811797597845,1.29483108024634,0.872452286869044,3.43017359147799,NA,0.185158893170961,0.259066008114151,0.54615792609679
"48","244381",2023-08-14 16:00:00,-28.2132228448768,38.7734581661331,-3140.68160072883,4662.5106094311,4.39919119120621,2.78941550544295,-1.74315136647998,0.64918783539764,1.06396743414858,0.70824461457459,1.85181551339524,NA,0.184500009196599,0.259141875716191,0.545994603930018
"49","244381",2023-08-14 22:00:00,-28.3084369121219,38.8140814167307,-3151.28078221092,4668.28901079632,3.27929731920591,2.73795810842452,-1.80865081304181,0.586197221262933,1.28210018195205,1.03715198066173,2.01234437513393,NA,0.183935693835577,0.259389493305188,0.545854715273773
"50","244381",2023-08-15 04:00:00,-28.373474788901,38.8271852163774,-3158.52076553624,4670.15365232018,5.62172989722029,5.1989861287615,-0.856208727648496,0.321049163601958,1.32197280484228,1.09168608410977,1.24596334785236,NA,0.182994470819705,0.259665608355678,0.545621378533529
"51","244381",2023-08-15 10:00:00,-28.3701267814306,38.8293229311524,-3158.14806704946,4670.45787719912,1.18728178991514,1.32110564544489,0.234950171365135,-0.107423632117473,0.937691100430743,0.886418233416869,0.0800707450677359,NA,0.182014683642654,0.259960849806207,0.545378460141457
"52","244381",2023-08-15 16:00:00,-28.3219889848059,38.800426895947,-3152.78939204129,4666.34637079545,5.4476113646642,3.46846105188988,1.16190367945734,-0.91716788039565,1.49272610651042,0.925809861375227,1.12571896144555,NA,0.181374330118537,0.260143509723929,0.545219685771098
"53","244381",2023-08-15 22:00:00,-28.2540449904629,38.756115270447,-3145.22590118857,4660.04470248153,8.42477553038108,1.86553418056385,1.08360577766906,-0.885620446005023,1.44887291197229,1.10695517226632,1.6408297184868,NA,0.180735121851516,0.260224213005499,0.545061186194178
"54","244381",2023-08-16 04:00:00,-28.2206169838785,38.7368030301162,-3141.50471251737,4657.29949418588,9.6499408957954,6.16167921080807,0.546903488469703,-0.384339083211023,1.49435992167627,1.10529514536248,0.770711870458656,NA,0.179576974433562,0.260343849478193,0.544773986014027
"55","244381",2023-08-16 10:00:00,-28.1638706012641,38.7143428845618,-3135.18773410037,4654.10775659458,6.61912846597942,4.80227272526504,1.38607543189023,-0.667554542021947,1.4936611592585,1.09103770965842,1.17958932145245,NA,0.178518453075564,0.260433973218242,0.544511465285239
"56","244381",2023-08-16 16:00:00,-28.0105496736705,38.6652648288013,-3118.1201265127,4647.13695152993,3.99368935487983,3.14179953373959,3.68410172048115,-1.49202311756749,1.44071693096839,1.10287528451602,3.07261214330292,NA,0.177223132466998,0.260507812632355,0.544190183034536
"57","244381",2023-08-16 22:00:00,-27.6877491775254,38.5539636038245,-3082.186139654,4631.34609846203,3.19436591990561,1.35223167633655,6.32995865957832,-2.68051725539499,1.22900629580574,0.817996572031419,6.54175055389301,NA,0.174784783730042,0.260836208255675,0.543585292512206
"58","244381",2023-08-17 04:00:00,-27.5265893478599,38.4924956383794,-3064.24590947931,4622.63590072782,7.88486474513346,5.46779572337865,2.20757058920206,-1.18931813976418,1.47968547204145,1.11183344729216,3.3237688636656,NA,0.166376488301832,0.263306605843165,0.541498439215745
"59","244381",2023-08-17 10:00:00,-27.5593019133126,38.4983145842933,-3067.88745560805,4623.46014179956,5.00353591149235,2.14744357424529,-0.606924282396828,0.137373534823998,1.11217065698893,0.793817242526102,0.622226021228739,NA,0.158480887085368,0.267315661875089,0.539537503764586
"60","244381",2023-08-17 16:00:00,-27.6163926761348,38.5432247664512,-3074.24277025442,4629.82383164554,5.10707830656155,4.28305911073548,-0.993497514186322,1.31568645883456,1.1940401721269,0.901149155708765,1.49896271329116,NA,0.153794698768973,0.270602292193943,0.538373068585808
"61","244381",2023-08-17 22:00:00,-27.5716288735039,38.6416787995772,-3069.25968653958,4643.78862204855,1.39951763034707,0.995573005853598,1.81624999803825,2.74474123654616,1.18060201578611,0.947502036676856,2.4710494593544,NA,0.148866834847332,0.274159013477867,0.537148129693797
"62","244381",2023-08-18 04:00:00,-27.522274511021,38.6349188847539,-3063.76558403955,4642.82917313097,4.56416281592677,3.53202345163516,0.318450098848223,-1.71987076246065,1.28139254080018,0.916881733675345,0.929669208638124,NA,0.143405483755607,0.27824822136706,0.535790056346473
"63","244381",2023-08-18 10:00:00,-27.5912422295721,38.5343951129718,-3071.44303534983,4628.57236982538,3.00513803719865,1.65996948259057,-1.69070219285593,-1.58662286632262,1.04687936792701,0.754961857929356,2.69867088337322,NA,0.139693140267615,0.281694416435664,0.534866604085766
"64","244381",2023-08-18 16:00:00,-27.6771949460265,38.5678139788129,-3081.01124797784,4633.309774907,3.4214425983457,2.2591620887872,-1.5154362199851,1.94013652050478,1.35525494005267,1.00443975066404,1.77976064274239,NA,0.136364550520231,0.284969939789105,0.534038407796177
"65","244381",2023-08-18 22:00:00,-27.7746162235114,38.6537482768049,-3091.85613497988,4645.50189523114,2.72084854430645,0.825836673299958,-1.72394667023376,1.60805324637767,1.05190744681915,0.655061519981281,2.71952355525496,NA,0.135437068636729,0.286958752960755,0.533807604648148
"66","244381",2023-08-19 04:00:00,-27.8403483840773,38.6880347956712,-3099.17340562282,4650.37048587759,6.08311281125623,4.59652668439519,-1.07112355874996,0.621721120701522,1.27646411411972,0.999196752981998,1.46469240130046,NA,0.133213508088269,0.289817893078641,0.533254214566622
"67","244381",2023-08-19 10:00:00,-27.8824807949763,38.6975956834335,-3103.86356415,4651.72852477633,3.18249840684089,1.893819616281,-0.792368662355197,0.22910065251727,1.17325245988205,0.866025411388163,0.813874767517214,NA,0.131140540621356,0.292795559800501,0.532738229691419
"68","244381",2023-08-19 16:00:00,-27.9359901174517,38.693558606491,-3109.82019468065,4651.15507165467,4.80816456239259,3.5543315687827,-1.10268698797223,-0.307510220068924,1.20633301294966,0.96604177691604,0.997435919138699,NA,0.12910487143756,0.29577381658758,0.532231460610551
"69","244381",2023-08-19 22:00:00,-27.9370387011391,38.6534772723292,-3109.93692248278,4645.46342270774,3.00618356692674,2.46400364439217,0.589105155099903,-1.06913346409909,1.20554427244951,0.914043128653256,0.948823681605173,NA,0.126931613812463,0.298829929394669,0.531690366240807
"70","244381",2023-08-20 04:00:00,-27.8944185494266,38.6269655435375,-3105.19246889661,4641.70045548665,5.87822357311899,4.1730408968592,0.503220902270926,-0.274657492313385,1.51033327057531,1.15925972277945,1.00937345056313,NA,0.124894476242776,0.301778907530098,0.531183095130708
"71","244381",2023-08-20 10:00:00,-27.8905679241342,38.6626686180123,-3104.76381924983,4646.76833275088,3.01305136264385,0.893001134679059,0.0714416493047931,0.844646230724072,0.918098737158548,0.635882652218349,0.847678469959492,NA,0.122795387021634,0.304776801373356,0.530660329922959
"72","244381",2023-08-20 16:00:00,-27.8756208592613,38.6904663998116,-3103.09991959932,4650.71585622402,7.81168320157466,4.90118142961544,0.281569208043399,0.331876351635947,1.73032774147671,1.23462460453812,0.713839492822799,NA,0.121224421581786,0.307359408719098,0.530269046592013
"73","244381",2023-08-20 22:00:00,-27.8903887580206,38.6867919809804,-3104.74387456929,4650.19396856496,7.91909428348791,3.30401244015355,-0.273992509900878,-0.0869812104314523,1.14591300228423,0.71942089063106,0.287190385890754,NA,0.119544765179121,0.310009024859908,0.52985065024447
"74","244381",2023-08-21 04:00:00,-27.9606126840333,38.7175601875527,-3112.56116625453,4654.5648949065,7.23862726232562,3.46432756738392,-1.71061528757454,1.29453968983635,1.54862472680291,0.960065551496198,1.49269629255412,NA,0.118073572876452,0.312462610203677,0.529484147062093
"75","244381",2023-08-21 10:00:00,-28.0307421237535,38.7916438678755,-3120.36793977381,4665.09700042905,7.9203610940106,2.86545695114575,-0.670444441331789,1.27148200947151,1.72318517885118,1.0215682568157,2.18546109841953,NA,0.116524526982065,0.314930217109972,0.529098214647968
"76","244381",2023-08-21 16:00:00,-27.9513406574822,38.7347254724404,-3111.52900898024,4657.00421682064,7.52303858417691,4.40484956709172,1.5667607781968,-1.41033727143096,1.25639854050994,0.778574208364549,1.99756196801896,NA,0.114106597486309,0.318159619947319,0.52849573745445
"77","244381",2023-08-21 22:00:00,-27.7786464839612,38.6601958641329,-3092.30478152092,4646.41725532809,4.79690661492185,4.25375771175383,3.43990313580664,-1.64151827060656,1.47338565384141,1.1746547556328,3.65814157809979,NA,0.115027008258031,0.318683650705831,0.528725086735828
"78","244381",2023-08-22 04:00:00,-27.683262609424,38.6276779665323,-3081.68669717755,4641.80155557083,7.8309690510171,8.27110216080716,1.16893962725737,-0.581744959710987,1.84016502007862,1.45592630511638,1.92977467664546,NA,0.113813897366754,0.321097681792945,0.528422799491289
"79","244381",2023-08-22 10:00:00,-27.7176097686982,38.6273687321031,-3085.51020545815,4641.75767192913,12.5887536216207,10.2469282144446,-0.637251341614285,-0.00731392809404851,1.67748352478725,1.2773001670191,0.637438229568852,NA,0.112676044430557,0.323836067641666,0.528139246338239
"80","244381",2023-08-22 16:00:00,-27.7895425389269,38.6471363072331,-3093.51772481136,4644.56328414741,14.7351248706213,10.4353640604943,-1.3671723921411,0.489859431690362,1.64564377143918,1.27547142918311,1.41446399022345,NA,0.112739744500852,0.325575159949498,0.528155120888542
"81","244381",2023-08-22 22:00:00,-27.8439782511432,38.6599551592549,-3099.57748057625,4646.38308110844,12.1859754070934,7.76699351811177,-0.932175720432401,0.256562358403933,1.68043660353017,1.35558327339547,1.05472491303702,NA,0.112571310960178,0.327454850472042,0.528113145823508
"82","244381",2023-08-23 04:00:00,-27.814527282752,38.6356776980414,-3096.29901377157,4642.93686855017,5.28016826389317,4.26646562514092,0.546411158102216,-0.574368702272824,1.55226151193455,1.00709133705227,0.79291439960756,NA,0.112237732750047,0.329473669996085,0.528030014135337
"83","244381",2023-08-23 10:00:00,-27.7192386031179,38.6184869208535,-3085.69152647634,4640.49733024609,2.5361701823662,3.00244875355586,2.36229906964083,-0.0567757911238889,1.04006263236456,1.17868753930659,1.81434485824926,NA,0.112434410884989,0.330976701804017,0.528079028872291
"84","244381",2023-08-23 16:00:00,-27.6210102874021,38.6270480619507,-3074.75680038937,4641.71216563867,7.48208406001996,5.10288265824994,1.46304798934465,0.222360791080857,1.66276451768278,0.952826328283148,1.83363788213248,NA,0.112299165084026,0.332731638601931,0.528045323926204
"85","244381",2023-08-23 22:00:00,-27.5852950614751,38.6344278144262,-3070.78099962561,4642.7594780415,11.181616327702,3.92595162467073,0.483606162811995,0.142722870682049,1.52709027179958,1.13320565701552,0.684953526549766,NA,0.111683518277653,0.334962782888637,0.527891893811289
"86","244381",2023-08-24 04:00:00,-27.5716503635406,38.609670096663,-3069.26207879952,4639.24636593447,10.4374440761636,5.13261060916574,0.273506105180173,-0.993058326677712,1.59922563228205,1.15550656310401,0.637721336784069,NA,0.111260843096223,0.33705769056242,0.527786552599039
"87","244381",2023-08-24 10:00:00,-27.5596349983223,38.4995080171724,-3067.92453446172,4623.62919727467,5.11368055397994,3.48651460074288,0.170963823907328,-3.11532991917477,1.50415352350219,0.947192893197756,2.61239427534092,NA,0.110930171993647,0.339017631763294,0.527704139375596
"88","244381",2023-08-24 16:00:00,-27.606578667053,38.3495546026903,-3073.15027976079,4602.40963834897,3.89301394575257,2.93510436151829,-1.86891596866172,-2.65539104824529,1.66202191842172,1.2876094206867,3.64204501949291,NA,0.109813042932234,0.341689918079924,0.527425705940094
"89","244381",2023-08-24 22:00:00,-27.7857683293446,38.3459999743795,-3093.09758172251,4601.90716941338,1.92536420689132,1.68261944152106,-3.32455011702172,-0.0837449282900775,0.599723251278902,0.467775959793108,3.32584718700607,NA,0.105501545186638,0.347798657071256,0.526350949059462
"90","244381",2023-08-25 04:00:00,-27.7673163081177,38.3096160592843,-3091.04351211543,4596.76550442184,4.23632760046167,3.16083934984667,1.71509483105661,-1.14011455351509,1.20295552876761,0.852937241753878,0.922809357480693,NA,0.103930360072526,0.35186715568878,0.525959227631144
"91","244381",2023-08-25 10:00:00,-27.7239850159047,38.3334197222022,-3086.21989473086,4600.12907178893,2.77811559865087,1.27863911130401,-0.46524634743205,1.65866774924504,0.901805635490367,0.546701512117708,0.980032886870853,NA,0.104879698404573,0.353723633880578,0.526195916621856
"92","244381",2023-08-25 16:00:00,-27.8006091872703,38.4082806822993,-3094.74965846973,4610.71453922546,3.81203444433009,2.90650409551071,-1.28206593703834,1.83920302008847,1.35032763967066,0.893842751101372,2.26580662895147,NA,0.106256370964347,0.355114099044985,0.526539127621738
"93","244381",2023-08-25 22:00:00,-27.8332522937627,38.4496589108364,-3098.38347246238,4616.57023543367,6.86130365493339,2.89238461975695,-0.462735223899609,0.332835608462446,1.45288383136706,0.991665168969759,1.14857740665336,NA,0.107698892987257,0.356402721603177,0.526898728293667
"94","244381",2023-08-26 04:00:00,-27.8480796843381,38.4091998271818,-3100.03405003103,4610.84457653571,8.94952751279679,3.99808920877378,-0.238785046267895,-1.31993912961723,1.49538192779298,1.04369565741505,0.992973311125898,NA,0.109169618161867,0.357815006385333,0.527265330887384
"95","244381",2023-08-26 10:00:00,-27.8519428322574,38.4069072624083,-3100.46409369026,4610.52023582917,5.29783249054978,1.98999162938482,-0.0246520589265187,1.04734005835239,1.52446046465993,0.83231462003835,0.0896276715901732,NA,0.111484412136264,0.358355314542662,0.527842271896697
"96","244381",2023-08-26 16:00:00,-27.87293572997,38.4699610520057,-3102.8010123739,4619.4445584548,5.03987181509397,3.2429689581705,-0.522796333641653,1.29165969226232,1.21951987239093,0.801685674945304,1.53773320418639,NA,0.114056308014928,0.358609245956974,0.528483205904055
"97","244381",2023-08-26 22:00:00,-27.9276247254902,38.4834000493777,-3108.8889635072,4621.34766469904,1.3532433558216,0.657780416443614,-1.11700206301477,0.0599016001437071,0.833358876807779,0.452517013865392,1.06290580847359,NA,0.11666660956368,0.358750109027178,0.529133614844767
"98","244381",2023-08-27 04:00:00,-27.9512278134782,38.4857700455718,-3111.51644724318,4621.68331870047,5.34090015992439,4.17683244113502,-0.0840484218100547,-0.0857793717986334,1.59550225822089,1.2025332102064,0.441292191924126,NA,0.119567539930522,0.358642090458161,0.529856323634763
"99","244381",2023-08-27 10:00:00,-27.9034905949311,38.4773135601238,-3106.20236438263,4620.48570819042,6.50903303864588,3.61538745938763,0.885680480297448,-0.199601694042154,0.983996821790707,0.674599974511741,0.908278734655014,NA,0.122526355934447,0.358442137933545,0.530593324503109
"100","244381",2023-08-27 16:00:00,-27.8327811154292,38.5040882080665,-3098.33102113022,4624.27802943788,4.19229978798925,2.78879137435406,1.42966632137033,0.967840090904714,1.35145070982168,0.862368399725663,1.45571479923272,NA,0.125672754388852,0.357988624782482,0.53137690316757
"101","244381",2023-08-27 22:00:00,-27.8906189384808,38.4097510978184,-3104.76949814092,4610.92256912153,0.619612039241655,0.533621191037044,-0.921326708404715,-1.58541870228036,0.557000895109119,0.430615202834884,2.47099135515961,NA,0.128630589147096,0.35767824308283,0.532113380951332
"102","244381",2023-08-28 04:00:00,-27.9591649363577,38.4795636172195,-3112.40000372049,4620.80434825389,3.38370210402499,2.69770045350637,-0.298635591368848,1.03150451849235,1.2364846250135,0.997204393093908,2.08076656103179,NA,0.133383066588335,0.355587579684768,0.533296416448536
"103","244381",2023-08-28 10:00:00,-27.9253342042347,38.4765711260337,-3108.63398384739,4620.38057117166,0.734527340468093,0.566959028535599,0.7831182084989,-0.133483698660877,0.845443991500007,0.734016687013639,0.631607974219104,NA,0.141522651523682,0.350424719116749,0.535321728640577
"104","244381",2023-08-28 16:00:00,-27.9198696037683,38.4659340647043,-3108.02566730608,4618.87436347563,5.04647170686143,4.07375604072076,0.0438741964807944,-0.338016871583018,1.32530860401366,1.01005429045561,0.27070746308889,NA,0.151184107177667,0.344088980673573,0.537724200131441
"105","244381",2023-08-28 22:00:00,-27.9320335149503,38.447332296295,-3109.37974770492,4616.24089163032,2.53397313500666,0.399703544415689,-0.258695799925028,-0.425683944450443,0.908866300635002,0.736139489951882,0.493546904837816,NA,0.160891263855679,0.337887350423409,0.540136272669216
"106","244381",2023-08-29 04:00:00,-27.962588515334,38.4444355477733,-3112.78111478882,4615.8308575016,5.63762972208323,4.21453184111364,-0.581400910989108,0.0131256798673276,1.56864071308113,1.13287557218873,0.571057395973191,NA,0.170564736783988,0.331893265710402,0.542538106447954
"107","244381",2023-08-29 10:00:00,-28.0203733380352,38.4552939029524,-3119.2136918275,4617.36794082577,4.6738578690491,1.6520570520011,-1.07209621237317,0.256180547046573,0.869185157164319,0.646092760667232,1.10227965393653,NA,0.180244579548811,0.326086225631243,0.544939543983407
"108","244381",2023-08-29 16:00:00,-28.1240719324496,38.4777514454965,-3130.75736655369,4620.54771819675,4.95415773739432,3.70763592155458,-1.85964602358409,0.561906815060292,1.87997737396346,1.33997063675411,1.99557899578371,NA,0.189777540951387,0.320596626642169,0.5473025017192
"109","244381",2023-08-29 22:00:00,-28.1417836974838,38.4826169190485,-3132.72903121835,4621.23675522501,15.7460852823268,11.2030527151546,-0.32861078944815,0.114839503663862,2.27648462916761,1.61924777229076,0.34821200373332,NA,0.19872810673497,0.315770351553505,0.54951916273778
"110","244381",2023-08-30 04:00:00,-28.0954421364251,38.4716564944679,-3127.57031223872,4619.68463158683,22.852549855561,14.7960600887679,0.859786484598432,-0.258687274076967,2.07414054771818,1.40755287526305,0.897737623400834,NA,0.208245278268851,0.310811909290707,0.551873990549928
"111","244381",2023-08-30 10:00:00,-28.0035150642615,38.4479801007675,-3117.33703737536,4616.33259048413,24.367042730241,13.3355356453722,1.70554579855566,-0.558673518162195,1.84745749894037,1.32853424621836,1.79463720892086,NA,0.217908764369997,0.30596685070484,0.554262642514897
"112","244381",2023-08-30 16:00:00,-27.8844702959812,38.4146937738774,-3104.08503438878,4611.62187511886,19.6422665411081,6.68416008933846,2.20866715242354,-0.785119228591822,1.87160007299441,1.48622488832722,2.34408219702289,NA,0.227124710524784,0.301653872923008,0.556538339164041
"113","244381",2023-08-30 22:00:00,-27.7608525402406,38.3768263245489,-3090.32396876674,4606.26549432236,12.6693327970036,3.37088861391943,2.28509749548454,-0.919984062715151,2.15027814667718,1.45982641606351,2.46127063844052,NA,0.235404891627399,0.298176668322585,0.558580948233915
"114","244381",2023-08-31 04:00:00,-27.6708386662213,38.3537310894569,-3080.30367014658,4603.00004263865,8.29929437368962,6.94014031178577,1.31854127089058,-0.302821378688128,2.01615276218778,1.26883784405584,1.75666173420191,NA,0.242627046023599,0.295563969788377,0.560360941549451
"115","244381",2023-08-31 10:00:00,-27.6700221418454,38.374401345117,-3080.21277506883,4605.92257538893,5.84475661750661,4.24364961798373,0.0151491861029849,0.487088765481875,1.1288232923616,0.901128216732197,0.487363762632747,NA,0.249505250042439,0.293355428302471,0.562054722315163
"116","244381",2023-08-31 16:00:00,-27.7004509060574,38.3999269887576,-3083.60008960639,4609.53276516353,6.32833055972576,4.78246760222273,-0.792302391552329,0.628750702594044,1.53425993059443,1.22686561798723,0.825112884378286,NA,0.257192717281412,0.290864608162882,0.563946074741886
"117","244381",2023-08-31 22:00:00,-27.7715691445629,38.4257129144642,-3091.51693570293,4613.1810728728,3.08025360672367,2.89464223645409,-1.33000095132288,0.597033549531896,1.07266674251736,0.831435445877062,1.45280681690923,NA,0.264791781457009,0.288511412991809,0.565813850851797
"118","244381",2023-09-01 04:00:00,-27.8649035726954,38.4594317342361,-3101.90687671613,4617.95374390433,3.28535209134386,2.53796446215372,-1.91943697422421,0.944548017387366,0.8894536471697,0.725173349661438,1.90558238745049,NA,0.27209357499267,0.286388086313152,0.56760680220216
"119","244381",2023-09-01 10:00:00,-27.9193196507606,38.4891578588309,-3107.9644468173,4622.16314178203,1.89180199969407,1.42560771873938,-0.456302701118436,0.489633582101025,0.820105460680957,0.578891568203664,1.22945761559276,NA,0.278768412608391,0.284628656700436,0.569244258056173
"120","244381",2023-09-01 16:00:00,-27.9333521987349,38.4791028296637,-3109.52654291233,4620.73909337058,5.89671047845453,3.63794778864043,-0.288906767792847,-0.489618350593943,1.44235212850657,1.05076736726714,0.352256036230084,NA,0.285315190908985,0.283038538609916,0.570848829226823
"121","244381",2023-09-01 22:00:00,-27.9528962597452,38.4451185946244,-3111.70217783204,4615.9275411411,6.30827084436583,2.31948634457168,-0.36231522738004,-0.771436969944678,1.34923117954277,0.955190437117897,0.8800526909634,NA,0.29223300989354,0.281384482029362,0.572542722623754
"122","244381",2023-09-02 04:00:00,-27.9717437824199,38.4246224240886,-3113.8002744589,4613.02675884522,6.80297076383054,4.55949225939177,-0.349682769905751,-0.48346372239842,1.10928785445657,0.746392637435879,0.596701167907417,NA,0.299040513102182,0.279805549285892,0.574207945527891
"123","244381",2023-09-02 10:00:00,-27.9860788597383,38.4086313736828,-3115.39604796647,4610.76415358362,8.2456186695649,5.96801668774577,-0.23004028665007,-0.354169543719002,1.77556075114458,1.37545512028098,0.461508998637973,NA,0.30581889016928,0.278294084570451,0.575864372956965
"124","244381",2023-09-02 16:00:00,-27.995038837419,38.3969763718902,-3116.3934681194,4609.11538241313,10.114084638072,7.82349302784836,-0.166236699369683,-0.274795199655189,1.38182181442859,1.07432779797881,0.321213704522901,NA,0.31256188841951,0.276832977942564,0.577510465545401
"125","244381",2023-09-02 22:00:00,-28.0098075048065,38.3874143136488,-3118.03750865267,4607.76288896014,6.12118037726476,4.1817791993308,-0.284305657667378,-0.224522743636238,1.50729366341089,1.12287828487583,0.354803053636887,NA,0.319291411853459,0.275409923773391,0.579151554087686
"126","244381",2023-09-03 04:00:00,-28.0298579779653,38.3743788818469,-3120.26951711487,4605.91939888806,10.1262599989031,6.3694237953625,-0.340330594871772,-0.384895046561128,1.95583656464195,1.49067400500878,0.482364358374993,NA,0.325999922630208,0.274021562797216,0.580785779288485
"127","244381",2023-09-03 10:00:00,-28.022531647172,38.3488478527563,-3119.45395370158,4602.30973284668,13.9614474828203,9.53873604344699,0.135927264628175,-0.601610984663573,1.6274572834958,1.20337634541133,0.616678887227254,NA,0.332664832968664,0.272669369874279,0.582407630131133
"128","244381",2023-09-03 16:00:00,-27.9530019587846,38.3218617335146,-3111.71394419527,4598.495735593,11.1209473466488,6.99791313797544,1.2900016134638,-0.63566618671214,1.47235168045212,1.11398394130111,1.4381870138753,NA,0.339303001456043,0.271351280397768,0.584021203726962
"129","244381",2023-09-03 22:00:00,-27.802204831565,38.3005261804152,-3094.92728478011,4595.48135632161,4.00343022263931,1.98562509430905,3.12233605075149,-0.382053405821283,1.62775749322746,1.1229611630424,2.8424173697601,NA,0.345784839666565,0.27008042922399,0.58559504169539
"130","244381",2023-09-04 04:00:00,-27.6120758709487,38.2886605383922,-3073.76222569925,4593.80531384858,5.34543746389602,3.81243823475673,3.52815282622073,-0.497031453597869,1.62850088368474,1.14226979728105,3.53845854558587,NA,0.351275150620704,0.268912058433083,0.586926765429425
"131","244381",2023-09-04 10:00:00,-27.522984437919,38.3247947926389,-3063.84461274033,4598.91020080583,7.59974429744847,3.48870786491996,1.02651723072051,1.45587420508584,1.29607205728848,0.826385302153224,1.85901949717624,NA,0.354880682495283,0.267939690741145,0.587800629221961
"132","244381",2023-09-04 16:00:00,-27.6058258468726,38.4549886319794,-3073.06647620165,4617.32472419574,10.7478547009812,4.44491514968797,-1.9016180187246,2.79404506625395,1.81462502917203,1.36752978162456,3.43289261290266,NA,0.359178127418125,0.267138075633006,0.58884146733333
"133","244381",2023-09-04 22:00:00,-27.7262469680749,38.5014702222857,-3086.47169409464,4623.90715915219,10.9666185291468,6.82703777777252,-2.23420297425168,1.09707254184624,1.43737190085421,0.992554576635209,2.48879325235456,NA,0.363722049518515,0.266344482785659,0.589941137744744
"134","244381",2023-09-05 04:00:00,-27.8713385098376,38.5161843029753,-3102.62321064208,4625.99176842017,6.5338276882548,5.13085399778751,-2.72465889005009,0.294212725304315,1.44994533853905,0.99126328200495,2.71404863708448,NA,0.368777308762664,0.265860282631543,0.591163500118163
"135","244381",2023-09-05 10:00:00,-27.9759276781661,38.4658460353258,-3114.2660236029,4618.86189945176,3.09115385770806,2.44318016661536,-1.53079698613287,-1.74782195840964,1.48254973142473,0.951864994563047,2.27511604738347,NA,0.372925083988992,0.265440244899687,0.592165592308293
"136","244381",2023-09-05 16:00:00,-28.0135438732317,38.3799420437273,-3118.45343928318,4606.70610851232,6.88636250990549,2.02891335994807,-0.465799747202323,-1.53823895513823,1.38752988687138,1.04783312474984,2.14271781751013,NA,0.37701271922392,0.265090341023701,0.59315240556882
"137","244381",2023-09-05 22:00:00,-28.0272987969713,38.3771400774438,-3119.98463038977,4606.30986330126,7.44592992556457,2.99710297820367,-0.21690037761544,0.381161261144473,1.6851420287507,1.00459545658829,0.26394524058641,NA,0.380529541343661,0.264761316821213,0.594000815515763
"138","244381",2023-09-06 04:00:00,-27.9964258443429,38.4152778525539,-3116.54786902389,4611.70451566956,12.606016530411,7.17145939647493,0.630901557859216,0.9354226137557,1.78325906510993,1.18767815830676,1.06597239830802,NA,0.385383548719727,0.264545182108225,0.595170890426475
"139","244381",2023-09-06 10:00:00,-27.9512887177347,38.4633311142488,-3111.523227074,4618.50581985056,12.7524518648521,4.78351946956946,0.837440291979024,1.13355066300165,1.46105942233704,0.92784698917072,1.40927058186466,NA,0.39033828163796,0.264263777781636,0.596364131061263
"140","244381",2023-09-06 16:00:00,-27.9301904690951,38.5044696196798,-3109.17458077881,4624.33206227669,11.2210681303696,3.71972223212067,0.171054843203197,0.878668667693973,1.75786128785914,1.3105578491134,1.04688703819049,NA,0.394890258207544,0.263911095692534,0.597459373024902
"141","244381",2023-09-06 22:00:00,-28.0095009316791,38.5336552143989,-3118.00338108823,4628.4675080975,4.1839809827989,2.50617961750053,-1.47146677934259,0.689240969997661,1.44787341556171,0.584257563208281,1.62471550503943,NA,0.399288083477304,0.263518752602092,0.59851660250697
"142","244381",2023-09-07 04:00:00,-28.1774324423143,38.5638312098438,-3136.6974313403,4632.74506738706,4.50997776003333,3.29084416862258,-3.55171969771005,0.593250251673245,1.4885163575367,1.03244219584256,3.19612589551052,NA,0.403864330461671,0.263095031607344,0.599615751937323
"143","244381",2023-09-07 10:00:00,-28.2931138887166,38.5580024464209,-3149.57503104802,4631.91867749541,7.46644251350809,3.298103748997,-1.22329431787678,-0.432403816700971,1.59141815021584,1.19248681730771,2.15068775097519,NA,0.407159749688105,0.262478154048017,0.600406644970121
"144","244381",2023-09-07 16:00:00,-28.1572731472635,38.4914970563444,-3134.45330888049,4622.49446049504,10.0378772115359,6.35755741127855,2.52028693332366,-1.57070281103945,1.40482363212475,0.978507465081577,2.96966179274333,NA,0.410376013656813,0.261969692590648,0.601178036441549
"145","244381",2023-09-07 22:00:00,-27.9779136580237,38.4249976520468,-3114.48710186938,4613.07985665306,5.30926986584953,1.84611598064411,3.32770107392046,-1.56910061797665,1.28642846437707,0.91226707597402,3.67907641563566,NA,0.416374605211868,0.261868148927353,0.60261540009518
"146","244381",2023-09-08 04:00:00,-27.8841955595738,38.39182365908,-3104.05445087181,4608.38654094441,4.07088607204256,2.1345775224446,1.00726348613164,-0.451022488881026,1.22034925044085,0.803248120072568,1.90664282436824,NA,0.420213918150671,0.26158364263662,0.603534437466006
"147","244381",2023-09-08 10:00:00,-27.8878260090214,38.3963110819727,-3104.45859065567,4609.02127546986,3.39990018358419,2.49843958852464,-0.273607416423368,0.218833719337688,1.44035436893273,1.13673862484747,0.125438927223306,NA,0.42451420293147,0.261607024963939,0.6045629527673
"148","244381",2023-09-08 16:00:00,-27.8984969422026,38.3945710443015,-3105.64647350369,4608.77514686367,4.84826824022234,4.55910348721668,-0.0363827630569016,-0.183647142416029,1.04969079622407,0.86694100557899,0.202191872116345,NA,0.429754141341033,0.261813527287547,0.605814958126245
"149","244381",2023-09-08 22:00:00,-27.8288053450143,38.3346909607079,-3097.88844039212,4600.30873498377,2.90225499053328,3.16074074916546,1.85459172153039,-1.9751180148827,1.27358549464934,1.03114668382952,1.91390242633915,NA,0.434996550452154,0.261960865119522,0.607066165227778
"150","244381",2023-09-09 04:00:00,-27.76596896409,38.2450248122565,-3090.89352646433,4587.64406673693,3.89063558709354,3.11668468686136,0.135067656492991,-1.63791186178813,1.00063530083594,0.829639052571695,2.41151214404004,NA,0.440305837246439,0.262066423248984,0.608331903226821
"151","244381",2023-09-09 10:00:00,-27.917960004129,38.2100550898411,-3107.81309164662,4582.70912734562,1.01575913418477,0.696882368093157,-4.28064149873443,0.0132303873281469,0.96533827832405,0.807804943231871,2.93724510986257,NA,0.44445601851502,0.261912147883605,0.609320297043814
"152","244381",2023-09-09 16:00:00,-28.0509678343926,38.2280010544394,-3122.61945558308,4585.24136929423,9.23268890974111,7.29132508546806,-2.35385082139562,0.443205484918082,1.61781355494503,1.28332150950646,2.50356939305577,NA,0.450598648575778,0.262415965303204,0.610781558580968
"153","244381",2023-09-09 22:00:00,-28.0928916564432,38.2556488056089,-3127.28639410586,4589.14380237122,11.2032202938057,8.28709611568178,-0.724630010250031,0.652733089596016,1.47068066541897,1.10020859342302,1.01389717184603,NA,0.456427523954998,0.263001193025123,0.612166344118587
"154","244381",2023-09-10 04:00:00,-28.0850577469071,38.2856596105069,-3126.41432728538,4593.38147136572,13.4424975004704,9.03580963852968,0.319222607829345,0.733497315377143,1.84603903403706,1.45267432218811,0.720989803114437,NA,0.462798452216269,0.263890851669452,0.613677836465295
"155","244381",2023-09-10 10:00:00,-28.0426113092073,38.3200130178582,-3121.68921145466,4598.23450565676,12.5251123801092,8.87689681398827,0.787519276210683,0.808839030573809,1.52011082951957,1.16319905069004,1.12878928125998,NA,0.46922795779059,0.264836666818846,0.615201008083909
"156","244381",2023-09-10 16:00:00,-28.0131601510207,38.353007752127,-3118.41072352205,4602.89778642356,8.92252989865734,6.95048493656533,0.387602878880492,0.754833478150375,1.72141874365785,1.30751264036486,0.95001135791151,NA,0.475475357648014,0.265732737825046,0.616678878663597
"157","244381",2023-09-10 22:00:00,-28.0321702266828,38.3850169334404,-3120.5269154647,4607.42382276351,5.36553324893675,5.09630650539551,-0.602879789727901,0.784242081096223,1.82087722519297,1.39816609859882,0.832724689103657,NA,0.481581491369572,0.266598791883476,0.618121251319501
"158","244381",2023-09-11 04:00:00,-28.1094022398815,38.4177589080564,-3129.12434384691,4612.0555645719,5.52366160560411,4.72285445474027,-1.43290467493863,0.771956957424366,0.955190788893073,0.818433779003749,1.62766242102919,NA,0.487701694664109,0.267487901839324,0.619564861081735
"159","244381",2023-09-11 10:00:00,-28.139978491081,38.4269992349164,-3132.5280765608,4613.36310160717,2.46728497234104,1.57602902973343,-0.13609858068166,-0.0189800589310447,1.01505497261668,0.862235464768194,0.607669007688841,NA,0.493546261271219,0.268249249353617,0.62094148432575
"160","244381",2023-09-11 16:00:00,-28.1123918775237,38.4199763610556,-3129.4571487869,4612.36932617989,4.09646806816575,3.0340709978404,0.583205027407159,-0.37056806023009,1.19509510585001,0.933931467185447,0.537866461726435,NA,0.499662488851523,0.269193909403487,0.622380011551415
"161","244381",2023-09-11 22:00:00,-28.0437055520769,38.3526220508593,-3121.81102201369,4602.84326131386,3.98599225752552,2.08409656884776,1.5922344085142,-2.00982367950222,1.58914775896316,1.21407013121206,2.03591442831743,NA,0.505985086561321,0.2702525635308,0.623864814445691
"162","244381",2023-09-12 04:00:00,-27.9367731381717,38.2441911398537,-3109.90736014847,4587.5263907549,9.01553850776838,6.96805244818774,1.9839436581875,-2.55281170563651,1.36554248603766,1.08967164872164,3.2330687637711,NA,0.512003459398771,0.271139427667668,0.625276014557051
"163","244381",2023-09-12 10:00:00,-27.8092633696546,38.1501337287764,-3095.71303764598,4574.25855837851,4.89125313941177,4.2358673886193,2.36572043106606,-2.21130534187467,1.24814328710053,0.952497476375793,3.23832496306102,NA,0.516138975293176,0.270986685285808,0.626244487286549
"164","244381",2023-09-12 16:00:00,-27.675435329149,38.1067123584452,-3080.81536832305,4568.13931777975,8.10276466552558,5.44846262785783,2.4957826317439,-0.59520223326306,1.63935359123392,1.10561713875698,2.68444911993044,NA,0.518641887535143,0.270049947912954,0.62683013939683
"165","244381",2023-09-12 22:00:00,-27.5778374932518,38.1971702716717,-3069.95082692844,4580.89142011183,10.870536009602,2.52630343768399,1.52850294982361,2.92962468867679,1.70985163623503,1.08173321849474,2.7916810450499,NA,0.520771265780974,0.269044888048306,0.627328096355219
"166","244381",2023-09-13 04:00:00,-27.5113301144582,38.3327686024781,-3062.54725938714,4600.03705075212,16.0368282612145,7.58681542162275,1.22389199698531,3.00427531794638,2.12450587139676,1.61591990215554,3.42070883612737,NA,0.524235332641936,0.268888835617354,0.628137594222877
"167","244381",2023-09-13 10:00:00,-27.4385642064863,38.4013099278795,-3054.4469955646,4609.72839624815,19.3573413460162,11.7106365387406,1.35004395470741,1.61522419433935,1.93537382487656,1.34018698803724,2.10478002841722,NA,0.525477264832293,0.267474908451676,0.628427639489415
"168","244381",2023-09-13 16:00:00,-27.3621461285961,38.3877375909622,-3045.94017404647,4607.80861157327,22.1952146561551,13.8358418942583,1.43466055844754,-0.842549405991753,2.06492271515791,1.48447658097337,1.45401128926784,NA,0.527160243706782,0.266576320709189,0.628820540714272
"169","244381",2023-09-13 22:00:00,-27.3280779231592,38.3168631716552,-3042.14771876499,4597.7894369303,23.1672336993346,14.5524033651687,0.254216416526745,-1.61732654178142,2.12644590839396,1.63023796464573,1.78611289046028,NA,0.529755939675327,0.266223071645769,0.629426186972793
"170","244381",2023-09-14 04:00:00,-27.4292401277583,38.2690756764334,-3053.40904386848,4591.03952241061,20.546825671956,13.6562801143125,-1.87688753272043,-1.12498571402954,1.9438467622791,1.40792740977931,2.18770963078127,NA,0.532222530507941,0.265705673413814,0.630001332575913
"171","244381",2023-09-14 10:00:00,-27.6522402234369,38.268198439719,-3078.23330096628,4590.91565586847,17.2573157265675,11.3384291979807,-4.95182300960809,0.415264999043683,1.97677043373264,1.44257686032438,4.13703390727924,NA,0.535116992376412,0.265427352269963,0.630675776381391
"172","244381",2023-09-14 16:00:00,-27.9842498156698,38.3319700286816,-3115.19243971213,4599.92419155762,11.7592770453492,6.46037450211003,-6.36611399491467,1.82809825053647,1.96839263446224,1.49734551217184,6.34045336487758,NA,0.536526993783141,0.264190455189525,0.631004138769354
"173","244381",2023-09-14 22:00:00,-28.3057512632424,38.4417749384381,-3150.98181714521,4615.45426344226,5.94943403608062,2.55395530883233,-5.45200522913321,2.49422650750482,1.82785446351954,1.15144917066012,6.50314407322259,NA,0.532903406323675,0.260108445337728,0.630160030439422
"174","244381",2023-09-15 04:00:00,-28.5114938641886,38.4668612305945,-3173.88497871701,4619.00564123742,5.836286558671,3.15073272022292,-3.08709937931722,-0.3914966022447,1.33825533011435,0.868583561246318,3.8630128114138,NA,0.523518134872193,0.253943882438424,0.627970055235289
"175","244381",2023-09-15 10:00:00,-28.5780439435253,38.4092835826433,-3181.29329966103,4610.8564260399,3.9427021653695,1.49117562510626,-0.799970450155965,-1.06473794593306,1.2304299329044,0.717587673353353,1.83539248768913,NA,0.515447404456632,0.250120006250183,0.626082602478356
"176","244381",2023-09-15 16:00:00,-28.5724600368239,38.3917820134785,-3180.67170201039,4608.38065046628,5.52980244407877,3.06970905336316,0.321943641763286,-0.246443422830435,1.27504562235464,0.841853376210648,0.425420468806359,NA,0.509460519856278,0.247985430500266,0.624679999216565
"177","244381",2023-09-15 22:00:00,-28.4685827602244,38.3830749324756,-3169.10813647435,4607.14917005581,3.63607787742708,1.49526602459936,2.6118202617358,-0.251632838273273,1.26553473301427,0.884062697086077,1.93841272678714,NA,0.504171529502298,0.246500015427456,0.623439154164154
"178","244381",2023-09-16 04:00:00,-28.2990006271676,38.4390760257339,-3150.23033977482,4615.0722620588,3.21755205758316,2.43477174784888,2.99801187863581,2.11413537700354,0.93606551637612,0.673598428947574,3.41206714350021,NA,0.498827378874199,0.245280014127631,0.622183721338732
"179","244381",2023-09-16 10:00:00,-28.4878213876665,38.4583775992345,-3171.24977068476,4617.80450417131,1.52909361721933,1.6410832837479,-4.88293381274169,-1.39591207995606,0.835752139274754,0.800669794988461,3.53274615415527,NA,0.492343354299384,0.24423186782321,0.620658311151497
"180","244381",2023-09-16 16:00:00,-28.6362758901975,38.3851714339268,-3187.77565031249,4607.44567372947,7.39723924927336,5.81332729114883,-2.54375680914844,-1.7261109495716,1.34891176684536,1.027603060504,3.25060040617394,NA,0.492094389957704,0.244586952370656,0.620599692834964
"181","244381",2023-09-16 22:00:00,-28.7545898693459,38.3632064249535,-3200.946302225,4604.33963996415,4.4200686648148,3.14109913528791,-2.2799706789868,-0.359166179392869,1.20401491109225,0.983222920810585,2.25549386735178,NA,0.49164124963323,0.245041881540213,0.620492992527087
"182","244381",2023-09-17 04:00:00,-28.9094703948624,38.4110198090633,-3218.1875234593,4611.10206594287,7.93894871836488,6.37229818855335,-2.9861228335978,1.65864308673357,1.71652751498907,1.33641000260479,3.08689014412851,NA,0.491247617777683,0.245630728700201,0.620400295135975
"183","244381",2023-09-17 10:00:00,-29.0572703973497,38.4987919348506,-3234.64054447543,4623.52776045014,6.00840982648738,4.58462251005226,-2.74217016516781,2.07094895875845,1.00503996259029,0.809837617572042,3.43638775926688,NA,0.490112350267313,0.246138186047601,0.620132898837781
"184","244381",2023-09-17 16:00:00,-29.1545566767901,38.5254863158298,-3245.47040356391,4627.30984759551,1.84366537030144,1.65108686808267,-1.3116502178598,-0.236339553643772,1.7309073602354,1.3049733420099,1.91170204212743,NA,0.487166714448726,0.246674800635422,0.619438755911227
"185","244381",2023-09-17 22:00:00,-29.1875785500373,38.44247368681,-3249.14638167883,4615.55316592925,4.46786446544052,1.26943332857625,-0.62277491044235,-1.98680927832034,0.854290158568384,0.52715370591421,2.05299664388186,NA,0.484863207113584,0.24753010157751,0.618895590829717
"186","244381",2023-09-18 04:00:00,-29.2205392272247,38.3321970133626,-3252.81554747953,4599.95627025404,6.05147875904198,2.78120172281631,-0.537824839524297,-2.99241048292981,1.40311634252476,0.7592775494658,2.67039254169631,NA,0.483690851780222,0.248420217777002,0.618619036084022
"187","244381",2023-09-18 10:00:00,-29.2412672150402,38.2334359278259,-3255.12297652832,4586.00837428661,8.71229657818528,3.45966855181583,-0.361649534250952,-1.72938676795883,1.66554719045956,1.22637539701079,2.35619958563942,NA,0.48097004109016,0.249437533174497,0.61797690966855
"188","244381",2023-09-18 16:00:00,-29.2866196209506,38.2567336059126,-3260.17158326051,4589.29695060536,8.31986773195366,4.81950535538056,-0.841434514075053,0.548096007213812,1.26360199275474,0.765054518564858,1.00423287632776,NA,0.47721272237106,0.250799183832513,0.617089484090597
"189","244381",2023-09-18 22:00:00,-29.4144055827966,38.3454779674963,-3274.39665146374,4601.83338257059,2.83608597723708,0.616238473976192,-2.69308592576317,2.25283288377293,1.39444305470306,0.839594622665491,3.16075360960335,NA,0.475927546357196,0.252091563174595,0.616785764120374
"190","244381",2023-09-19 04:00:00,-29.4934935421907,38.3201926664642,-3283.20068283138,4598.25989033342,4.61901112044593,2.74015280150974,-1.01509427936544,-1.87035962177598,1.22876223307862,0.79256582179866,1.58365282075531,NA,0.473566390948396,0.253499260283992,0.616227525190726
"191","244381",2023-09-19 10:00:00,-29.5368041199733,38.2210358146924,-3288.0219942961,4584.25847343743,2.44202941975756,1.75568751491347,-0.837053684341799,-2.04216492698696,1.04259402921796,0.646765584787178,2.46793727381707,NA,0.473379807443102,0.254753309491101,0.616183398883876
"192","244381",2023-09-19 16:00:00,-29.4824808849426,38.12464622674,-3281.97475943423,4570.66623799683,6.40051250809589,5.05479975731259,1.56070376082948,-2.36278948434057,1.42066135716283,1.07022180534137,2.47942863964081,NA,0.472595686541475,0.256068347621012,0.615997936292417
"193","244381",2023-09-19 22:00:00,-29.387855407213,38.0762041277508,-3271.4410994373,4563.8420797212,2.87689411884498,1.85123790820953,1.75560990810103,-1.13735962345249,0.903049882523639,0.730603182134389,2.09187974520816,NA,0.471157935528093,0.257632561128111,0.615657787558244
"194","244381",2023-09-20 04:00:00,-29.3987656007049,38.108629204622,-3272.65561662128,4568.40937562604,3.44886817695123,1.93982427807925,-1.26940383735591,1.34886348016207,1.34599054088085,0.87538142966613,0.787654006228252,NA,0.469643201478353,0.259345437435966,0.615299303490294
"195","244381",2023-09-20 10:00:00,-29.4513478627984,38.1020826656339,-3278.50904726228,4567.48708579455,6.00076943839701,2.07072982845079,-0.26484080228707,-1.08134535308346,1.29653869207854,0.7587611294244,0.987332851677116,NA,0.469842625796336,0.260674524223056,0.615346507351451
"196","244381",2023-09-20 16:00:00,-29.4181278769371,38.0780061819887,-3274.81101535204,4564.09585789728,5.95133792606341,2.24377937767684,0.659287378665867,0.324278658445285,1.47863061002525,0.964401872406782,0.836410941980004,NA,0.470245958552023,0.261859727819393,0.615441969829468
"197","244381",2023-09-20 22:00:00,-29.3916986365196,38.1343778214347,-3271.86892576671,4572.03770236164,5.99150543899258,3.13000545996919,0.327908922405451,1.15094521484999,1.63914510696442,1.13372891072647,1.41142360707327,NA,0.47102395380005,0.262858311228466,0.615626083871573
"198","244381",2023-09-21 04:00:00,-29.4069564601995,38.1447548067526,-3273.56741892937,4573.50032416997,8.41085094029228,6.29101192869866,-0.283082169301831,0.243770302312373,1.26330355224701,0.966026994891265,0.373626643137755,NA,0.472304841969459,0.263629350558317,0.615929136294078
"199","244381",2023-09-21 10:00:00,-29.416993291116,38.1091838726209,-3274.68471383618,4568.4875222202,1.7861483790346,0.989391643574528,-0.186215793325865,-0.835466990703445,1.23350933683798,0.934818493543574,0.855996780463804,NA,0.474107611973167,0.264219022989062,0.616355511125932
"200","244381",2023-09-21 16:00:00,-29.4336646870243,38.0551278911552,-3276.54056513951,4560.87444118487,3.45650529072899,2.85368978760267,-0.631643137533973,-1.27284727957179,0.91014157794572,0.718474420274109,1.3060535752253,NA,0.476042963616841,0.264669729886037,0.616813043901389
"201","244381",2023-09-21 22:00:00,-29.4514057121078,38.0436003250476,-3278.51548701795,4559.25166730432,1.43953195542162,1.66855362738386,0.0668078194957582,0.227910056974735,0.587105565989217,0.679038029478069,0.426018645994067,NA,0.477614999352262,0.26512519586428,0.617184533661346
"202","244381",2023-09-22 04:00:00,-29.3806686974838,38.0625263603243,-3270.64107856977,4561.91608411766,5.74753751373254,4.93380386202111,1.46345995141118,0.463819480169393,1.06971501306718,0.888609129251824,1.38546076633496,NA,0.479534295540288,0.265445168852466,0.617637899414093
"203","244381",2023-09-22 10:00:00,-29.2938601917248,38.0818424683816,-3260.97759991215,4564.63613220661,4.81949302328165,4.51140626084893,1.4765706425255,0.423861241565785,1.60688091781427,1.25497593142038,1.67314404990115,NA,0.481719728646012,0.265603640454724,0.618153881332179
"204","244381",2023-09-22 16:00:00,-29.2468959853328,38.0923867680249,-3255.74956837109,4566.12126093825,9.90723035998637,6.48518773256295,0.871338605559117,0.247521457536205,1.45986508054432,0.985991646939877,0.905806008119394,NA,0.48349519474398,0.26579156946797,0.618572873741321
"205","244381",2023-09-22 22:00:00,-29.2092749142081,38.0921246961947,-3251.56160989038,4566.08434639496,9.17169654085053,3.0151714969692,0.697993095499843,-0.0061524216177529,1.32576242603038,0.920362853657431,0.698047901156147,NA,0.485349096250417,0.265918594581343,0.619010187884072
"206","244381",2023-09-23 04:00:00,-29.1539592137541,38.077472417801,-3245.40389428298,4564.02068874669,8.23410529722694,4.27535967092079,1.159522098993,-0.470672250189419,1.46588830557907,0.972094768688668,1.08244863681025,NA,0.487176772274289,0.26596223375961,0.619441126883688
"207","244381",2023-09-23 10:00:00,-29.042469453989,38.0421315250793,-3232.99291099726,4559.04491794473,2.80479998074827,2.29664783210054,2.29278495817006,-0.865725421539825,1.30801902956485,0.838130364842927,2.22857557796467,NA,0.488858926285036,0.265937792719906,0.619837587720023
"208","244381",2023-09-23 16:00:00,-28.9100851170825,38.021058242896,-3218.25595402382,4556.07908754038,3.30202191554247,2.28916997340548,1.96381516249722,0.0234413838131426,1.50891084741048,1.13709061979517,2.50525103505663,NA,0.489911633156263,0.265956378217756,0.620085615152
"209","244381",2023-09-23 22:00:00,-28.9226299680728,38.0825304836557,-3219.65244044814,4564.73303023098,12.4538148067625,1.97424124917829,-0.235606266127529,1.43928760994706,1.90418500635695,0.476165727243433,1.46104453659613,NA,0.490128691981268,0.266152956464581,0.620136748416512
"210","244381",2023-09-24 04:00:00,-28.9661825378896,38.117812136573,-3224.50069034288,4569.70322635725,18.1389618062352,8.72743954569346,-0.808041634672053,0.828366019974843,1.82913128155384,1.38934327569375,1.15744873932709,NA,0.492327110653805,0.265969317031093,0.620654486714552
"211","244381",2023-09-24 10:00:00,-29.0173884527567,38.1214850417975,-3230.20090671149,4570.22077488127,18.0828442937797,10.7447163773724,-0.950036046982493,0.0862580862668225,1.64796395872421,1.17350834542909,0.953899998428517,NA,0.494525786258075,0.265756514044649,0.62117201088682
"212","244381",2023-09-24 16:00:00,-29.0530474112802,38.0879658099601,-3234.17044381655,4565.49855774063,12.4170124233014,6.98893908576462,-0.661589503058851,-0.787036191177001,1.78650781944175,1.17799674073707,1.02778580050025,NA,0.496795307764202,0.265464954173788,0.621705921603346
"213","244381",2023-09-24 22:00:00,-29.0570291143762,38.0214385454349,-3234.61368497769,4556.13260327708,9.20944875256529,1.93126319144258,0.161730176619899,-1.82334481478369,1.68586143897549,0.995813041783958,1.56253015985285,NA,0.499081579489493,0.265088541858788,0.622243474710498
"214","244381",2023-09-25 04:00:00,-29.0318481123117,37.9952696988423,-3231.8105486502,4552.45080631061,7.57419879394364,3.33259709333082,0.551395339337323,-0.210172524363783,1.42187159051334,0.789186054425219,0.771376165145441,NA,0.500978114739085,0.264708623541063,0.622689164248939
"215","244381",2023-09-25 10:00:00,-28.947685059889,38.044631137221,-3222.4415605109,4559.39676767834,3.27723311950663,1.18411978029145,2.03753919741668,1.57553994953316,1.28707008490938,0.829707253547966,1.94345993599603,NA,0.503197527439742,0.264251060231929,0.623210467259934
"216","244381",2023-09-25 16:00:00,-28.844219704334,38.0991993610242,-3210.92384981577,4567.08090636145,4.85198339227801,4.35738383678094,1.73353214174796,0.957925035006224,1.73870219419459,1.31810039821098,2.30746107567267,NA,0.505735174329105,0.263657029367655,0.623806168849037
"217","244381",2023-09-25 22:00:00,-28.7833565495479,38.1128086479676,-3204.14859441691,4568.99822775893,10.8744470176128,7.54359730461696,1.1292092380905,0.319553619362508,1.53004420471817,1.06434823847781,1.17379361272528,NA,0.50740328337295,0.263185961173294,0.624197546469962
"218","244381",2023-09-26 04:00:00,-28.7693834639054,38.1390268704424,-3202.59311763838,4572.69295349245,8.17238758380862,3.78331380221865,0.259246134702865,0.615787675369857,1.2430879370253,0.990294739966893,0.668214066903634,NA,0.509457305951322,0.262682585109948,0.624679245700505
"219","244381",2023-09-26 10:00:00,-28.7959445519234,38.2037303102782,-3205.54988443146,4581.81682761077,2.59498368939301,0.941901838002215,-0.753814006390198,1.95348134527058,1.3528597124106,0.503324336017985,1.59861201239721,NA,0.511612393478647,0.262088946050867,0.625184381008719
"220","244381",2023-09-26 16:00:00,-28.7784676692004,38.2407432070512,-3203.60436674608,4587.03971657678,4.04985064370848,2.97857432303416,0.480507614719229,0.589580848754893,1.63665778661035,1.20317654259433,0.928865759942303,NA,0.513440755490287,0.261443321379608,0.625612720855468
"221","244381",2023-09-26 22:00:00,-28.7703044331373,38.2573811686459,-3202.69563946431,4589.38837229908,11.4825215980224,7.39024426012615,0.151454556468467,0.391442611251719,1.65586806086988,1.08967106950372,0.419704191526987,NA,0.515445198554694,0.260747099054954,0.62608208606956
"222","244381",2023-09-27 04:00:00,-28.7611071345946,38.2553686490007,-3201.67180087386,4589.10425123597,11.4658402564387,4.47918677020605,0.170639774581644,-0.0473535196492273,1.38235286039624,0.969575849469223,0.177144874626536,NA,0.517528966515616,0.259957879693579,0.626569774736559
"223","244381",2023-09-27 10:00:00,-28.735114010886,38.2302642291467,-3198.7782595785,4585.56075633648,9.67885058513285,1.49132178546465,0.61798233455248,-0.782037411683501,1.6035810340507,0.680312025760597,0.762624359971411,NA,0.519671653119205,0.259056542957589,0.627070984625897
"224","244381",2023-09-27 16:00:00,-28.7306738497009,38.2268296808386,-3198.28398309633,4585.07606493548,6.84846542921434,3.94551469067807,-0.0227562397124865,0.0575247686143243,1.45131592963367,0.775861764435576,0.115358963789265,NA,0.521777645871844,0.258047514045338,0.627563345332181
"225","244381",2023-09-27 22:00:00,-28.7991449824057,38.2463643430973,-3205.90615472306,4587.8331493819,1.59605502179462,1.32955625583247,-1.4384243528216,0.180887754456959,1.41969469650155,1.05693124441556,1.35111650700648,NA,0.524014201293153,0.25693005494759,0.62808594073164
"226","244381",2023-09-28 04:00:00,-28.8771648624537,38.2224999486342,-3214.59128804176,4584.46507599181,5.32851636768236,3.94327314540894,-1.44250485127185,-0.664172653941537,1.00087454289961,0.757430946396453,1.55208291009796,NA,0.526310942162826,0.255695718033359,0.628622287581086
"227","244381",2023-09-28 10:00:00,-28.8411285119062,38.299891820353,-3210.57973984876,4595.39174487244,1.1737630372257,0.690176105147555,1.35413165957263,2.72656739413546,1.10484489786799,0.653187095216033,1.93956118930947,NA,0.528537461067962,0.254391381357604,0.629141933431622
"228","244381",2023-09-28 16:00:00,-28.6798990551889,38.3548814889962,-3192.63175882611,4603.16267358895,7.38399588634524,5.87775439996413,3.42069424340484,0.725756585980417,1.54304848726504,1.26244714665954,3.25932773842127,NA,0.532220156112638,0.252955774376795,0.63000077910502
"229","244381",2023-09-28 22:00:00,-28.4944052860055,38.3515651875986,-3171.9826868953,4602.69385810643,4.4372558959727,4.55461246570823,3.44151191976251,-0.0781358240968506,1.01950606446898,0.829068622030105,3.44283143124232,NA,0.535165122742269,0.251580222139177,0.630686987020586
"230","244381",2023-09-29 04:00:00,-28.4387769325565,38.4052501778782,-3165.79016691568,4610.28580617798,3.55666943503976,2.83976646675905,0.106274841915919,1.8189744020103,1.0016404247648,0.866344005388467,1.63301365410287,NA,0.537141790214856,0.250342857119463,0.63114727515621
"231","244381",2023-09-29 10:00:00,-28.7094116085283,38.5161557819796,-3195.91708123587,4625.98772730836,1.81307927468953,1.47602654449764,-7.72835431282355,2.28631690262438,0.851547689522048,0.627660431525737,5.66232766770116,NA,0.540523619525604,0.249218996457901,0.631934216573718
"232","244381",2023-09-29 16:00:00,-28.9237990469788,38.5765952188969,-3219.78258171665,4634.55495795356,3.79490522134954,2.44437644947397,-1.14887878407491,1.26249127155431,1.16526157210497,0.748899135853651,4.22591531296663,NA,0.544668891844421,0.248111846434951,0.632897851006142
"233","244381",2023-09-29 22:00:00,-28.8387565148398,38.7028114291935,-3210.31569034317,4652.46945213328,1.31887975306728,1.6254595415043,1.34300412192235,3.95178432767937,1.1330639537737,0.668356525381995,3.37682528104265,NA,0.54776238457071,0.247602330084693,0.633616291480714
"234","244381",2023-09-30 04:00:00,-28.8431975728335,38.8840296277754,-3210.81006665761,4678.24649492606,8.96900617507032,4.11436216965008,-0.0703106169849285,3.67270119485923,2.05826031819855,1.38245579865846,4.29692711606918,NA,0.554843641996981,0.247754256923736,0.635258621141491
"235","244381",2023-09-30 10:00:00,-28.815096550719,38.9367822371456,-3207.68187518506,4685.76263629755,16.2763139481949,9.61856001024255,0.521365252539805,1.25269029093185,1.90741742556106,1.31958954099471,1.35694955050336,NA,0.55867303670533,0.247950426561023,0.636145451021103
"236","244381",2023-09-30 16:00:00,-28.7698543497927,38.9333998196328,-3202.64553641557,4685.28054365732,17.783297198734,9.40449487979207,0.83938980202718,-0.0803487110229001,1.65163709649933,1.12194111229269,0.843676839478679,NA,0.565924990010371,0.249255676567001,0.637822357166034
"237","244381",2023-09-30 22:00:00,-28.7222204798532,38.9196571190452,-3197.34295826939,4683.3220484172,13.4884060661142,3.77461548636265,0.883763031477196,-0.326415811005038,1.72731252081434,1.26514283627248,0.942412712721719,NA,0.573672825636402,0.25096458485904,0.639610227841678
"238","244381",2023-10-01 04:00:00,-28.67575370828,38.927889122697,-3192.17030091905,4684.49515908533,11.737210298362,5.18613251988082,0.878252786143841,0.337298988678946,1.76558773404669,1.12717045599713,0.883995957628443,NA,0.581309789800127,0.252931916926859,0.641368733231786
"239","244381",2023-10-01 10:00:00,-28.5897642583682,38.9295848177228,-3182.59799914128,4684.73682300228,8.39045140443334,3.59962947551182,1.92797414620475,-0.195453109693959,1.60285566276465,1.02020887273491,1.59571703401613,NA,0.588928063663112,0.255170503528135,0.643119155943621
"240","244381",2023-10-01 16:00:00,-28.4200672051562,38.8967801856303,-3163.7074095886,4680.06266627432,7.01052763987359,3.84526449200665,3.80640277612444,-1.46620364601142,1.80694795325571,1.18349971878766,3.24306470702526,NA,0.596250905090702,0.257548016780686,0.644798104753718
"241","244381",2023-10-01 22:00:00,-28.1436990802112,38.7361472372187,-3132.94225064823,4657.20628727077,6.96357194516553,2.91534296507683,5.16030952634867,-3.79599264711216,1.31141492985194,0.766799751317212,6.3879758654138,NA,0.602446679368612,0.259647231950777,0.646215868214145
"242","244381",2023-10-02 04:00:00,-27.8491771639149,38.5959209560966,-3100.15622089867,4637.29589519469,9.28857010600617,4.09799035228005,5.231976887268,-3.00473366395598,1.62772821526212,1.1926534054905,6.39307581715609,NA,0.603995563292657,0.259755282723046,0.646569895233876
"243","244381",2023-10-02 10:00:00,-27.6320340132431,38.5062225850298,-3075.98395593664,4624.58040057055,10.60181869248,6.44304499368103,3.56151715633477,-1.92863113472809,1.55580312239082,1.10411727631813,4.55207764620123,NA,0.600090978264212,0.258205501788104,0.645677120343037
"244","244381",2023-10-02 16:00:00,-27.5312100020653,38.4612358341451,-3064.76027835259,4618.2091654267,9.28110089573949,5.66066501497566,1.33834660050258,-0.72657085011549,1.63520673915216,1.20163772669299,2.15111265394834,NA,0.595297201574718,0.257299057694885,0.644579644539453
"245","244381",2023-10-02 22:00:00,-27.5783488377982,38.5157629318796,-3070.00774954297,4625.93206492854,3.05685738967747,0.549386356437181,-1.1060717784894,1.61070837068637,1.4131481167728,0.968012437965766,1.55622792994401,NA,0.591836002776637,0.25745578108595,0.643786299012372
"246","244381",2023-10-03 04:00:00,-27.6967019677092,38.6081671671232,-3083.18275969845,4639.03314007793,7.46002804422294,5.52578422767721,-2.37399959778269,1.89587621406433,1.88659576981677,1.41419286928485,3.0970091304449,NA,0.590810818637707,0.258537685683627,0.643551163506771
"247","244381",2023-10-03 10:00:00,-27.8209826364978,38.6289231493389,-3097.01762046344,4641.97826213434,12.6568895283686,9.63465348043256,-2.30581010169374,0.490853687196791,1.59316684293869,1.23756105329209,2.35757922611963,NA,0.588370613719526,0.259135598876239,0.642991201551536
"248","244381",2023-10-03 16:00:00,-27.9055894100812,38.5904550592475,-3106.43600341641,4636.52060068197,10.2867253466293,7.69409702515222,-1.56973046635805,-0.909610230932035,1.39176135189753,1.07895984521118,1.81412676630539,NA,0.586329820128869,0.260046997223716,0.642522593622371
"249","244381",2023-10-03 22:00:00,-27.9288628303648,38.5063097808157,-3109.0267887114,4624.59275354242,5.33251456684715,3.36604503657081,-0.0140017827438243,-2.30447972702256,1.59207734961028,1.17153582243483,2.03439192113773,NA,0.584540783615667,0.261075699976805,0.642111569945194
"250","244381",2023-10-04 04:00:00,-27.8693036535523,38.3881898498448,-3102.39669147656,4607.87257699509,4.35694846188581,2.45471333693332,1.63051793232413,-2.86706823015816,1.2188710721574,0.892966897105329,2.99794763900683,NA,0.582376264219085,0.262018274566241,0.641614001217281
"251","244381",2023-10-04 10:00:00,-27.7750332587999,38.3645907933963,-3091.90255913585,4604.53537303507,2.7458862085609,2.09060070520086,1.57428600141388,0.684341291514626,0.945580342500235,0.689412849657824,1.83529357494096,NA,0.578802867049722,0.262741803250734,0.640791899564977
"252","244381",2023-10-04 16:00:00,-27.7386143174955,38.4529338460195,-3087.84842113461,4617.03383685912,5.62991118776185,3.83086112173749,0.375328118209043,2.32306985921249,1.49579108073107,1.17051691651604,2.18985610664287,NA,0.576677781885752,0.264019996981348,0.640302606265112
"253","244381",2023-10-04 22:00:00,-27.7471757280636,38.55071528821,-3088.80147299952,4630.88561446585,1.75392648516533,2.37647051563315,-0.158841972720036,2.30862957461611,0.839750146493388,0.65621646367471,2.31407423700171,NA,0.575547317741419,0.265476643314021,0.64004220193949
"254","244381",2023-10-05 04:00:00,-27.7683347307795,38.6276435565384,-3091.15688240755,4641.79667241871,7.94946320215769,6.70578767696579,-0.437141877583486,1.7300592695506,1.57348242063709,1.23892693389719,1.8604000292366,NA,0.573462741087101,0.266852970108406,0.639561800045398
"255","244381",2023-10-05 10:00:00,-27.8097300259743,38.6741552385774,-3095.76498558987,4648.3993440321,6.95356227913746,5.5299276029502,-0.768017199415081,1.10044526480045,1.10986134727708,0.905524270576187,1.34196756766461,NA,0.570941125509589,0.268296587131746,0.638980306576662
"256","244381",2023-10-05 16:00:00,-27.8674974357184,38.6967439016043,-3102.19562422703,4651.60752933309,2.5649433046475,1.86827529104144,-1.14291117046182,0.403830607945945,1.60227609734295,1.286975122276,1.1977503180208,NA,0.568411262991725,0.269816547247277,0.63839650161639
"257","244381",2023-10-05 22:00:00,-27.9365504563722,38.6817515990261,-3109.88257132395,4649.47811341613,0.697663486951132,0.584608704411957,-1.28115780893246,-0.354902642443536,0.398789388410749,0.288786932055831,1.32940155293301,NA,0.565828179572646,0.271350488726799,0.637799993172696
"258","244381",2023-10-06 04:00:00,-27.8672577457132,38.5917216050395,-3102.1689420577,4636.70024495185,5.64152891739301,3.54450851111175,2.22749576345474,-2.77333038227004,1.28656746883546,0.79711866138505,2.48766711948644,NA,0.563225780281458,0.27288518807535,0.637198594560253
"259","244381",2023-10-06 10:00:00,-27.7565364208022,38.5437672521916,-3089.84350054865,4629.90072535251,4.97648732023588,1.41058346139542,1.22660339170333,0.110175130081175,1.10343621747325,0.668749844643694,2.346093984685,NA,0.561180758244737,0.274445293407184,0.636725700913099
"260","244381",2023-10-06 16:00:00,-27.7138385821443,38.5808100249821,-3085.09039889129,4635.15267350069,0.829288809132896,1.26648665433928,0.975129249695945,0.708072119847701,1.37066119173775,0.71395394988403,1.1802478380246,NA,0.558846361773242,0.276138473318142,0.636185568659981
"261","244381",2023-10-06 22:00:00,-27.5808908745255,38.5732460112311,-3070.29072777702,4634.08002098358,0.760984248605702,0.414931688212931,2.68752548132262,0.581015635219675,0.910947531910322,0.338983449665585,2.47314840193394,NA,0.557847225028479,0.277901789317761,0.635954283521264
"262","244381",2023-10-07 04:00:00,-27.4879323629913,38.5746572422003,-3059.94263360813,4634.28013895551,5.47461153095722,5.02402376926847,0.960420901514531,-0.0723082371964461,1.63072147385325,1.33667703913125,1.72495229490815,NA,0.556662946940762,0.279622498636342,0.635680059562849
"263","244381",2023-10-07 10:00:00,-27.5500079547816,38.5692009610099,-3066.85285687693,4633.50643928497,9.96970254249324,8.10144649118091,-1.15170380983728,-0.128949903935276,1.37582553124328,1.08610086698409,1.15882430135198,NA,0.555360582044788,0.281404443241005,0.635378390412751
"264","244381",2023-10-07 16:00:00,-27.6355183791417,38.5709258244957,-3076.37183377421,4633.75101820693,4.83168814860501,3.78963257403744,-1.58649608125195,0.0407631948135569,1.26766172808426,1.0322259171054,1.58702659458077,NA,0.555387494218944,0.283124064460386,0.635384625205854
"265","244381",2023-10-07 22:00:00,-27.6594993220931,38.5864155714985,-3079.0413801323,4635.9476693288,4.26767323185109,3.09037341163532,0.0753771972548034,0.493419750421969,1.40412474658031,1.02276492411698,0.576323105805389,NA,0.555086045357684,0.284795257143976,0.635314785395994
"266","244381",2023-10-08 04:00:00,-27.6054310056934,38.5867127432567,-3073.02252268263,4635.98981688685,7.91472395520127,5.84577584235758,1.23287343020252,-0.233183926852699,1.43275770322629,1.13173821472275,1.00306651427749,NA,0.555082827733175,0.286422542806521,0.63531403990454
"267","244381",2023-10-08 10:00:00,-27.5660790948009,38.5598928297638,-3068.64188800034,4632.18668469026,1.51455282485992,0.946441750239076,0.73010570254616,-0.633855344239684,1.17744618568792,0.871187143111918,0.966989853460635,NA,0.555319894246034,0.28796036719082,0.635368964108985
"268","244381",2023-10-08 16:00:00,-27.6802733405614,38.559799217438,-3081.35393328992,4632.1734127298,6.6531117018605,5.06685054914882,-2.49939786680794,0.0832960228277423,1.27749134835164,0.974904584875306,2.11853535178208,NA,0.555527537259185,0.289435397142079,0.635417068502319
"269","244381",2023-10-08 22:00:00,-27.8189241564822,38.6181341554433,-3096.78847151629,4640.44727558038,4.48198421459299,3.28752030167175,-2.14405858252917,1.77490998106148,1.26043870308019,0.987721447321717,2.91880613603617,NA,0.556517212574322,0.290820299697565,0.635646308139324
"270","244381",2023-10-09 04:00:00,-27.8856624608327,38.6937795189623,-3104.217745573,4651.18645067994,4.63774520484169,3.49842969169107,-1.04840032185128,1.37151959562968,1.30911364505347,0.994231114671662,2.17643359562788,NA,0.556620089595022,0.292258728660407,0.635670134132945
"271","244381",2023-10-09 10:00:00,-27.9806929970941,38.7464067789533,-3114.79649647943,4658.66456024883,6.29021176223888,4.31923161905714,-2.30249536228133,1.49105017360463,1.64216627798556,1.259923446223,2.15909190226214,NA,0.556395702202253,0.293854200154299,0.635618165863724
"272","244381",2023-10-09 16:00:00,-28.1862457983528,38.8202995789797,-3137.67852964668,4669.17379831604,9.55389070459616,6.2866019138529,-3.81367213963482,1.75153957637948,1.35171633200767,0.945088007349359,4.19688277814562,NA,0.555654372056742,0.295546459520579,0.635446450828086
"273","244381",2023-10-09 22:00:00,-28.344552974709,38.8088842741091,-3155.30120390757,4667.54956475683,4.34533602074846,1.00502517285034,-2.93711232190653,-0.27070569469103,1.29379812327396,1.03244734758324,2.9494574056536,NA,0.552647558870975,0.297447287006642,0.634749626482508
"274","244381",2023-10-10 04:00:00,-28.3808397846002,38.677503986677,-3159.34063310717,4648.8748900357,6.74298625030352,5.27217698676829,-0.0525655822074077,-3.85532036285393,1.54717849815484,1.0924787691973,3.18417268027855,NA,0.550263867981798,0.299736930230335,0.634196808232297
"275","244381",2023-10-10 10:00:00,-28.4962706962782,38.6346717279648,-3172.19034341697,4642.79409537712,2.93353772553845,1.54311456115412,-2.1416185162479,-1.01346532551909,0.907750953160625,0.766809587319814,2.36933551728019,NA,0.548650462374465,0.302125569570663,0.633822431325899
"276","244381",2023-10-10 16:00:00,-28.7557806058421,38.7537983512799,-3201.07885440544,4659.71531609818,5.01315296551787,4.232908514679,-4.03486840233074,2.24655490415153,1.74285245986783,1.28155618600236,5.58068438181846,NA,0.548242720560092,0.304682830615173,0.633727792730754
"277","244381",2023-10-10 22:00:00,-28.8270896666836,38.7445587802921,-3209.01694274726,4658.40187341533,11.4114589433991,4.27422713388881,-1.32301475012628,-0.218907046580242,1.62390834337851,0.756147252506308,1.34090032158368,NA,0.547184699305039,0.307383436056524,0.633482173411764
"278","244381",2023-10-11 04:00:00,-28.8502155509194,38.7110179443335,-3211.59130440453,4653.6353461802,17.0280839647052,8.2229430995174,-0.200467353967606,-0.92943229083015,1.92974264621228,1.50129037735885,0.902873655500589,NA,0.552021488611316,0.310221411479791,0.634604464522922
"279","244381",2023-10-11 10:00:00,-28.829846162407,38.6571919830685,-3209.32379444755,4645.99078580349,17.688210466828,11.1087900040899,0.37791830780985,-1.27409338388471,1.67476008410641,1.23402338267424,1.32894052898277,NA,0.556967309361136,0.313203934160707,0.635750544224961
"280","244381",2023-10-11 16:00:00,-28.8122907649233,38.6042178733082,-3207.36953653901,4638.47286144898,12.5730588996812,8.56507382301803,0.325709633072771,-1.25298738018573,1.72967235900408,1.18407063802421,1.29460017173175,NA,0.561680762241988,0.316331459547237,0.636841346970676
"281","244381",2023-10-11 22:00:00,-28.8284488810741,38.5662064416369,-3209.16824980109,4633.08184216354,4.27604224847041,3.30035896636111,-0.415614068005123,-0.832170202569277,1.86835071738593,1.36319218881762,0.947166257349724,NA,0.566080971254118,0.319614006570643,0.637858388838241
"282","244381",2023-10-12 04:00:00,-28.9095887154804,38.5562575358913,-3218.20069485025,4631.67130086897,7.610978121527,5.80794582379162,-1.73220416940325,-0.111981739668339,1.46208680774752,1.08635385875599,1.52352014593655,NA,0.570470499237636,0.323028249944559,0.638871733302952
"283","244381",2023-10-12 10:00:00,-29.0765218064998,38.5931900314911,-3236.78360153908,4636.90852756212,4.3698003701639,2.48052126615047,-3.09715111112078,0.872871135503136,1.13934942963712,0.903852611699664,3.21790374153757,NA,0.574889066050193,0.326542022099181,0.639890534553582
"284","244381",2023-10-12 16:00:00,-29.2446402038147,38.6378182022169,-3255.49845592115,4643.24066817864,6.89099719297111,3.90785799304712,-2.61421147227403,0.696331308675613,1.53552492189884,0.989244062030479,3.29313219528118,NA,0.578343092647912,0.33008614420931,0.640686062928562
"285","244381",2023-10-12 22:00:00,-29.3284275288063,38.6279391366125,-3264.82561827414,4641.83861852083,5.92594752899662,2.09804142948742,-1.36606693796371,-0.424932869341011,1.34071885949103,1.14202182235,1.57190018603244,NA,0.580370351578517,0.333767954338518,0.64115261977526
"286","244381",2023-10-13 04:00:00,-29.3816160118525,38.5998802381725,-3270.74653312291,4637.85752541333,7.65335393316893,4.31301586397472,-0.949062922078154,-0.610165674310931,1.94411673868718,0.829805196328218,1.18877288696342,NA,0.583383016217975,0.337824696259917,0.641845466263967
"287","244381",2023-10-13 10:00:00,-29.4404686015888,38.6003877034218,-3277.29797344422,4637.92951239343,15.8056400023718,4.00971339668939,-1.20071528440896,0.324607107865817,2.0044896123125,1.41109952271244,1.09164509457906,NA,0.586337402382849,0.341934073238799,0.642524335168011
"288","244381",2023-10-13 16:00:00,-29.5256348945942,38.6601957047652,-3286.77864181434,4646.41723270173,17.7879169095538,8.669370453258,-1.58011139626393,1.41462002689746,1.72518578632028,1.21539290791368,2.12091543712459,NA,0.589293639049661,0.346079436085308,0.643203057284968
"289","244381",2023-10-13 22:00:00,-29.6230170959836,38.7474431791039,-3297.61917888533,4658.81188406657,14.402612605387,5.09965550701711,-1.80675617974247,2.06577520298732,1.98024200680832,1.02847366576988,2.74461798998676,NA,0.59191594797585,0.350193774924284,0.643804632274421
"290","244381",2023-10-14 04:00:00,-29.7223259658468,38.8389126168986,-3308.67419170976,4671.82272873113,20.1557281212968,7.93178730264478,-1.84250213864811,2.16847408627271,3.28471024659109,2.26475024769056,2.84576169001807,NA,0.593247428670782,0.354223951736987,0.644109909233185
"291","244382",2023-08-07 21:00:00,-28.9651,38.6151999999999,-3224.38018277625,4640.03095138026,9.99999999994294e-06,9.99999999996516e-06,-9.03198575690902e-12,-1.96185645554048e-11,9.99999999965133e-06,9.99999999978568e-06,0,NA,0.511544958037199,1.08161434472938,0.625168578804481
"292","244382",2023-08-08 03:00:00,-28.9640644197322,38.5998450982002,-3224.26490250816,4637.85254061714,1.70254837074399,2.08570549554633,0.0548262804996226,-0.215932991127257,0.831238120015538,0.999240295523606,0.363576321030225,NA,0.511544958037199,1.01057846168229,0.625168578804481
"293","244382",2023-08-08 09:00:00,-28.9485771611403,38.6169468629163,-3222.54086876793,4640.27880983636,0.779558657616043,0.970553858411823,0.391977903922338,0.777017011911353,0.675183663331258,0.647136905820424,0.496085263229951,NA,0.511544958037199,0.934156337937029,0.625168578804481
"294","244382",2023-08-08 15:00:00,-28.9308637910637,38.7249868081417,-3220.56902543077,4655.62020356012,1.99204335437122,1.88980054423982,0.416130043223014,2.54310207315014,0.868480823097447,1.10643411849067,2.57793061471577,NA,0.518460481119453,0.849709291313983,0.626787704899307
"295","244382",2023-08-08 21:00:00,-28.8195595475841,38.7464154902801,-3208.17869372348,4658.66579855105,0.952379641178972,0.900396173461088,2.56868252291795,0.322108432187715,0.752485187379531,0.931534779711369,2.12663059563969,NA,0.494736788129865,0.766815813622947,0.621221662017182
"296","244382",2023-08-09 03:00:00,-28.645888434973,38.7502435390723,-3188.84571390212,4659.209964767,3.58179830129809,4.6943554735461,3.28570393104648,0.0167304568634993,0.697422294052327,0.904718645739697,3.22345299302504,NA,0.53215722535415,0.6924032743907,0.629986109837959
"297","244382",2023-08-09 09:00:00,-28.5514022316469,38.7122455354406,-3178.32755786087,4653.8097608183,0.443374924523846,0.538394753706457,1.4034274276051,-1.02694192556977,0.656915925296262,0.886929987265677,1.97052525113161,NA,0.412035672583098,0.675691416742389,0.601575894352859
"298","244382",2023-08-09 15:00:00,-28.5705317542494,38.6444570246735,-3180.4570465761,4644.18296782982,2.18360337239497,2.13194618551399,-0.741098311041184,-1.06950707442728,0.915534819776079,1.12225069847529,1.64316510480377,NA,0.319598580199248,0.715918947786835,0.579226419953327
"299","244382",2023-08-09 21:00:00,-28.6450078069743,38.7154527355731,-3188.74768284173,4654.26545012812,2.18985321267337,2.63593949745694,-1.56172307574612,1.99909643295542,0.814727408096459,1.02943865161428,2.17565807030403,NA,0.297696635679962,0.746501748058891,0.573879343941507
"300","244382",2023-08-10 03:00:00,-28.683977807859,38.7460334443915,-3193.08580349642,4658.61149143608,4.9506468288115,4.95324111298062,-0.432665443331808,0.29295679628203,0.974787588546145,0.983981304197091,1.02351029039831,NA,0.393209218182893,0.728931684489524,0.597055013938429
"301","244382",2023-08-10 09:00:00,-28.69030499233,38.716709914782,-3193.7901424499,4654.44407981731,5.93911994647417,1.23032049372488,-0.286743202150524,-0.650685588111476,1.05200015455482,1.29855174246062,0.704452257477351,NA,0.509598063878966,0.719256718444018,0.624712246533287
"302","244382",2023-08-10 15:00:00,-28.7635582855968,38.7100935261058,-3201.94466175528,4653.5040079658,4.09025646599947,4.26051553888666,-1.35908662186736,-0.156678720165725,0.847270008926942,0.69625485961393,1.36822510111447,NA,0.661632027656492,0.690882071584066,0.659626905480533
"303","244382",2023-08-10 21:00:00,-28.9076816305898,38.6736367381856,-3217.98839913133,4648.32571530077,0.779998514602718,0.65942000385401,-2.97110652764379,-1.1465404501141,0.673462453647513,0.590651139852808,2.80973007620905,NA,0.813999924318244,0.655088810709561,0.692961208322964
"304","244382",2023-08-11 03:00:00,-29.0406531917415,38.6051218471979,-3232.79072560871,4638.60110372219,3.86166891141442,2.80561760806504,-1.74120132473436,-2.23164528177416,1.01220529007907,1.0592038789802,2.95171120635437,NA,0.875769572686602,0.640980373911332,0.705944806235054
"305","244382",2023-08-11 09:00:00,-29.062394261353,38.5029325396608,-3235.21093040717,4624.11431294188,4.58974287697696,2.43491765025754,-0.225956023608481,-1.84672204159216,0.878853431615559,1.02632439271003,2.44795591991015,NA,0.857475611611718,0.671062051575235,0.702132967582254
"306","244382",2023-08-11 15:00:00,-29.0516407742995,38.4601639155228,-3234.01385770412,4618.05740416006,3.39378501616409,4.7669153452871,0.184712831066838,-0.767663445967877,1.05081301148208,1.2257025712782,1.02903963995534,NA,0.901112534705966,0.703415371721175,0.71117807518205
"307","244382",2023-08-11 21:00:00,-29.063391418448,38.4695599349231,-3235.32193342723,4619.38776146817,2.7401789993729,3.43827464556283,-0.235255338999226,0.263960609539682,0.569591367968967,0.76199332787685,0.311053229817132,NA,0.998366092640136,0.721032744468996,0.730737211691622
"308","244382",2023-08-12 03:00:00,-29.0729040145594,38.4968972157807,-3236.38087078247,4623.25936843925,2.94367367425882,3.77249059828848,-0.198274082779777,1.1194801182129,1.08295509176604,1.34868033669286,0.668965495552985,NA,1.12349884461332,0.717491193464249,0.754637139304768
"309","244382",2023-08-12 09:00:00,-29.0905456393935,38.6047491442203,-3238.34472747577,4638.54823000978,3.18847790936203,1.89764396190684,-0.328187648762515,2.55234479865672,0.597959110130981,0.604189815529735,2.56906938853208,NA,1.24593275581435,0.703258681336789,0.776595007741655
"310","244382",2023-08-12 15:00:00,-29.080908452537,38.670556985024,-3237.27192074222,4647.88839147967,5.39086942378564,4.61231949363118,0.607668803524841,0.714598167395501,1.14363019737966,1.32108579996005,1.56698681408196,NA,1.33685585184898,0.688500129263048,0.79197241191698
"311","244382",2023-08-12 21:00:00,-28.9751975028789,38.6517721433713,-3225.50423165501,4645.22136138627,5.4448059946361,2.98163888400088,1.96128159074921,-0.444504873680297,0.805570780485232,0.682204079382281,2.01137332285683,NA,1.45775615011709,0.663640622008199,0.811189243872041
"312","244382",2023-08-13 03:00:00,-28.8124127530149,38.6662844218236,-3207.38311619124,4647.28172047682,6.03327210969327,1.69741294809663,3.79451244169901,0.374427012692992,1.10710425716072,1.24105577059244,3.03958934791938,NA,1.62398374854499,0.61604068335254,0.835343804904012
"313","244382",2023-08-13 09:00:00,-28.5117527275849,38.6525948086192,-3173.91379525848,4645.33814680567,1.38698402878298,1.0407666985467,5.57822003969253,-0.323928959669065,0.854884327664615,0.290399104364362,5.58734629963918,NA,1.73105731630958,0.573303041683514,0.849547612640948
"314","244382",2023-08-13 15:00:00,-28.2242622886381,38.631333269726,-3141.91050598699,4642.32029627928,6.04600593843303,5.8045524399607,5.0127876582532,-0.579573231019707,1.47220975374076,1.60154203517671,5.35729323080633,NA,1.63910672313454,0.551704076521565,0.837413352436652
"315","244382",2023-08-13 21:00:00,-28.0281455542204,38.6026133404136,-3120.07889097557,4638.2452383701,12.2920767375028,11.9197294607143,3.63860249519086,-0.679176306220646,1.45281488893582,1.53145650806207,3.70141326751708,NA,1.45812237595553,0.597048336129638,0.811245329088478
"316","244382",2023-08-14 03:00:00,-27.8959935282567,38.5822628091332,-3105.36779473799,4635.35870580632,17.30195728832,14.6508852522818,2.06205635292637,-0.400659273105216,1.51211014139166,1.47807495703162,2.49857044983403,NA,1.37233806259744,0.666351149008263,0.79775764012004
"317","244382",2023-08-14 09:00:00,-27.8581542871515,38.576251154564,-3101.15554968616,4634.50616661721,19.4029877029433,8.81906756711006,0.702040875013836,-0.142089861295964,1.4955327274513,1.42664227662156,0.716214559343889,NA,1.33355031010917,0.736654138388448,0.791427291324168
"318","244382",2023-08-14 15:00:00,-27.8501540030761,38.5730771761039,-3100.26496213668,4634.0560797795,22.483326791715,3.3423777110301,-0.0995845358130814,-0.0589008427255589,1.67498501103403,1.9207342800717,0.166208727772453,NA,1.38460617881882,0.765466755366618,0.799729754028672
"319","244382",2023-08-14 21:00:00,-27.8879381507672,38.5677402445241,-3104.47107421771,4633.29932000753,24.1520515295768,12.5766154642251,-0.701018667528279,-0.126126625892243,1.62054958799207,1.95830704652222,0.712287075229827,NA,1.44386978172853,0.782087783455853,0.809053194106629
"320","244382",2023-08-15 03:00:00,-27.9499662410083,38.5588573882904,-3111.37600963823,4632.03988513786,24.0207600368776,17.8334022212626,-1.15082255744395,-0.209905808841523,1.51422549634185,1.65408904383774,1.16978770703906,NA,1.50631303399806,0.788822608744957,0.818514155770837
"321","244382",2023-08-15 09:00:00,-28.0280655679749,38.5457266011867,-3120.06998694745,4630.1784547718,21.1673510169596,17.5456870681246,-1.44899620556009,-0.310238391573399,1.5265163342515,1.50143189926159,1.48175756233025,NA,1.55802144450532,0.793884080398115,0.826069259801264
"322","244382",2023-08-15 15:00:00,-28.1140634258424,38.5276446791851,-3129.64322469457,4627.61570851066,15.8692555616248,11.9455306268994,-1.5955396118767,-0.427124374087872,1.68260954384112,1.66861199822124,1.65156247061609,NA,1.59482481628207,0.800400052122632,0.831293838493941
"323","244382",2023-08-15 21:00:00,-28.1997214612342,38.5045847670494,-3139.17863357674,4624.3483747346,11.9627021213137,5.0653184067281,-1.57256932292689,-0.560384081218501,1.88946969441768,1.86165164516695,1.67969286829103,NA,1.61680516738451,0.809469643168792,0.834354051939411
"324","244382",2023-08-16 03:00:00,-28.2802565902642,38.4875175578064,-3148.14376313134,4621.93081967525,16.1863838631098,11.2592356654204,-1.47702224371113,-0.313508681441358,2.02898460972448,1.99615587090809,1.54728834096029,NA,1.62739456615275,0.820512904872854,0.835812407776708
"325","244382",2023-08-16 09:00:00,-28.3549535055742,38.4903092877707,-3156.45898570747,4622.32622625103,23.3246642205524,17.3189549326021,-1.38587042804826,0.0659010951021394,1.9796969924791,1.75027055152826,1.38726515575161,NA,1.63219904230322,0.83140863470138,0.83647066287076
"326","244382",2023-08-16 15:00:00,-28.4235145136848,38.5080319399123,-3164.09116221861,4624.83673382295,29.81015952593,18.9209904826029,-1.27202941721754,0.418417927793605,1.92427193507696,1.60139642808592,1.33902259311201,NA,1.6351174285064,0.839755452488557,0.836869469711214
"327","244382",2023-08-16 21:00:00,-28.4847166915478,38.5395359677133,-3170.90415749377,4629.3009847279,35.2824643027114,17.8404561436424,-1.13549921121897,0.744041816633039,1.9593447355761,1.88367423273046,1.35760817343721,NA,1.63390082686563,0.845582713675078,0.836703312443297
"328","244382",2023-08-17 03:00:00,-28.5389863058466,38.580803143505,-3176.94542332305,4635.15169758692,41.2560685874827,22.6652381848902,-0.971442635486113,1.03703937782014,2.11359125390679,2.46777278143854,1.40177870825025,NA,1.62753135815558,0.848977457619727,0.835831178884612
"329","244382",2023-08-17 09:00:00,-28.5837504445536,38.633981956018,-3181.92854444972,4642.69620006446,46.2373227939099,31.4318143492677,-0.83052019334721,1.25741707342913,2.12298440428254,2.61767077773908,1.50708475933019,NA,1.61480062765975,0.850386379909511,0.834076824067606
"330","244382",2023-08-17 15:00:00,-28.6228891312971,38.6921523679448,-3186.28544312832,4650.95532788899,50.1204569847567,40.0302968980508,-0.726149785337854,1.37652129792634,2.06418352131694,2.55458747461348,1.5564508578947,NA,1.5943431956876,0.850471726715198,0.831226283128529
"331","244382",2023-08-17 21:00:00,-28.6583724811326,38.7510277105566,-3190.23543156365,4659.32144023383,52.308895186801,46.4320318690872,-0.658331411458042,1.39435205131176,1.99151481166813,2.40929028488799,1.54207899918533,NA,1.56542459047235,0.850060158977914,0.827130368911706
"332","244382",2023-08-18 03:00:00,-28.6921706091156,38.8063351453629,-3193.99782196047,4667.18689627231,52.4352702208092,49.7609930013407,-0.627065071707777,1.31090933358539,1.94493068880335,2.27558358116203,1.45328346932478,NA,1.5288182911217,0.849276413864869,0.821833350307106
"333","244382",2023-08-18 09:00:00,-28.7262536303014,38.8538148420689,-3197.79192652358,4673.94405517776,50.3271611519144,49.6604105990046,-0.632350766087057,1.12619314474723,1.94755094268377,2.22096359239357,1.29169300575743,NA,1.48633798486519,0.847537574818374,0.815527987825567
"334","244382",2023-08-18 15:00:00,-28.7625916597455,38.889216571193,-3201.83705745773,4678.98527612351,45.9841691701429,46.1137092230709,-0.674188494595883,0.840203484797294,2.00033166279722,2.26936137373056,1.07736260718745,NA,1.44040272921232,0.843510829641971,0.808517008616814
"335","244382",2023-08-18 21:00:00,-28.8031548125035,38.9082937064094,-3206.35252696771,4681.70291828289,39.5716400468224,39.404988195637,-0.752578257234255,0.452940353735567,2.08202745437751,2.38925463533298,0.878448758966219,NA,1.39331804212988,0.835318486396162,0.801121421399573
"336","244382",2023-08-19 03:00:00,-28.8499132036307,38.9067946357731,-3211.5576472583,4681.48934082923,31.4305214519375,30.1480340185869,-0.867520054002172,-0.0355962484379471,2.15472157587173,2.5065409469541,0.868222826744958,NA,1.34614400013272,0.82113347086753,0.793498504395415
"337","244382",2023-08-19 09:00:00,-28.9048369481825,38.880451587069,-3217.67173053428,4677.73690293586,22.0971451700618,19.3858227317051,-1.01901388489964,-0.625406321723247,2.16725438606272,2.518581936597,1.1954550486609,NA,1.29702175745266,0.80023394723698,0.7853333230135
"338","244382",2023-08-19 15:00:00,-28.9698961612146,38.8249668807766,-3224.91408900042,4669.83796377611,12.2409170899793,8.69323912953327,-1.20705974992664,-1.31648986612033,2.04729369016916,2.27086998122363,1.78580435759956,NA,1.23882198695851,0.774523482649959,0.775358897487714
"339","244382",2023-08-19 21:00:00,-29.045594748655,38.7402663192613,-3233.34081720806,4657.79174087446,2.97724543404432,1.45361605435786,-1.44324166666312,-2.08111731362241,1.6630043500788,1.38425489836091,2.44978536153954,NA,1.15578763486691,0.751011151784543,0.760566463764501
"340","244382",2023-08-20 03:00:00,-29.1313095417097,38.694435396623,-3242.88254432436,4651.27961395282,3.62370868703864,4.81620947704823,-1.57901405508444,-0.787779155535812,0.860179543399724,1.00750759366742,1.92510373984898,NA,1.0222494077587,0.746665398709524,0.735410525179535
"341","244382",2023-08-20 09:00:00,-29.1537874369726,38.7042741425202,-3245.38477217912,4652.67724894494,4.04443319923668,2.46671211224362,-0.417037959355211,0.232939062827583,0.657237345411646,0.679314815950832,0.477857386467822,NA,0.882305085136458,0.763200142475345,0.707299663538495
"342","244382",2023-08-20 15:00:00,-29.0958143678059,38.6465013253074,-3238.93123963976,4644.47314902524,3.06092225433287,3.08847980553554,1.77127510552982,-2.28254577354469,0.983239159689905,1.00145225181789,1.7396966868386,NA,0.812719476269769,0.762860975567377,0.692688705257275
"343","244382",2023-08-20 21:00:00,-29.0008525959502,38.5833906399818,-3228.36014355196,4635.51865647688,0.934436885301884,0.555639524702805,0.937880843135546,0.360532144225487,0.662828713430524,0.40449359391247,2.30906936302736,NA,0.774279222669448,0.739147928465743,0.684445847730602
"344","244382",2023-08-21 03:00:00,-28.9469047755944,38.5833717567469,-3222.35469966055,4635.5159784072,4.00988940704383,4.53490918395021,1.05943715398146,-0.176173703713151,0.750591214730669,0.912914180290426,1.00085636571146,NA,0.672497092004377,0.742177424707767,0.662062074183734
"345","244382",2023-08-21 09:00:00,-28.8997126372056,38.6030948305153,-3217.10129484567,4638.31354323016,1.3470933352895,0.806404057563363,0.781854879702518,0.764037018844257,0.711801288745357,0.832286163541574,0.992080553326749,NA,0.625858222318898,0.742663487706114,0.651549734510874
"346","244382",2023-08-21 15:00:00,-28.8710972646623,38.6842858543374,-3213.91584614528,4649.83803210904,1.96807996369204,1.78686660675418,0.729032355458748,2.0478888242041,0.901984228435375,1.07171294327096,1.99278738129173,NA,0.570379909522497,0.739462882671894,0.63885083266636
"347","244382",2023-08-21 21:00:00,-28.767810619176,38.7322981419906,-3202.418029364,4656.65923821326,1.70220565256783,1.83483466282214,1.9163024001572,1.13686764362444,0.397472564147049,0.384010581895993,2.22800607750773,NA,0.492734395292645,0.737990415741784,0.620750374112728
"348","244382",2023-08-22 03:00:00,-28.773696030716,38.767322482834,-3203.07319037974,4661.63813563249,4.53310401234105,4.64341342981476,-1.05841089216387,0.446006263667642,1.06181536508835,1.30416824139879,0.83717867728546,NA,0.383922794917641,0.759961768541088,0.594818883877362
"349","244382",2023-08-22 09:00:00,-28.8781574690059,38.7674476423478,-3214.70178449771,4661.65593214406,4.71447920670442,4.47894215242842,-1.75822669244238,0.0272525293693087,0.924759643740902,1.04465967983329,1.93777499729532,NA,0.370063839787699,0.766281097622392,0.591474404286104
"350","244382",2023-08-22 15:00:00,-28.9240381029822,38.7868515945426,-3219.80919330922,4664.41537337878,5.40995638641071,4.91257026337683,-0.572028042809219,0.701550401312499,0.997700898254323,1.1853358134569,0.967556615421578,NA,0.360527559045781,0.760834739183508,0.589168135225458
"351","244382",2023-08-22 21:00:00,-28.8857315139768,38.7803943079361,-3215.54492332711,4663.49699688909,3.08198047009019,2.74137711192874,1.14687280489398,-0.831376483126074,0.865649175374644,0.933608202035663,0.726733993771516,NA,0.374701885604538,0.760463318299299,0.592594629305282
"352","244382",2023-08-23 03:00:00,-28.8043370287856,38.6767844598898,-3206.48413068225,4648.77271023187,2.02962517448174,2.81889219800218,1.03478408338367,-2.37553458994037,1.04999886794298,1.35100326656235,2.88168431765234,NA,0.43862913039083,0.732985940315411,0.607932331526412
"353","244382",2023-08-23 09:00:00,-28.852092892417,38.6174523630838,-3211.80028910408,4640.3505352552,3.36526126599362,1.72223082596443,-0.886026269313644,-1.40369595845372,0.554793397536332,0.46632079218888,1.65992860810712,NA,0.459350028497117,0.711931035234834,0.61285997351057
"354","244382",2023-08-23 15:00:00,-28.890140899369,38.524282079483,-3216.03577386368,4627.13919970424,5.12788632187367,5.3573956450958,-0.920642438896678,-1.71285625229512,1.16107592938148,1.4630668910075,2.31220018220324,NA,0.600758243141651,0.680661964677578,0.645829761141866
"355","244382",2023-08-23 21:00:00,-28.9900322606434,38.5374078030325,-3227.1556293354,4628.99935293385,6.52583930679177,8.15288006911307,-1.85330924837764,0.310025471205326,0.98345396486731,1.13029609709529,1.87921734657986,NA,0.682189595794318,0.673280506501852,0.664227217159139
"356","244382",2023-08-24 03:00:00,-29.1126611953178,38.5625548039915,-3240.80661989987,4632.56409545571,11.0598205933362,7.31265269481078,-2.35553176591444,0.637810083152009,1.56442254162554,1.16376594080664,2.35157246346005,NA,0.841347743506537,0.656878337812981,0.698748990415292
"357","244382",2023-08-24 09:00:00,-29.2376500064437,38.5893634385283,-3254.72031070927,4636.36576999092,18.3478370077227,3.1680481036508,-2.21380764342214,0.581319947652043,1.94482635966247,1.88070633282857,2.40402602796933,NA,0.930608060844264,0.664765908206501,0.717198631570911
"358","244382",2023-08-24 15:00:00,-29.3343328617799,38.6046996294734,-3265.48299693373,4638.54120559389,26.7986013487717,16.6296666468858,-1.79378103954326,0.362572601598434,2.14960856842356,2.53357247169376,1.83009635692267,NA,0.961296466014732,0.693284237411207,0.723381304118185
"359","244382",2023-08-24 21:00:00,-29.410273235022,38.6123594238827,-3273.93664061369,4639.62792140698,35.1236251363969,29.7142764528409,-1.40894061545829,0.181119303284623,2.17132491784313,2.72086154236269,1.42055239672097,NA,0.984198108775557,0.734301663676504,0.727940418220449
"360","244382",2023-08-25 03:00:00,-29.4673676231558,38.6139224160578,-3280.2923588279,4639.84968171662,42.0956525364724,41.0256560159688,-1.05928637116725,0.0369600527106086,2.09910586054349,2.69062733375736,1.05993394613042,NA,1.00150386914833,0.779120869290025,0.731354154487643
"361","244382",2023-08-25 09:00:00,-29.5075125231673,38.6109661898283,-3284.76126865513,4639.43025080926,47.0517981158894,49.7160882920828,-0.744818306670114,-0.069905150123608,1.99196704007095,2.55700500555326,0.74808587546832,NA,1.01786931208585,0.822828269299697,0.734557359555978
"362","244382",2023-08-25 15:00:00,-29.5326044320424,38.605067494794,-3287.55448717413,4638.59339297133,49.5974204793556,55.2169064329691,-0.4655364219669,-0.139476305218027,1.8978916518159,2.40199982262328,0.485974161290518,NA,1.03552549353067,0.862189637849497,0.737985724796076
"363","244382",2023-08-25 21:00:00,-29.544539846767,38.5978030731946,-3288.88313146369,4637.56287248928,49.5089193909425,57.17125685911,-0.221440717057602,-0.171753412572649,1.85489850034017,2.29424846465735,0.280243598550164,NA,1.05513494004419,0.895319896282058,0.741759728841517
"364","244382",2023-08-26 03:00:00,-29.5452152643271,38.5907501371899,-3288.95831860255,4636.56245364953,46.6953315715003,55.4005359960814,-0.0125311919422225,-0.166736472187473,1.88310029959871,2.28260924206722,0.167235014289542,NA,1.07642669036654,0.921416415236883,0.745817172248906
"365","244382",2023-08-26 09:00:00,-29.5365271817085,38.5854864965404,-3287.99116566948,4635.81590073854,41.1815763853594,49.8869613131539,0.16119215337924,-0.1244254840625,1.97746263115589,2.37905418195032,0.203665028767652,NA,1.09866758365164,0.940452195611957,0.750010367666089
"366","244382",2023-08-26 15:00:00,-29.5203720958973,38.5835903367877,-3286.19278974325,4635.54697804273,33.0998990241616,40.7632838248271,0.299729318906786,-0.0448204481977292,2.11082410743818,2.55391137993752,0.303091594767723,NA,1.12098087405545,0.952863850986296,0.754170613183848
"367","244382",2023-08-26 21:00:00,-29.4986465038792,38.58663964801,-3283.77430790261,4635.97944984856,22.6719206239998,28.28935397546,0.403080304640414,0.0720786354068388,2.24359651746344,2.75101823592994,0.409502316854637,NA,1.14251672091357,0.959293701422465,0.75814141228539
"368","244382",2023-08-27 03:00:00,-29.4732469026402,38.596211304104,-3280.94683722634,4637.33708044244,10.0084331113152,12.5913295838368,0.471245110580125,0.226271766751204,2.3295368438416,2.9029144365755,0.522789396692229,NA,1.16248459630419,0.960426984658165,0.76178388576126
"369","244382",2023-08-27 09:00:00,-29.4463160222525,38.612077977706,-3277.94890533496,4639.58798980439,4.14483966241688,5.27001556407762,0.514326215425608,0.413093508704678,2.33761967665998,2.95884093560065,0.624865330663963,NA,1.18006233320511,0.95693952340965,0.764959011254833
"370","244382",2023-08-27 15:00:00,-29.4146914356613,38.6358370571081,-3274.42847245908,4642.95948590888,16.2731701906759,20.6924509612086,0.586738809611979,0.561916012877342,2.19592731135197,2.79543931653456,0.812462774074735,NA,1.19449407550394,0.949453391062163,0.767543862349077
"371","244382",2023-08-27 21:00:00,-29.3798478535309,38.662449516319,-3270.54970263892,4646.73722456874,25.3752331348858,32.2784289866487,0.646461633658543,0.629623105439933,1.98089174437158,2.52902418475448,0.902452952826883,NA,1.2033356763154,0.939018248758367,0.769117650183941
"372","244382",2023-08-28 03:00:00,-29.3424692407296,38.6884855916203,-3266.38873449531,4650.43451331432,31.2527875636713,39.7547435104738,0.6934946875653,0.616214786392451,1.77044743770852,2.26354708760394,0.927751781180123,NA,1.2060224924713,0.926612812825514,0.769594418394256
"373","244382",2023-08-28 09:00:00,-29.3032395621254,38.7105204219895,-3262.02170664911,4653.56465967595,33.8043333513683,42.9758963743004,0.72783797133225,0.521691055734895,1.63538815967801,2.09240275237068,0.895517369085924,NA,1.20284935718856,0.912389695603099,0.769031280427139
"374","244382",2023-08-28 15:00:00,-29.2628427825864,38.725132950243,-3257.52475772114,4655.64097118398,33.1101819973423,42.0373844212258,0.749491484959393,0.346051913467267,1.61892991264969,2.07274223005363,0.825531935008926,NA,1.19481082389717,0.895820819127967,0.767600371897308
"375","244382",2023-08-28 21:00:00,-29.2219628669808,38.7289031679468,-3252.97402633225,4656.17675536875,29.4511901355933,37.30019793275,0.758455228446728,0.0892973595895662,1.70499369483847,2.18424529548688,0.763691082184818,NA,1.18312754276451,0.875846156308312,0.765509678228916
"376","244382",2023-08-29 03:00:00,-29.1812837801766,38.7184077037771,-3248.44565110328,4654.68531976058,23.3436853440224,29.4381743123052,0.754729201794257,-0.248572605898208,1.82267184346781,2.33479400729727,0.794612273908666,NA,1.16855847343785,0.851181067834281,0.762884354192826
"377","244382",2023-08-29 09:00:00,-29.141489487042,38.6902137575194,-3244.01577065505,4650.67997188983,15.5862459319859,19.5054955491628,0.738313405001979,-0.667557982996055,1.87402795221743,2.39636029370786,0.995388854743772,NA,1.15045651781495,0.820775311779629,0.75959429191343
"378","244382",2023-08-29 15:00:00,-29.1032041172793,38.6416867843225,-3239.75386278823,4643.78975539417,7.48948076946469,9.25264176737429,0.708715148714286,-1.17080813528075,1.73004223450456,2.19770887083553,1.35036313186423,NA,1.12551508530424,0.7843838587532,0.755010274586788
"379","244382",2023-08-29 21:00:00,-29.0678799609828,38.5712059088101,-3235.82159569661,4633.79073363012,0.484510596275404,0.484300908043001,0.610751419159659,-1.77958396179803,1.07495934125197,1.33894161533765,1.79083545142116,NA,1.08639122392235,0.743205004076566,0.74770155661062
"380","244382",2023-08-30 03:00:00,-29.0704433397385,38.4557568467947,-3236.1069497144,4617.4334792553,2.19569558176885,2.43052277145324,-0.699444625606751,-3.66491017771304,0.861114356743616,1.02405024522644,2.72662923705602,NA,1.02112875645283,0.700679777130562,0.735192409217396
"381","244382",2023-08-30 09:00:00,-29.1403717438067,38.3217351837984,-3243.89134404726,4598.47785346489,1.53212135400282,1.52405248878273,-1.01179966097365,-2.29311280240948,0.728533539558681,0.967478040592389,3.41532982663005,NA,0.90282353612619,0.667500923779195,0.711529394384286
"382","244382",2023-08-30 15:00:00,-29.158154990262,38.2599425975498,-3245.87096598731,4589.74999808554,2.29016559022774,3.51176857953293,-0.0506515244501431,-0.955222024490528,0.888687883478707,1.11275951880741,1.49147473724207,NA,0.691121204623985,0.683293318644308,0.666216297873334
"383","244382",2023-08-30 21:00:00,-29.1222947314917,38.3117199959743,-3241.87902024129,4597.06275552481,2.6040266632447,1.4614649597458,0.715164345443692,2.43536844541081,0.915939007184619,0.900214426463403,1.38847185704827,NA,0.567105592354248,0.726484755828911,0.638095037807495
"384","244382",2023-08-31 03:00:00,-29.0818982145096,38.3627321806656,-3237.38210054102,4604.27258838568,7.92940762735136,7.99424170080592,0.762003108810429,0.82762021951292,1.40086054919263,1.61050992968444,1.41609888665547,NA,0.551325076957587,0.728391164087396,0.634442964315321
"385","244382",2023-08-31 09:00:00,-29.0538762790638,38.34519751135,-3234.26271295615,4601.7937396872,11.8676213900362,11.2936588863799,0.519897929960726,-0.413141384672804,1.258358857915,1.32348688485645,0.664259223589966,NA,0.510553896310918,0.735510809527171,0.624936311714877
"386","244382",2023-08-31 15:00:00,-29.060990053704,38.3359053546245,-3235.05461472672,4600.48036734314,12.2030472996213,8.59892195512499,-0.131983629280299,-0.21889532560456,1.16117007971596,1.31099212115213,0.255305485625807,NA,0.512062588418099,0.724337939732564,0.625289868733706
"387","244382",2023-08-31 21:00:00,-29.1207565103543,38.3904419775174,-3241.70778624755,4608.19111360746,10.1534137946341,3.74986146390375,-1.22582499338303,1.524988764779,1.20741290746521,1.38529725467709,1.69724140521414,NA,0.523781711726609,0.697521659057545,0.628031630948716
"388","244382",2023-09-01 03:00:00,-29.2237234817389,38.5167799872029,-3253.1700170706,4626.0761707011,7.60641358893388,5.81686100265769,-2.03406325336972,3.25016695269779,1.17707149302061,0.972903661135121,3.54056180633712,NA,0.539717225060264,0.65329282907453,0.631746634626655
"389","244382",2023-09-01 09:00:00,-29.2630819378475,38.595730261308,-3257.55138036303,4637.2688456356,2.87399638884208,3.62144322215088,-0.144418320045724,1.12986448854994,1.03329795223596,1.03399074163395,2.00338427653237,NA,0.414740774532674,0.652485614245463,0.60222408101226
"390","244382",2023-09-01 15:00:00,-29.1649709573853,38.5458867570595,-3246.62971597674,4630.20115652555,1.86750464000526,3.8471492430578,2.5878025237304,-2.04484057232137,0.82536447181109,1.24846300288879,2.16831467370961,NA,0.316831658594553,0.69957148401269,0.578551909605261
"391","244382",2023-09-01 21:00:00,-29.1241926687226,38.4785727616461,-3242.09029764739,4620.66402778663,0.976781034714884,2.96264563414315,0.141881348664609,-1.32529194858393,0.620224925878616,0.881886373038937,1.76035280956545,NA,0.424987431862267,0.672328169230041,0.604676080393642
"392","244382",2023-09-02 03:00:00,-29.104689386011,38.442542595758,-3239.91920214714,4615.56291951601,2.34977235741161,1.97951623794688,1.08736885560076,-1.00609344122764,0.934966782634976,1.11472625849519,0.923737015753252,NA,0.526352395995011,0.663580936027458,0.628631965188063
"393","244382",2023-09-02 09:00:00,-28.9678623502186,38.3726786620611,-3224.68768619598,4605.67897597641,3.34977948948748,2.46036560309741,2.5816235975855,-1.54699499778091,0.863963372671689,1.29619933768064,3.02629252643504,NA,0.638549876644276,0.653180123507564,0.654425584718566
"394","244382",2023-09-02 15:00:00,-28.8639397331438,38.3369353486674,-3213.11907338131,4600.62594042772,9.10102261582026,12.4132356313078,1.79823528880598,-0.711978999751949,1.58246716667004,2.08490736660336,2.10407386029179,NA,0.689934699106217,0.647818611189226,0.665952400085419
"395","244382",2023-09-02 21:00:00,-28.8052617376614,38.3380862753206,-3206.58706880343,4600.78860785931,15.9450931211804,21.3142805686496,1.08866744190541,0.027111235138881,1.63891270899012,2.10829236340927,1.08895951987307,NA,0.730388527842296,0.67354333251239,0.674890526551701
"396","244382",2023-09-03 03:00:00,-28.7748756903505,38.3641945678163,-3203.20450948956,4604.47935111135,20.3409156994835,26.773807725159,0.563759897905077,0.615123871880741,1.50585935584459,1.92777302400175,0.834318430236008,NA,0.801224662737726,0.696856395113249,0.690236387395729
"397","244382",2023-09-03 09:00:00,-28.7628286008631,38.4088261129857,-3201.86343362229,4610.79170459495,21.4895144495629,27.9926409068984,0.223512656804989,1.05205891047363,1.39991136412043,1.80101280739658,1.07554088229429,NA,0.879209611002307,0.709539240044024,0.70665840630401
"398","244382",2023-09-03 15:00:00,-28.7591674788515,38.4655444812745,-3201.45587938422,4618.81920272122,19.3315841227819,24.9767495205982,0.0679257186051438,1.33791635091755,1.42958454998749,1.85090893740195,1.33969577640155,NA,0.950237104540659,0.713150495312964,0.721162859161309
"399","244382",2023-09-03 21:00:00,-28.7539393339675,38.5279246228095,-3200.87388495794,4627.65537990125,14.4105218439928,18.4697357864119,0.0969990833055405,1.4726961932125,1.5398680367336,1.99456548163331,1.47598125018275,NA,1.00565217892614,0.711028637434305,0.732168412075836
"400","244382",2023-09-04 03:00:00,-28.7371911758634,38.5895608553191,-3199.00948852607,4636.39377054616,7.81785767910906,9.9041573366445,0.31073275090618,1.45639843735847,1.53764078947734,1.9830890635755,1.4893065624647,NA,1.04374164949133,0.705044628842,0.739571314407968
"401","244382",2023-09-04 09:00:00,-28.702209014879,38.6450258899442,-3195.11529217844,4644.2637153912,2.20395946174688,2.66867055532107,0.740023552849077,1.26374521360567,1.02697378842473,1.3027447095535,1.46361753702873,NA,1.06722822369305,0.695063361637289,0.744069443345198
"402","244382",2023-09-04 15:00:00,-28.6241346859718,38.6729298782447,-3186.42409764046,4648.22533977088,4.04519772922922,2.77853819877958,2.2636065534093,0.0580081460939659,1.15725786445995,1.25680505829153,1.59212253539039,NA,1.0780402626584,0.680149735265431,0.746122942121912
"403","244382",2023-09-04 21:00:00,-28.4687768386598,38.6861009453344,-3169.12974118695,4650.09582191916,5.65406056022071,5.22292341454043,2.77682404515461,0.194661444119938,0.882259534212118,1.00965405416103,2.8987468584003,NA,1.07871015771046,0.658890830260636,0.746249815062423
"404","244382",2023-09-05 03:00:00,-28.3948561056738,38.6504583068058,-3160.90092283189,4645.03485217359,6.18834257642531,7.11407631993704,0.732452242278204,-1.05053819072648,1.11970368618794,1.3133142194084,1.61017190692539,NA,0.99629165727938,0.662660675552996,0.730328849770754
"405","244382",2023-09-05 09:00:00,-28.5320070318228,38.6229364024499,-3176.16849409261,4641.12869835876,4.46329262213447,2.33277154661782,-2.54459527511705,-0.651025522994803,0.894613812051399,0.992205917354091,2.62619596482582,NA,0.995148198812358,0.657686098798007,0.730103587899538
"406","244382",2023-09-05 15:00:00,-28.8058457569568,38.6960763434473,-3206.65208153401,4651.51270384205,6.30042485789208,1.32990502697732,-5.28064190209016,2.2561039175338,1.34099315132075,0.820316426088589,5.36723993495536,NA,1.16018297810002,0.576387968968607,0.761365961327515
"407","244382",2023-09-05 21:00:00,-28.9686158998028,38.7416372434631,-3224.77157095198,4657.98660070204,11.6675146603784,3.32577700364752,-2.35160248404003,0.287946922264757,1.66384921307707,1.09313568436582,3.20693256288367,NA,1.10695842190306,0.572793710908135,0.75156163251829
"408","244382",2023-09-06 03:00:00,-29.0597284982066,38.7942808217392,-3234.91417901114,4665.47208619479,21.1480768712399,6.65939801587581,-1.69691376542494,1.98901763324786,2.30183061715781,1.34683142069588,2.10133684066891,NA,1.19523992464839,0.587248703863606,0.767676910407992
"409","244382",2023-09-06 09:00:00,-29.1412116605351,38.9546041087051,-3243.98484314977,4688.3031530685,34.01432383513,5.59792029660626,-1.5117773788901,3.80517770784819,2.71865021315133,1.38922964131771,4.09525863161367,NA,1.33178488428609,0.595093550183101,0.791135722312648
"410","244382",2023-09-06 15:00:00,-29.1960634145014,39.0920971681795,-3250.09091247042,4707.92455518396,47.7339081063066,16.2560679959506,-0.942110732758862,3.18197523566361,2.89784577341215,2.55335052217477,3.42550291692737,NA,1.38321321342816,0.618746357348942,0.799506560651842
"411","244382",2023-09-06 21:00:00,-29.2181805013192,39.1989316869149,-3252.55297531281,4723.19736553661,61.2101938925362,31.6714329687842,-0.410343810662839,2.54546839316863,2.98444390076041,3.12410831459955,2.57865838744983,NA,1.42493903292718,0.659191494426969,0.806111533460878
"412","244382",2023-09-07 03:00:00,-29.2145716763188,39.2808443196151,-3252.1512427514,4734.92326465655,74.2086930584902,48.2193100639033,0.066955423304068,1.95431652105213,3.00952449184864,3.43447182538315,1.95557526269297,NA,1.48440834398222,0.699984747059563,0.815237511852488
"413","244382",2023-09-07 09:00:00,-29.1881726889044,39.3398207871126,-3249.21252091497,4743.37438236606,86.3498121440448,64.778638355624,0.489786969141859,1.40851961931408,2.99088286907029,3.58922848647899,1.49116643400188,NA,1.55439194881499,0.735335144494228,0.825547160764809
"414","244382",2023-09-07 15:00:00,-29.1419192884801,39.377816560324,-3244.06361593228,4748.82284848742,97.3540618173107,80.655673785089,0.858150826850533,0.908077687954505,2.94236067999821,3.64035536879024,1.249218304486,NA,1.63121684619236,0.762734454951999,0.836336266322504
"415","244382",2023-09-07 21:00:00,-29.0787472244503,39.3967628027925,-3237.03133393212,4751.54079284289,107.005837841882,95.3419755599424,1.17204699643009,0.452990726973393,2.87558482609677,3.62085994516263,1.25638230288538,NA,1.70959094614118,0.782418776819271,0.846783220543418
"416","244382",2023-09-08 03:00:00,-29.001592246219,39.3985718191328,-3228.44248104325,4751.80034525474,115.136699585412,108.446334919235,1.43147547788053,0.0432587363707454,2.80082085608115,3.55512904569976,1.43209570567317,NA,1.78416589445445,0.795955675040592,0.856210507616981
"417","244382",2023-09-08 09:00:00,-28.9133901031907,39.3851419999828,-3218.62386339446,4749.87363554525,121.616364720471,119.663928687813,1.63643627120186,-0.321118283853436,2.72732579788407,3.46310662402572,1.66774617439824,NA,1.85047740318138,0.805214167754882,0.864183145848736
"418","244382",2023-09-08 15:00:00,-28.8170765447693,39.3583622565064,-3207.90228711451,4746.03279353668,126.347367298989,128.759160658062,1.78692937639407,-0.640140333699153,2.66334090498889,3.36214299432638,1.89834554063296,NA,1.90533438622935,0.811836378585297,0.870494082492995
"419","244382",2023-09-08 21:00:00,-28.7155873203593,39.3201159394149,-3196.60455833219,4740.54994905131,129.261736381035,135.555159590543,1.88295479345716,-0.913807413166404,2.61579524785574,3.26763388483812,2.09328711726823,NA,1.94684673240768,0.817085230588358,0.875102402830885
"420","244382",2023-09-09 03:00:00,-28.6118581793649,39.2722842390034,-3185.05748317626,4733.69723191141,130.318940284454,139.927105741569,1.92451252239114,-1.14211952225519,2.58981400140025,3.19281863216275,2.23827518915039,NA,1.97427906635562,0.821874561134185,0.878069984884749
"421","244382",2023-09-09 09:00:00,-28.5088248711901,39.2167490639422,-3173.5878677755,4725.74677193925,129.504723302052,141.79803931504,1.911602563196,-1.32507666096551,2.58819440210484,3.14795196690541,2.32637896184927,NA,1.98785694331117,0.826837820223498,0.879516227954791
"422","244382",2023-09-09 15:00:00,-28.4094231452393,39.1553953975836,-3162.52251825868,4716.97069895709,126.830650370589,141.136461646844,1.84422491587175,-1.46267882929737,2.61105643305897,3.13918656711767,2.35430351574283,NA,1.98858829456122,0.832362928192164,0.879593705860979
"423","244382",2023-09-09 21:00:00,-28.3165887509167,39.0901131314006,-3152.18824075459,4707.64114278722,122.334279967615,137.955380808912,1.72237958041837,-1.55492602725076,2.65582423962944,3.16768095579279,2.32089502531744,NA,1.97811784202802,0.838571502708599,0.878480379935806
"424","244382",2023-09-10 03:00:00,-28.2332574376265,39.0227983758768,-3142.91184139199,4698.03023325189,116.079963145572,132.312663269281,1.54606655683589,-1.60181825482568,2.71754655124354,3.22940908731678,2.2266972706604,NA,1.95860490362035,0.845250040835713,0.876381891681267
"425","244382",2023-09-10 09:00:00,-28.162364954773,38.9553542497356,-3135.02012629966,4688.41010017339,108.160331915335,124.312723598324,1.31528584512428,-1.60335551202214,2.78941119500623,3.31577971184575,2.07424622079434,NA,1.93259832920342,0.851760520545588,0.87353673680067
"426","244382",2023-09-10 15:00:00,-28.1068470517603,38.8896911488212,-3128.83990160638,4679.05287337397,98.6986184967314,114.109747952447,1.03003744528356,-1.55953779884013,2.86324588574736,3.4147198000461,1.86936636567229,NA,1.90287063109362,0.856976003455585,0.870216079567009
"427","244382",2023-09-10 21:00:00,-28.0696394779927,38.8277264962082,-3124.69797344091,4670.23068267593,87.8520472606022,101.912853505943,0.690321357313728,-1.47036511527966,2.9298350725949,3.51168270173319,1.62464242340535,NA,1.87216539968422,0.859301279170942,0.86670863348743
"428","244382",2023-09-11 03:00:00,-28.0536779828743,38.7713839752062,-3122.92114793204,4662.21565790151,75.8166884701145,87.9938795737701,0.296137581214775,-1.33583746134073,2.97895142677603,3.59015340819432,1.36844174741667,NA,1.84281107633044,0.856836741659858,0.863280829387834
"429","244382",2023-09-11 09:00:00,-28.0618983158095,38.7225922468068,-3123.83623120854,4655.279928873,62.8343675368872,72.6989089033244,-0.152513883013293,-1.15595483702332,2.99902954253269,3.63140125541898,1.16599054238323,NA,1.81616562412669,0.84770598246639,0.860105395930209
"430","244382",2023-09-11 15:00:00,-28.0972362262025,38.6832831527823,-3127.77002939918,4649.69562541266,49.2024157209959,56.4649381698678,-0.655633035370478,-0.930717242327456,2.97634672915738,3.6132190255831,1.13833911560986,NA,1.79188159938682,0.830481856875361,0.857157811203892
"431","244382",2023-09-11 21:00:00,-28.1626274634574,38.6553894050664,-3135.04934863273,4645.73487734277,35.2864251134034,39.8411781674876,-1.21321987585678,-0.660124677253123,2.89334458376376,3.50695866011938,1.38104453641613,NA,1.76700424249673,0.80453268383709,0.85408472363816
"432","244382",2023-09-12 03:00:00,-28.2610077769784,38.640841761215,-3146.00099503798,4643.6698144856,21.5270947370587,23.4882111584259,-1.8252744044722,-0.344177141800325,2.72502720156875,3.27061700023652,1.8573903761419,NA,1.73489264141323,0.770041274105658,0.850037173424202
"433","244382",2023-09-12 09:00:00,-28.3953129161699,38.6415656846836,-3160.9517747437,4643.77256666342,8.27398466229968,7.58256684842519,-2.49179662121673,0.0171253640309379,2.42983466887725,2.82921021837052,2.49194250414879,NA,1.68380542316164,0.727525162395792,0.843407774576088
"434","244382",2023-09-12 15:00:00,-28.557583221067,38.6549531826411,-3179.01562245572,4645.67294867704,6.1966413499636,6.13279108226166,-3.23981837026109,0.457035569855918,1.96766442808911,2.06327048817231,3.02746144396537,NA,1.5945724946147,0.677001125329144,0.831258448836841
"435","244382",2023-09-12 21:00:00,-28.760499748454,38.6919552120562,-3201.60418695798,4650.92732395269,12.8406760215658,10.9675830615282,-3.7738889657801,0.911008490352458,1.52637010726006,1.39533747864233,3.86571207274926,NA,1.44804294487857,0.617353149690487,0.809697058557875
"436","244382",2023-09-13 03:00:00,-28.9650627388121,38.7441476260911,-3224.37603487979,4658.34343015191,15.6888994446817,9.9398642748219,-3.79530793353681,1.23601768148652,1.29715192082996,1.29601062364815,3.99210831729671,NA,1.1902488739799,0.547368689767628,0.76678557218702
"437","244382",2023-09-13 09:00:00,-29.1263115215301,38.7791721887895,-3242.32616726299,4663.32319252946,14.1570161688628,3.64855049731014,-2.99168867710246,0.829960377874133,1.18864485407088,1.33515040011444,3.10506760244897,NA,0.814186908880013,0.4937818421618,0.693000990839514
"438","244382",2023-09-13 15:00:00,-29.2170629551722,38.7585495581414,-3252.42857064478,4660.39078625407,10.9688949402728,2.17971442110034,-0.864835847926488,-2.04961835499632,1.44607128502989,1.1084475383773,1.7531873527521,NA,0.388207379592724,0.501106842073459,0.595851088048432
"439","244382",2023-09-13 21:00:00,-29.1695634450199,38.6039031134666,-3247.1409493617,4638.42820842029,3.47942242418551,1.47796723877191,0.742032730218748,-2.38460879302192,1.37490110777201,0.697085998118078,3.76542046530786,NA,0.0006145052349618,0.550090899398449,0.500153626303906
"440","244382",2023-09-14 03:00:00,-29.1614850357015,38.6700545047866,-3246.24166494996,4647.81704126974,2.12620559994803,2.4110529616239,0.045135312693287,2.15218816256622,0.939427842345033,1.10538788378682,1.57205312066988,NA,-0.315823094342739,0.583001215437599,0.421694027673756
"441","244382",2023-09-14 09:00:00,-29.1162325439697,38.800968854826,-3241.20418061325,4666.42346858199,2.50880545617008,2.14115976280784,0.868642633551337,3.41107811757865,0.714207895815255,0.893036986613929,3.21263299585794,NA,-0.256214488172391,0.551958616618388,0.436294497487804
"442","244382",2023-09-14 15:00:00,-29.0357513549474,38.8739344204074,-3232.24505563285,4676.80878098777,1.40737518828862,0.890281050457824,2.18666952568417,-0.467776526142599,0.90656507441457,1.04336857640779,2.28590063892162,NA,-0.324822198398635,0.536448167226247,0.419500992789447
"443","244382",2023-09-14 21:00:00,-28.8201102915647,38.7163289411808,-3208.24000226296,4654.38994782402,4.86690690788524,2.19992914350638,3.38390595371166,-2.49840519678995,0.913026085678014,0.999280196186292,5.47476826870056,NA,-0.476780000714682,0.53601775742425,0.383012768911673
"444","244382",2023-09-15 03:00:00,-28.713713646191,38.7306291312937,-3196.39598187785,4656.42204086643,6.14663410069561,5.98464201126497,1.59427468038656,1.1212076166589,1.06474627308204,1.24492940987836,2.00276759814272,NA,-0.602052668442774,0.510841610222828,0.353874216114815
"445","244382",2023-09-15 09:00:00,-28.6542961805514,38.8427501739984,-3189.78165985863,4672.36896079456,3.34893680589395,2.561954766488,1.12878467790468,2.6581571734283,0.919088993388465,0.920227147296725,2.8771728973595,NA,-0.628855069005153,0.559593501926768,0.347770192739002
"446","244382",2023-09-15 15:00:00,-28.5916620803288,38.9322114317754,-3182.80926371555,4685.11116940771,4.12677856639182,2.75732260023368,0.922328579985435,0.442452423106509,0.973963012224333,1.06732733968911,2.42046033228723,NA,-0.713899521723146,0.594889482092709,0.328737761701551
"447","244382",2023-09-15 21:00:00,-28.6118613340209,38.8336834291598,-3185.05783435096,4671.07846187092,1.09238520224195,0.606627747563469,-1.138662742246,-1.44405141980438,0.877840909898555,0.639481361414441,2.36854537514457,NA,-0.929443381332623,0.639812770737938,0.28303765401074
"448","244382",2023-09-16 03:00:00,-28.6938791198097,38.8530402228414,-3194.18801250097,4673.83377736786,4.69606696661392,4.24526446768783,-1.32216592036616,0.939153538309661,1.09153663367234,1.15976577538477,1.58963972719491,NA,-0.949183680172869,0.689163562662054,0.279049020117405
"449","244382",2023-09-16 09:00:00,-28.7355078519328,38.8789132760999,-3198.82210176328,4677.51782144389,6.35871812391679,2.22855961609698,-0.568952458022678,0.211353745446723,1.08667253563024,1.2079008550393,0.986864669427335,NA,-0.918604867530002,0.744187258552324,0.285242247419398
"450","244382",2023-09-16 15:00:00,-28.7138894650313,38.7957310999971,-3196.41555394163,4665.67838273353,6.83450793345813,6.17081683257721,0.401091337000694,-1.97323961345063,0.979817463959877,1.02218688607382,2.01369173405615,NA,-0.912273648219126,0.797498743974002,0.286534803906766
"451","244382",2023-09-16 21:00:00,-28.6744772491169,38.7670945968186,-3192.028206135,4661.60573245457,3.17823511151271,2.77183750967858,0.715922614253074,-0.298384364425749,0.92756807055481,0.993927963480088,0.997823040842265,NA,-0.853251410052373,0.855909628420038,0.298751245163584
"452","244382",2023-09-17 03:00:00,-28.6518123845728,38.834474092605,-3189.50516495506,4671.19099294272,1.71910946171919,1.99046948442689,0.315627818544342,2.02728127632229,1.02885282289068,1.20917109656333,1.65196352578848,NA,-0.808077061194651,0.926010661103389,0.3083004136049
"453","244382",2023-09-17 09:00:00,-28.637982308294,38.922463761179,-3187.96560790606,4683.72199660216,4.87074100212437,3.6174120484154,0.256656458986568,2.08805054513765,1.0912560593126,1.17412938296553,2.10417927785538,NA,-0.73365753781291,1.00675159921125,0.324392619647977
"454","244383",2023-08-09 01:00:00,-29.0771,38.6794000000002,-3236.8479657451,4649.14414733332,9.9999999996371e-06,9.99999999697193e-06,5.27341628818918e-11,-2.46702887462627e-11,9.99999999983111e-06,9.99999999964416e-06,0,NA,0.436525274101841,1.40226237366714,0.607430762384404
"455","244383",2023-08-09 07:00:00,-28.9800305014188,38.577089777087,-3226.04223859148,4634.62509104992,3.29485155275535,1.16393778876175,1.89860835464851,-2.55260470527436,0.579004041805546,0.206211904651237,3.01659632677963,NA,0.436525274101841,1.29754164544446,0.607430762384404
"456","244383",2023-08-09 13:00:00,-28.9087411215147,38.5546473206409,-3218.10634112158,4631.44302541424,3.96884825025116,4.39488062805961,0.890003033911245,0.0892837859592759,1.08325139014324,1.41616839180922,1.42478160419642,NA,0.436525274101841,1.18359151683461,0.607430762384404
"457","244383",2023-08-09 19:00:00,-28.9108130409544,38.5701963450777,-3218.33698613858,4633.64758014524,4.90147388106235,6.29324778781715,-0.0384407659149384,0.367425776859724,0.777892589928895,0.98964064381707,0.369566072178388,NA,0.473774100712791,1.17051258227653,0.616276645528328
"458","244383",2023-08-10 01:00:00,-28.9092110455486,38.579463142144,-3218.15865282575,4634.96166376021,6.4011001879243,7.9902652826842,0.0988064102087803,0.149458810439196,1.09023900890899,1.48920587906575,0.221046946244874,NA,0.618408636104696,1.13678562827789,0.649856531236042
"459","244383",2023-08-10 07:00:00,-28.9056100140214,38.5816713553907,-3217.75778782981,4635.2748259575,5.87449301871022,4.20198802212265,0.0668107886612434,0.0521937096522817,0.910660489961246,1.08312876126598,0.0847199548507478,NA,0.763436482413922,1.09393725278718,0.682099365889145
"460","244383",2023-08-10 13:00:00,-28.9300413678175,38.5932488262208,-3220.47747369378,4636.91686713615,7.99940612632925,6.17383306646913,-0.631118947095058,0.353091495949779,1.25088418552069,1.47309119447326,0.529542908369578,NA,0.908975004552743,1.03995728260201,0.712790371195774
"461","244383",2023-08-10 19:00:00,-29.0032154923906,38.6034007706913,-3228.62317998051,4638.35694457199,9.17291722756454,4.41267604517666,-1.35761771197142,0.240012878623655,1.0122811791019,0.936787046382942,1.3788013774352,NA,1.05663162395037,0.972051730889046,0.742046318234205
"462","244383",2023-08-11 01:00:00,-29.103527019942,38.5846390137437,-3239.78980814822,4635.69570567811,8.04753438887855,1.57176204406986,-1.99964260385808,-0.773825399044783,1.11606788950113,0.553118970456485,1.91309528549274,NA,1.17225968620242,0.905216173710447,0.76355322172679
"463","244383",2023-08-11 07:00:00,-29.2480586644899,38.575175505241,-3255.87899722281,4634.35363164036,4.56670741409579,1.68645358127513,-2.7324087250332,-0.174336839521848,1.15476681964512,0.431594190462732,2.69066740041045,NA,1.219067192482,0.863719055702801,0.771899350971589
"464","244383",2023-08-11 13:00:00,-29.3619349320506,38.625628977435,-3268.5556453411,4641.51078586619,7.74291929523188,2.54064650043496,-1.82751297668382,1.60163212665417,1.49005824183207,0.717763242392158,2.42650780445175,NA,1.12084826542102,0.896219171903407,0.754146027072504
"465","244383",2023-08-11 19:00:00,-29.394081860416,38.6274800841068,-3272.13422503731,4641.77347393619,13.1173985116742,4.4955053349493,-0.580872347478194,0.0240855752112096,1.41999664369263,0.740824787745838,0.598021447762262,NA,1.01405466274589,0.998833168731218,0.733812903172062
"466","244383",2023-08-12 01:00:00,-29.3956661068702,38.6206929971532,-3272.31058254588,4640.81036092997,17.1321956146909,5.45884248074153,0.111049274540133,-0.11171192224592,1.35384606374198,1.54805721991798,0.163187299092648,NA,1.07434402912734,1.05132078808176,0.745422151908863
"467","244383",2023-08-12 07:00:00,-29.3656329997819,38.6107721575823,-3268.96731235787,4639.40272202314,16.5842120350173,6.2387121872125,0.557211673756983,-0.234606511947575,1.22616292593874,0.939161041192402,0.604533807562853,NA,1.15169706840387,1.08035743790626,0.759820756893595
"468","244383",2023-08-12 13:00:00,-29.3289369565522,38.5721662492986,-3264.88232751141,4633.92690927047,14.3605967055904,5.3645021184613,0.690045623234521,-1.20371230899847,1.36329248120619,1.46748372333433,1.13865849221911,NA,1.22972328903728,1.09364002784191,0.773770139709645
"469","244383",2023-08-12 19:00:00,-29.3022165418856,38.5066401184593,-3261.90782455694,4624.6395524043,7.78512448266997,1.80778620909497,0.495750452146258,-1.54789272675425,1.41230729414193,0.76870503575396,1.6253941698891,NA,1.2949996601871,1.10474195526045,0.784992231274686
"470","244383",2023-08-13 01:00:00,-29.3024108927885,38.4807654183147,-3261.92945960049,4620.97454447798,4.54467479694902,3.27996063553415,-0.2596641900904,-0.602234952872833,1.35784760388899,1.27104440279786,0.610869737010697,NA,1.34470235687303,1.12090562311942,0.793262178755727
"471","244383",2023-08-13 07:00:00,-29.3364807770824,38.4078028696634,-3265.72210177147,4610.64694067197,4.63566295148678,1.6954887687951,-0.632106992017742,-1.7212672310601,0.764753484407989,0.535500530944579,1.83361797310979,NA,1.42695899447567,1.11127113411587,0.806427049622315
"472","244383",2023-08-13 13:00:00,-29.3713858473792,38.361829020288,-3269.60771642302,4604.14489523354,2.81344704417868,6.47061948896436,-0.621519843375333,-0.988531241999375,0.969819839938556,1.30412734639063,1.26236909556624,NA,1.49334737815869,1.10057557796937,0.816580164230416
"473","244383",2023-08-13 19:00:00,-29.3895677137483,38.3598300244691,-3271.6317125289,4603.86227331543,2.92235590582133,4.53723979442634,-0.337332753273315,-0.0471036782350427,0.603084533729952,0.998046379819961,0.34062026813094,NA,1.56639712088628,1.08341077211258,0.82726938263748
"474","244383",2023-08-14 01:00:00,-29.4362448473854,38.3686275924138,-3276.82778727706,4605.10614948398,4.18964176875666,2.42124077595206,-0.961079632892868,0.247906480287493,0.770591878091098,0.843480578768071,0.890155887584552,NA,1.66373840009796,1.03976547315421,0.840739200707339
"475","244383",2023-08-14 07:00:00,-29.5118101766152,38.5059027602514,-3285.23968124856,4624.53509132552,2.29727166452399,2.56025843731767,-1.50245613546699,3.97992077011223,0.76634348226857,0.610651630931629,3.52873660451123,NA,1.75185779471018,0.986802419186565,0.852186970995474
"476","244383",2023-08-14 13:00:00,-29.5706398122599,38.721248341358,-3291.78856633207,4655.08896072378,5.38031494165856,5.4958678573206,-0.868893250263171,5.20793246158472,1.36741576178812,1.65481634213307,5.20809518794891,NA,1.80324913397635,0.943005834663554,0.858543989972378
"477","244383",2023-08-14 19:00:00,-29.5846908389565,38.9179395996229,-3293.35271946906,4683.07730873666,10.7749050877327,9.18910388057231,-0.260692218500129,4.66472462467147,1.30349032220178,1.25526355663149,4.67199377050923,NA,1.73990471343495,0.985750064895339,0.850674961900329
"478","244383",2023-08-15 01:00:00,-29.5849245064556,39.0545885311857,-3293.37873121608,4702.56794312954,14.7510553421027,10.0482722456856,0.0116847006283612,2.82240545242539,1.38805896314629,1.73454652879464,3.24847195753236,NA,1.68212714127967,1.0728577519706,0.843185994273515
"479","244383",2023-08-15 07:00:00,-29.5764882410782,39.0750469807335,-3292.43961045006,4705.48926045969,17.2661979154864,14.761936327756,0.156520151081633,0.486886257355314,1.44380912610455,1.8590910092433,0.511698486172967,NA,1.68381912627132,1.15068796773739,0.843409584352345
"480","244383",2023-08-15 13:00:00,-29.5477422500401,39.035107086232,-3289.23962136536,4699.78692786978,19.0325264213065,17.8724126862316,0.533331537530503,-0.950388729322043,1.49719277607237,1.82560177459224,1.08991044440341,NA,1.81352057950352,1.126204116091,0.85978683005974
"481","244383",2023-08-15 19:00:00,-29.4885764229702,38.9785676741846,-3282.65331162357,4691.7201868762,21.5595582294377,21.8497253227809,1.16749928219728,-1.39114286020396,1.59549878681263,2.03370407309799,1.73590375402794,NA,1.95113862355077,1.08586670469795,0.87557074405247
"482","244383",2023-08-16 01:00:00,-29.3976190052294,38.9142597274465,-3272.5279781968,4682.5529617034,23.139723221824,23.4496651627462,1.68755556128294,-1.52787084993896,1.57193024078737,1.96213975956426,2.27671956195052,NA,2.06859536422198,1.05444086452395,0.887813134545029
"483","244383",2023-08-16 07:00:00,-29.2858840638146,38.8580984822202,-3260.08970141469,4674.553912735,23.7596702264004,22.8670286458315,2.07304612050646,-1.33317481587356,1.58928568790396,2.02880439455679,2.46492400110425,NA,2.15215791955062,1.04279027686957,0.895870254200086
"484","244383",2023-08-16 13:00:00,-29.1630803557678,38.8228027937738,-3246.41925516739,4669.53000483686,24.7858605381264,24.0031944192917,2.30721306327576,-0.765781471433195,1.67808732096578,2.18018100790525,2.4274372458088,NA,2.20469433261071,1.050589515038,0.900670272150522
"485","244383",2023-08-16 19:00:00,-29.0354122572582,38.803422759573,-3232.20730745076,4666.77256265767,25.4693898507349,24.6551588139119,2.36865793470011,-0.459573709513896,1.7195292629041,2.17437402708376,2.41276107752591,NA,2.2356286130815,1.07308658144821,0.903403659197997
"486","244383",2023-08-17 01:00:00,-28.9153329904205,38.7828206581119,-3218.84014461155,4663.84207053914,27.2503828548302,26.8038321829653,2.21633736506206,-0.49092357254006,1.76698444127659,2.27184029053196,2.28077101485721,NA,2.24732156235117,1.11099896165027,0.904419248037114
"487","244383",2023-08-17 07:00:00,-28.8077536083144,38.7709729412639,-3206.86446257564,4662.15720958833,29.4923416434421,30.252865161443,1.96611491654658,-0.251929224835963,1.75685146165209,2.3001798705951,2.01560249664237,NA,2.25234491463126,1.15717972318114,0.904852610780537
"488","244383",2023-08-17 13:00:00,-28.7178665890324,38.770948465284,-3196.85828536025,4662.15372915718,30.4755017236602,31.4551029657431,1.66769619808389,-0.000580071763692603,1.68257526674886,2.12901487650764,1.66766282500487,NA,2.25964093317136,1.20417547890532,0.905478904122041
"489","244383",2023-08-17 19:00:00,-28.6469653222946,38.7818909781384,-3188.9655924504,4663.7098507717,29.9098686027781,29.0965168562019,1.31544881382693,0.259353602514982,1.65689936104784,2.04819347390074,1.3406799763237,NA,2.2762985956486,1.24361634484765,0.906894983706382
"490","244383",2023-08-18 01:00:00,-28.5979511148933,38.8041574430322,-3183.50935584085,4666.87708155913,27.8716707526526,22.6541652693792,0.909372763775698,0.52787179800006,1.71523674428558,2.14432651928015,1.05131184670383,NA,2.3029028031026,1.27166600257612,0.909117162712209
"491","244383",2023-08-18 07:00:00,-28.573725273621,38.8380990358082,-3180.81254752638,4671.7069286467,25.3800178320142,12.6394443154799,0.449468047930194,0.804974514691542,1.82335962802815,2.28317708601821,0.921773739964545,NA,2.33983925740499,1.28497238211347,0.912123201787241
"492","244383",2023-08-18 13:00:00,-28.5756207335774,38.8831920886589,-3181.02354916354,4678.12720854609,24.7195999802423,2.09497759485149,-0.06714316822545,1.00924312612296,1.90595323585067,2.19790350541322,1.07056544221971,NA,2.38488640019022,1.28338527869608,0.915667531758281
"493","244383",2023-08-18 19:00:00,-28.6052821808583,38.8928210031537,-3184.32544637105,4679.49869076274,27.219262607897,14.1984608111541,-0.686994902971696,0.0510762357149594,1.964670345217,2.57234077880848,0.596170638860286,NA,2.43274506644184,1.27089408411554,0.919290439001886
"494","244383",2023-08-19 01:00:00,-28.6718242418906,38.8646418000758,-3191.7328747215,4675.48554984014,30.5598891967863,26.3310509264951,-1.23457137965986,-0.668856813547235,1.87526910943338,2.62418123748126,1.40420246735986,NA,2.48808437232946,1.24248115790683,0.923302257047103
"495","244383",2023-08-19 07:00:00,-28.7605828020552,38.8129744147017,-3201.61343244256,4668.13150271567,33.1168456952884,35.3954681517061,-1.64675960809476,-1.22567451386118,1.74231382116784,2.45885979531361,2.05277660649958,NA,2.53516403486979,1.21286495122439,0.926570476965941
"496","244383",2023-08-19 13:00:00,-28.8642605813902,38.7446528256492,-3213.15479004471,4658.415241483,33.7499137659315,40.4187755100953,-1.92355958827641,-1.61937686522688,1.64068476556974,2.26040021328112,2.51431438652165,NA,2.56343437177472,1.19349180739886,0.928470879561707
"497","244383",2023-08-19 19:00:00,-28.9755602999339,38.6665220313382,-3225.54461803843,4647.31545823582,31.9821216544157,41.0097974010112,-2.0649713202048,-1.84996386764433,1.61886142798865,2.16370038267671,2.77226861936174,NA,2.57100834355009,1.18783721683199,0.92897225803426
"498","244383",2023-08-20 01:00:00,-29.0871846777245,38.5854508497383,-3237.9705869342,4635.81084506783,27.7529038589593,37.1981812750427,-2.07099480387994,-1.91743552111353,1.67881788258879,2.22690842399243,2.82215144343108,NA,2.56098525026804,1.19547733843623,0.928308055994716
"499","244383",2023-08-20 07:00:00,-29.1918364348004,38.5083379982059,-3249.62036724251,4624.88009407272,21.3209838822825,29.418882297819,-1.94163003930182,-1.82179182563448,1.77252251242341,2.3937571466214,2.66234009855738,NA,2.54004823003169,1.21271419272121,0.926902094451495
"500","244383",2023-08-20 13:00:00,-29.2822182911996,38.4421114739148,-3259.68162947382,4615.50189734416,13.2343694972491,18.5164103706502,-1.67687702647045,-1.56303278120719,1.81891003854148,2.52469692092204,2.29229729947135,NA,2.51719475254596,1.23245894625491,0.925338479301046
"501","244383",2023-08-20 19:00:00,-29.3510329669605,38.3937212604717,-3267.34204413863,4608.65494697587,3.82779980519406,4.72618853312546,-1.27673576538582,-1.14115838783164,1.70187774346607,2.42123180838807,1.7124206794269,NA,2.50214657841209,1.24461046615411,0.924292166162334
"502","244383",2023-08-21 01:00:00,-29.3963989522707,38.3655634504211,-3272.3921625227,4604.67289731396,4.73743365472339,6.64272951193653,-0.710735461930334,-0.519457525603822,1.1717246675307,1.68194052936217,1.07199471812417,NA,2.50303713861593,1.23823347465142,0.924354460601077
"503","244383",2023-08-21 07:00:00,-29.4646644965161,38.3737166744215,-3279.99144814682,4605.82575747178,4.43314559260157,5.96798051259976,-1.26654774873063,0.192143356212025,0.743412479725959,1.02503756991849,1.2810630696235,NA,2.51895614721678,1.21043086205486,0.925460077956437
"504","244383",2023-08-21 13:00:00,-29.6334598392955,38.4077113497824,-3298.7816597533,4610.63399294615,7.10895508977364,8.1802997304282,-3.29045417653743,0.738487096880493,1.2351353471858,1.58745460466075,3.23287682930168,NA,2.52969573859258,1.17835355091486,0.926197558110658
"505","244383",2023-08-21 19:00:00,-29.7892613701948,38.4050363938893,-3316.12540683782,4610.25556230627,10.495085071782,10.9985803898295,-2.81376087851413,-0.213284128203326,1.21719779637443,1.46467013565401,2.89123234782297,NA,2.47853550128634,1.19882024767986,0.922623312668132
"506","244383",2023-08-22 01:00:00,-29.9221907187697,38.3797303447796,-3330.92303423266,4606.67617017622,12.6088243831724,11.2196721755111,-2.30006250968883,-0.733703197076898,1.23366902730625,1.61617917703341,2.53728990329677,NA,2.43345536129349,1.225114918405,0.919343124010415
"507","244383",2023-08-22 07:00:00,-30.0174431593873,38.3376380112425,-3341.52648741903,4600.7252516736,10.3585205743371,3.45581153342487,-1.76724219370436,-0.991819735667391,1.20025723538444,1.61311552338484,2.02660703282016,NA,2.40273040614274,1.24655630750458,0.917035273802078
"508","244383",2023-08-22 13:00:00,-30.0853063704896,38.3015895505726,-3349.08098552254,4595.63157269031,8.0994608159994,3.02927015017853,-1.20353694465576,-0.832831237979548,1.13813584806817,0.765784330800105,1.51873977347889,NA,2.40254741535735,1.24082519641012,0.917021350511428
"509","244383",2023-08-22 19:00:00,-30.1317435472241,38.206046861617,-3354.25034839049,4582.14363754042,5.6568519136779,3.23659532983079,-0.765602775463129,-2.72560519528512,1.06084167203297,0.83778071897515,2.40742224137259,NA,2.42040602590408,1.21401703937802,0.918370188003958
"510","244383",2023-08-23 01:00:00,-30.16497961637,38.0983472849883,-3357.95017068379,4566.96087504716,3.33090789008955,1.29076288784817,-0.578107291884695,-2.70303136718194,1.07237913364081,0.797846105874254,2.60452164906226,NA,2.43561703485917,1.18339650258547,0.919503269779575
"511","244383",2023-08-23 07:00:00,-30.2177774187279,37.9830034132609,-3363.82759515727,4550.72547076959,3.8278960452951,4.25440882706352,-1.07142945198271,-2.66729369843876,0.721167620590897,0.871484696669809,2.87778248520073,NA,2.44434236842681,1.15357292776799,0.920146733495835
"512","244383",2023-08-23 13:00:00,-30.3027087095117,37.8362095984644,-3373.28210319973,4530.10044644819,2.33826545658323,3.81639798596253,-1.81605382304405,-3.81322888237839,1.05925668131228,1.4769454909213,3.78150833718958,NA,2.43675552594137,1.13354943904415,0.919587497245374
"513","244383",2023-08-23 19:00:00,-30.4347096936128,37.6423111846692,-3387.97638553408,4502.92039178472,3.98077761490588,4.31002320964303,-2.44904692893056,-4.53000905051104,0.655369966580227,0.79717964254811,5.14945252147885,NA,2.38565475567076,1.15285849267381,0.915726845608403
"514","244383",2023-08-24 01:00:00,-30.5203904498818,37.4799183670098,-3397.51432369274,4480.21169515,6.38335322072584,8.13393267471891,-1.43947596001351,-3.65382239924195,0.996848276566967,1.42610000761582,4.10489909865939,NA,2.24028733795218,1.28153519247444,0.903809441756099
"515","244383",2023-08-24 07:00:00,-30.5264713211421,37.3793864522144,-3398.19124318501,4466.17844716635,4.39950854582627,4.83040013544264,-0.112819885442724,-2.33887464397102,0.787752022444669,1.01971294846799,2.34161975875314,NA,2.15875096580848,1.37910930968748,0.896483694708039
"516","244383",2023-08-24 13:00:00,-30.4771708345469,37.3156631166983,-3392.70313812137,4457.29313095886,4.71541554478039,3.90988985185764,1.41879600692188,-1.7234155567614,1.21846740240779,1.53954808942924,1.74048984608149,NA,2.19741239163183,1.3498740796662,0.90001690201678
"517","244383",2023-08-24 19:00:00,-30.3655039475363,37.14450472659,-3380.27243712088,4433.46503955598,6.84493750419515,1.58954854522951,2.07178338724023,-3.97134844326363,1.02198256829989,0.687224013317751,4.4794108866183,NA,2.25788068569855,1.29424036647359,0.905328142504837
"518","244383",2023-08-25 01:00:00,-30.2908411267457,37.0125622429065,-3371.96100992928,4415.13355398176,10.5913986057416,9.82446127045625,1.24257311611184,-2.85952843945827,1.28599846196506,1.82462815429265,3.35456632839882,NA,2.23703070566995,1.33326710155435,0.903525944305967
"519","244383",2023-08-25 07:00:00,-30.246546270682,36.9189976534418,-3367.03012910751,4402.15356403056,13.177195222604,15.8506126773146,0.740644038567363,-2.02504890273646,1.27770800350235,1.83561404634905,2.31399637346454,NA,2.27303122494077,1.33169115076216,0.906618731425111
"520","244383",2023-08-25 13:00:00,-30.2144010576079,36.8711233975552,-3363.45174035666,4395.51829668125,12.6230351228538,16.5195215685658,0.59639816194596,-1.10587788505083,1.17381179369132,1.58775240024144,1.25630196617259,NA,2.34905752097653,1.29289421761473,0.91285928514878
"521","244383",2023-08-25 19:00:00,-30.1667402043409,36.8682105409429,-3358.1461584402,4395.11471652538,9.24182363801188,11.5010820684935,0.884263689545834,-0.067263352812589,1.21345638368975,1.63110580113351,0.886873015095834,NA,2.44958858225895,1.22677177739049,0.920531359426083
"522","244383",2023-08-26 01:00:00,-30.0893642330093,36.9032434265651,-3349.53270471193,4399.96959912609,7.21079634896993,6.79947215089576,1.67875829953401,1.20208324075483,1.22060830960151,1.74321676168332,1.64779738849561,NA,2.55565796143919,1.15111631420368,0.927952703178795
"523","244383",2023-08-26 07:00:00,-29.9657557672672,37.0158732465851,-3335.77267324778,4415.59317654074,4.29166182219794,5.79064284076731,2.35339964546297,2.74211936017699,0.904086950559449,1.08189178160245,3.46943700176517,NA,2.64924086232329,1.08220142593193,0.933964186049313
"524","244383",2023-08-26 13:00:00,-29.8208964074068,37.0750231100754,-3319.64700307149,4423.80757121188,1.71718228367786,0.357624016300761,2.7893222052987,0.545274209959147,1.10456870632047,1.43801775770152,3.01612811744029,NA,2.69966865176209,1.04336196828576,0.937007089009917
"525","244383",2023-08-26 19:00:00,-29.6566659847626,37.0793757976061,-3301.36495604997,4424.41230270239,2.93126948963382,2.02713429493791,3.05646336709007,0.0851537568188689,0.523557310669357,0.350151573819199,3.0486786821015,NA,2.74701790149305,1.00199754720752,0.939744710994762
"526","244383",2023-08-27 01:00:00,-29.4555172424085,37.0980940671049,-3278.97318047741,4427.01328529086,4.71496585261421,6.36650743825564,3.77899528515485,0.457941951630825,0.790845133600388,1.1210366803762,3.75702958273749,NA,2.77875743472346,0.963387337821595,0.941517063003385
"527","244383",2023-08-27 07:00:00,-29.2422569447663,37.1441788018381,-3255.23315273745,4433.41971737775,0.465540469030278,0.281618192253008,3.95667124171946,1.06773868823929,0.754103307760594,1.02072323382144,4.09821050220727,NA,2.75831236673777,0.94757317871269,0.940381088002185
"528","244383",2023-08-27 13:00:00,-29.0445541047122,37.2182436038103,-3233.22497325424,4443.72402955832,1.46876278367242,1.19876806799299,3.59742992532926,2.01661885420344,0.636549822586144,0.68047350527715,4.050186261371,NA,2.70208317318269,0.945142833845505,0.937149455375013
"529","244383",2023-08-27 19:00:00,-28.8628570170499,37.2781780907872,-3212.99854597706,4452.06992381842,5.70366466286244,7.69719309070852,3.30190212182463,1.21273029527817,1.27780587551728,1.74488294184989,3.64669627961792,NA,2.64292339361014,0.938519543216621,0.933573485801146
"530","244383",2023-08-28 01:00:00,-28.6934596646767,37.2927624439662,-3194.14131896914,4454.10181260775,9.91641042131477,12.9542970126475,3.14287119025406,0.338648134324658,1.15333214343845,1.56159502449056,3.16099180638432,NA,2.5912756067461,0.920445843050304,0.930297977536699
"531","244383",2023-08-28 07:00:00,-28.5184569320194,37.2715067017342,-3174.6601038823,4451.14059975711,10.1948825791752,11.8343590053238,3.24686920340774,-0.493535472337966,1.0281183484545,1.41801076597497,3.28414994408373,NA,2.55106731606149,0.885242155590852,0.927645185166871
"532","244383",2023-08-28 13:00:00,-28.3268964650632,37.2232998262367,-3153.33569024461,4444.42785150067,9.30608014536456,9.96052331931491,3.66799236640219,-1.27520340164219,1.20254727098459,1.75039488099311,3.72610836410364,NA,2.48834143727477,0.845851057870816,0.923320459171621
"533","244383",2023-08-28 19:00:00,-28.1107160853458,37.1609893504403,-3129.27060045498,4435.75760190853,6.04845491514414,7.26157766209362,4.01084824598919,-1.44504152317115,1.00713134488754,1.25767539792022,4.26344176225329,NA,2.37655847683347,0.810670961607711,0.915022215198641
"534","244383",2023-08-29 01:00:00,-27.9120412243026,37.1615533023417,-3107.15421609022,4435.83604118185,0.579713045654409,0.812902179953076,3.47698635864665,0.725652885783373,1.18540778416215,1.50232298698647,3.68595059869889,NA,2.18448813423585,0.796088843080875,0.898847866060218
"535","244383",2023-08-29 07:00:00,-27.7507587064509,37.2031928724526,-3089.20032832912,4441.62926184985,0.757781549951598,2.86562667863126,2.99231447251968,0.965536687910628,0.152644072598835,0.484361291655598,3.14418830011055,NA,2.00581293138727,0.7761496108303,0.88140604878549
"536","244383",2023-08-29 13:00:00,-27.621946464373,37.189267794708,-3074.86101513307,4439.69153829266,1.86141442536113,1.85925795536173,3.06253274819388,-0.849740620330424,0.845269837751031,1.02946523731808,2.4115583904232,NA,1.86240517796445,0.738151293213689,0.86557704488799
"537","244383",2023-08-29 19:00:00,-27.4767148194109,37.1317558175755,-3058.69390236881,4431.69235896845,2.68258506048517,3.39600358293981,2.69149181200834,-1.33715875159322,0.473291717318235,0.596027830820177,3.00621822969952,NA,1.76209777610139,0.665268258414373,0.853472197212171
"538","244383",2023-08-30 01:00:00,-27.1724812838328,37.0890540169268,-3024.82678010602,4425.75705125532,1.06642645445533,0.908872368762642,7.18695085752356,0.28492925550764,0.729735092702265,0.670789317821858,5.73056847769436,NA,1.58567761148148,0.563729207478033,0.830007103948238
"539","244383",2023-08-30 07:00:00,-26.9838034671799,37.1255880468078,-3003.82326163224,4430.83486526418,5.94194811096063,1.39574357863253,2.94230414422668,0.878927235966882,1.09182601401331,0.325420948491263,3.6007524147916,NA,0.947758560321808,0.559973275114099,0.720664183065473
"540","244383",2023-08-30 13:00:00,-26.8835393813255,36.9021793261338,-2992.66191465007,4399.82210222511,7.16324338529703,3.56906957599107,1.84376122923491,-5.26091370547581,0.990178096463604,0.750454790916626,5.49381624026133,NA,0.584208015537923,0.678737298630494,0.642035094793646
"541","244383",2023-08-30 19:00:00,-26.7704659389635,36.8619731725936,-2980.07463662409,4394.25057304141,5.35612517927016,4.44154658545403,2.14102730698402,-0.234689169251791,1.01944445416752,0.888860004130408,2.29401278325703,NA,0.487429419698734,0.720760834028555,0.619500682627961
"542","244383",2023-08-31 01:00:00,-26.7012951325307,36.8540008445573,-2972.37457767423,4393.14616667143,6.5547556516978,4.83198998473041,0.827659890671782,-0.506752986559071,1.3141106424192,1.56525118653631,1.29603799736699,NA,0.62885037722477,0.751762282308502,0.652228743042058
"543","244383",2023-08-31 07:00:00,-26.7001067636202,36.8119334825524,-2972.24228905224,4387.3204989389,9.2756894694639,9.68305569677426,0.022048146253767,-0.970944637432592,1.1534048601515,1.44904489452788,0.970961702636023,NA,0.797217215946988,0.792166576265114,0.689378902162134
"544","244383",2023-08-31 13:00:00,-26.7056772208719,36.7381988768391,-2972.86238951699,4377.11719935256,12.0678901538926,13.9390346137428,-0.136164321551936,-1.98326127158782,1.24572022985561,1.7184438135137,1.70357912504746,NA,1.0459116241312,0.786502632038828,0.739989046316031
"545","244383",2023-08-31 19:00:00,-26.7136384686969,36.6147430128222,-2973.74863157095,4360.05563949218,10.9745680170087,12.3853634076662,-0.147706993442165,-2.84359329793806,1.07655892017902,1.43710108920364,2.84748535212253,NA,1.26899091767096,0.777081686976536,0.780569960723014
"546","244383",2023-09-01 01:00:00,-26.7142212668967,36.4737282027989,-2973.81350836979,4340.60111249039,8.00365634928996,8.21466717035478,0.0517236861480376,-3.33737857904584,1.2220363010032,1.67078842454918,3.24256698080002,NA,1.42938368770554,0.772667622289195,0.806805269009022
"547","244383",2023-09-01 07:00:00,-26.7013965293867,36.3146756963835,-2972.38586512061,4318.70088291956,2.10524067506329,1.44861753352839,0.266233813034919,-3.69783681056933,1.24583096177868,1.34985458156792,3.65793253407679,NA,1.53105985339557,0.77213856087635,0.822161330495011
"548","244383",2023-09-01 13:00:00,-26.7054370921922,36.2023960421319,-2972.83565851463,4303.26802460754,4.3708294636373,1.09905912152972,-0.217017197909161,-2.17649962866906,0.910890437093661,0.382988826222672,2.57326396471116,NA,1.56637488040051,0.777191094851945,0.827266204565667
"549","244383",2023-09-01 19:00:00,-26.8240354424857,36.1889905083696,-2986.03796647823,4301.42692515468,3.05900486663851,2.7430577709391,-2.56437735596242,0.0280551994847281,0.701703694163566,0.56399928758493,2.22174085848658,NA,1.63781645750479,0.755251921336298,0.83723760340593
"550","244383",2023-09-02 01:00:00,-27.0944177531439,36.2169645233008,-3016.13678762021,4305.26920249734,0.669234625755592,0.81952365368325,-6.07581263314283,-0.110462605418024,0.576266667458137,0.667107656620601,5.05733379007943,NA,1.79368166805943,0.673072010268547,0.85737806688452
"551","244383",2023-09-02 07:00:00,-27.3427377510327,36.2119390570785,-3043.77964333897,4304.57884429577,3.68070795639835,1.14557621869227,-4.55867137763606,-0.114731273665292,0.623021617262853,0.246398775667526,4.60834229125161,NA,1.65244316610017,0.61999338900821,0.839220977966123
"552","244383",2023-09-02 13:00:00,-27.529121933398,36.2869486766966,-3064.5278356118,4314.88771767118,1.10068476379133,1.20196971834153,-3.17393774600279,1.64571662653313,0.923252170611329,0.979837869756674,3.86158919737938,NA,1.42285473215386,0.635764890488846,0.805785558288445
"553","244383",2023-09-02 19:00:00,-27.6169112591415,36.3375007640236,-3074.30049865065,4321.84093273734,1.70272703956142,3.05749307658243,-1.62877735841433,1.15886936327108,0.306890460507313,0.51827044257648,1.99885710907587,NA,1.26366505514524,0.688502283493391,0.779656381360701
"554","244383",2023-09-03 01:00:00,-27.7141538021531,36.5415233951869,-3085.12548902215,4349.94972923877,2.78297912850978,1.15821188585601,-1.17891218272673,6.5961549241147,0.980884289102002,0.580196466828436,5.02053966823396,NA,1.33944890493024,0.663505532507002,0.792399299449489
"555","244383",2023-09-03 07:00:00,-27.7116528748028,36.7570894283185,-3084.847087063,4379.73030662443,4.02588404389971,0.940398265181617,0.245749197991115,4.56544483008788,0.657273296559871,0.205311174912522,4.96366495022862,NA,1.26389815776871,0.660814376631238,0.779696423987967
"556","244383",2023-09-03 13:00:00,-27.7126348384768,36.8643273363744,-3084.95639875917,4394.5767175048,2.09935823109825,2.11058665455621,-0.299350891796154,2.44609132411526,1.04334427377182,1.05511477774497,2.47434005072497,NA,1.20170728827518,0.667842358425895,0.76882836134299
"557","244383",2023-09-03 19:00:00,-27.8102421536722,37.1570311032112,-3095.82199538443,4435.20707150039,5.63568801763268,3.24476405663458,-1.86233118864644,6.91885061476344,0.931342830394339,0.584785099199789,7.00982296534758,NA,1.30732905121803,0.615561632023518,0.787065866274933
"558","244383",2023-09-04 01:00:00,-27.8976391000391,37.3898411246923,-3105.55097895087,4467.63692982046,6.94082788741173,3.43790784595821,-1.35372066502168,4.01307391703997,1.04333324830517,1.44082014449914,5.64302485620276,NA,1.13093038040466,0.598766240005543,0.756010556631204
"559","244383",2023-09-04 07:00:00,-27.9182494369657,37.4429253339581,-3107.84531116261,4475.04562789293,3.18970697564285,2.69760351235785,-0.382388660768238,1.2347831729388,1.03013919080366,0.629146505036197,1.29247146605863,NA,0.877760018766856,0.714896536940789,0.706357826998928
"560","244383",2023-09-04 13:00:00,-27.8775737716385,37.5649266963044,-3103.31731681072,4492.09286912379,7.33407128209102,7.35139459338035,0.893218568644779,3.04390228521963,1.25905159449456,1.32990987235299,2.93978803279353,NA,1.11887609148834,0.682476581250119,0.753780183454527
"561","244383",2023-09-04 19:00:00,-27.8057073468521,37.7548777766986,-3095.31718299837,4518.69087068701,9.61471769462494,4.0443529608835,1.33335555254354,4.43300023507607,1.03724480691563,0.989668551306527,4.62913414377108,NA,1.32610279323096,0.657506878768979,0.790195260398834
"562","244383",2023-09-05 01:00:00,-27.7599426329528,37.9611968511657,-3090.22267835079,4547.65894906746,11.1693994076756,2.52593336595582,0.50462741411386,4.8826788104545,1.222171801864,1.28245900786345,4.90212014258723,NA,1.35872559230188,0.652782605573414,0.795552495003465
"563","244383",2023-09-05 07:00:00,-27.7922397176514,38.1350983849051,-3093.81797337355,4572.1392580162,10.8499648473997,7.21414194085329,-0.822376100154008,3.90175482497225,1.19230369347602,1.37196511444724,4.12359695953782,NA,1.28022144753121,0.654078570136274,0.782487469334421
"564","244383",2023-09-05 13:00:00,-27.9301241127356,38.2506133242176,-3109.16719402266,4588.43294126853,8.17157808950117,6.229949097605,-2.68253898841299,2.63071883098867,1.0950663227853,1.06362672283319,3.73065993528607,NA,1.23446048525953,0.641349424463733,0.77459830987984
"565","244383",2023-09-05 19:00:00,-28.1105752232752,38.3678430470788,-3129.254919761,4604.99521749487,3.73860311283164,0.76086936458301,-3.49023372701216,2.81115822091524,1.19416638426379,1.24850734081223,4.33954819608747,NA,1.15373505240867,0.59927159773876,0.760192478104817
"566","244383",2023-09-06 01:00:00,-28.2598008498453,38.3812460875194,-3145.8666405241,4606.89052753828,4.14024286246795,4.36292418723825,-2.29125202585451,-1.60210556134712,0.955408779712101,1.10320357933287,2.78715442988101,NA,0.79203811324755,0.555454837135302,0.688268785400108
"567","244383",2023-09-06 07:00:00,-28.3667605876843,38.1233376744116,-3157.77334407571,4570.48183902469,2.28244394423776,2.73341581127355,-1.96310366213699,-6.38987133111437,0.700696721353642,0.804269310460462,6.38429276914879,NA,0.437352823317257,0.558758682452032,0.60762808108391
"568","244383",2023-09-06 13:00:00,-28.5493991165035,38.1820878049883,-3178.1045721031,4578.76409470813,4.87873538012007,1.61825826378251,-3.79469198323069,3.11418099285116,1.06512111990236,0.940862613670671,3.65986128850771,NA,0.0747560522342689,0.568696246824577,0.518680314341518
"569","244383",2023-09-06 19:00:00,-28.7396255445385,38.2033318492889,-3199.28048120738,4581.76061536228,3.80834000628855,2.84625082948915,-3.50141142640429,0.263060832822759,0.682369300528221,0.53503836883757,3.56424359775464,NA,0.220404659797234,0.523821311591834,0.554879183550813
"570","244383",2023-09-07 01:00:00,-28.8048264344107,38.1485680358979,-3206.53861106722,4574.03784627632,1.972013051879,1.26758159147906,0.012086431888106,-1.02386008794501,1.14919739174562,1.34941138008144,1.76606339918403,NA,-0.11646608213783,0.61763167090859,0.470916347102245
"571","244383",2023-09-07 07:00:00,-28.7260998795155,38.2307070333307,-3197.77481106438,4585.62324756652,4.53700292434153,4.47143877499801,1.46063313982422,1.93090001765913,0.717691442825408,0.731027343834892,2.42099203252248,NA,-0.285082385712247,0.776022184583206,0.429208204433953
"572","244383",2023-09-07 13:00:00,-28.6782870476118,38.2432578415224,-3192.45231096347,4587.39465381424,3.67889726221043,2.04105774341984,0.350342979610517,-0.481615790456608,1.01518993009861,1.31639651410592,0.93497653773992,NA,-0.137296911352163,0.800060696131318,0.465729589621071
"573","244383",2023-09-07 19:00:00,-28.7822173128988,38.1836283563043,-3204.02177517324,4578.98136333326,2.21057164858489,1.20939703778178,-1.92824386999516,-1.40221493910848,0.530208452154328,0.339197518836496,2.38407123548213,NA,0.0228372447609773,0.830277708590884,0.505709063067125
"574","244383",2023-09-08 01:00:00,-28.883212142205,38.1847458612387,-3215.26446814436,4579.13897134294,4.24940809795,6.40693368210689,-1.51682375889606,0.628901382619884,1.31667469659337,1.82200424624484,1.87408760584794,NA,0.3874228637594,0.758448668758424,0.595662152577618
"575","244383",2023-09-08 07:00:00,-28.8904913389631,38.2447689825083,-3216.07478462085,4587.6079552651,9.82360652463586,12.7058258893093,-0.135052731047113,1.41149729991713,1.28886334379247,1.65884273316905,1.41824994100198,NA,0.670615604208585,0.757265338689129,0.661640989576319
"576","244383",2023-09-08 13:00:00,-28.8120856378763,38.3144660450144,-3207.34670190058,4597.45073945596,12.189219707303,13.9845862448042,1.45468046841216,1.64046401136737,1.13459190699589,1.53016171322841,2.19260570440928,NA,1.11885160925615,0.710366921032215,0.75377563963127
"577","244383",2023-09-08 19:00:00,-28.6449747368708,38.3696381415518,-3188.74400149464,4605.24903941367,12.5096955136121,14.7477908719124,3.27197990422275,1.2636123004901,1.1608891937081,1.65874871913592,3.36174478555774,NA,1.56069717210848,0.671014420326252,0.826453369878932
"578","244383",2023-09-09 01:00:00,-28.3880909347293,38.3747179915651,-3160.14782744721,4605.96735204383,9.29016348100403,11.1199031696257,4.76602897362417,0.119718737293376,1.19297733294086,1.59392812886587,4.76751444320527,NA,1.86235998946566,0.645118166650646,0.865571786964559
"579","244383",2023-09-09 07:00:00,-28.0702935403722,38.2951308320472,-3124.77078333195,4594.71921976752,3.36425609182167,3.42738536110769,5.8961739849311,-1.87468874711901,1.24878034604301,1.64376773612711,6.18748643049307,NA,1.9151702658425,0.594236240159548,0.871598886907933
"580","244383",2023-09-09 13:00:00,-27.7756697040141,38.1747773926775,-3091.973407893,4577.73314822338,4.85587650085629,6.55739464346186,4.69448790543018,-2.41609155786817,1.21288936251145,1.54519690003883,6.15645153305577,NA,1.6383926212227,0.529298980734307,0.837316102441184
"581","244383",2023-09-09 19:00:00,-27.6355960344847,38.1189101571144,-3076.38047832745,4569.8579455164,7.27468208008599,5.79838972767047,2.59882175338029,-1.31253381909965,0.985654016234319,0.977348693438631,2.91136369532587,NA,1.16564173042296,0.601415140084971,0.762356334758055
"582","244383",2023-09-10 01:00:00,-27.4886268711639,38.0581029489549,-3060.01994590426,4561.29329181788,9.60484509894934,2.77159610929524,2.95302704076746,-1.54744344955099,1.18325727216031,1.17476136347237,3.07791277347267,NA,1.30830668536864,0.571402811734143,0.787229665116905
"583","244383",2023-09-10 07:00:00,-27.2955496926945,37.9480367877864,-3038.52669271325,4545.80877515087,9.9124572868024,1.1206845847762,3.65678073301049,-2.70632520227924,1.10471107114622,0.613473140075781,4.41562746053509,NA,1.33292492479893,0.55384594654689,0.791324040072662
"584","244383",2023-09-10 13:00:00,-27.1009319824701,37.8174829221339,-3016.86194831171,4527.47226536086,8.72228126532519,2.20729456068205,3.48098989555775,-2.01898474689597,1.17043605019484,1.14500610022281,4.73096117952383,NA,1.08104643603645,0.523563145249612,0.746691960558287
"585","244383",2023-09-10 19:00:00,-26.9708368151964,37.8583486461153,-3002.37982053614,4533.20840216272,2.3078240644377,2.177230303659,2.41368778653253,0.95602235105681,1.20718421882183,0.458746093900208,2.5948888785647,NA,0.526463691743273,0.632415197284522,0.628657947233379
"586","244383",2023-09-11 01:00:00,-26.9329280088568,37.7018167712166,-2998.15983151784,4511.25406263524,1.91585775787239,1.16084498270628,-0.135683944796128,-3.20583510032002,0.80312554645974,0.532737727946154,3.72589426421427,NA,0.208736011229124,0.80945601052841,0.551995350179527
"587","244383",2023-09-11 07:00:00,-26.9914004226246,37.7014189210549,-3004.66895084392,4511.19832191071,1.69133683238277,0.471610038827096,-1.086452065709,0.00737220379993093,0.425412926556632,0.291868251448535,1.0849940410952,NA,0.161016178894179,0.888916158388295,0.540167300045059
"588","244383",2023-09-11 13:00:00,-27.0424224263672,37.7432691685277,-3010.34869431979,4517.06339754892,6.56171218785018,7.15244809434133,-0.93677556599201,0.833956604378705,1.14894808535233,1.45490210118277,1.36084804866758,NA,0.449814886734564,0.855395183973213,0.610595220710466
"589","244383",2023-09-11 19:00:00,-27.0883314722474,37.7628365078097,-3015.45926592999,4519.80679674241,7.47264218800573,6.76232563169219,-0.851761917344089,0.457233259129847,0.899877851238927,1.02892425192329,0.966506989603529,NA,0.712626128178195,0.842855694196789,0.670981178248578
"590","244383",2023-09-12 01:00:00,-27.1253931443093,37.824972709081,-3019.58495239186,4528.52333309069,7.4292991716778,3.98962908824897,-0.591296999773609,2.10696986076236,1.21904283738686,1.40286203243647,1.60725734476772,NA,0.96509235722766,0.835572731290124,0.724140220539807
"591","244383",2023-09-12 07:00:00,-27.1383226649416,38.0122258442327,-3021.02426004486,4554.83628130709,9.85235524793381,3.85408453240662,-0.188645147117681,4.71704038471503,1.38077614864646,0.891365169873452,4.39209756166799,NA,1.19921240303018,0.825293302565297,0.768384644746014
"592","244383",2023-09-12 13:00:00,-27.1157392459879,38.1212103142762,-3018.51028534656,4570.18206215918,13.4444049194399,2.09589869622877,0.673635233376798,1.37970457790374,1.40929405176027,0.903888199830572,2.59181266254225,NA,1.33058070522007,0.849824420508255,0.790936674016174
"593","244383",2023-09-12 19:00:00,-27.0228577306781,38.1987742627439,-3008.17076235816,4581.11768317503,15.2123370962531,10.4735855705094,1.7338948417956,1.8271185999476,1.31937139115454,1.68718399874122,2.50845545436905,NA,1.56122209098846,0.853068743372533,0.826528645146599
"594","244383",2023-09-13 01:00:00,-26.8942460190821,38.278404240607,-2993.85377211325,4592.35681663282,14.5792176215233,12.5892198218974,2.38616500442466,1.87318889209383,1.2558278205455,1.38161884002153,3.03361423371869,NA,1.77683431876867,0.856450899575322,0.855305528086907
"595","244383",2023-09-13 07:00:00,-26.7526934943998,38.3425901334802,-2978.09621714511,4601.42519044797,11.702800975427,6.37418645826847,2.626259124963,1.51139561832086,1.35625718601307,1.46440915806469,3.03006064411318,NA,1.91314861973378,0.891770577361416,0.871372465845271
"596","244383",2023-09-13 13:00:00,-26.6205443106463,38.380238279172,-2963.38543730092,4606.74800209658,11.659286269271,5.71011481022145,2.35257158267598,0.641196227489471,1.52190379884116,2.03590319505764,2.60731274293981,NA,2.00048176336808,0.953782534658065,0.880847650762451
"597","244383",2023-09-13 19:00:00,-26.5142763947448,38.3683131448344,-2951.55574701511,4605.06168754135,13.3712248834608,13.406793224133,1.97161505249099,-0.281052419058491,1.33319706397601,1.75758065109787,1.99154364462036,NA,2.08365059093571,1.02439272428045,0.889303917504025
"598","244383",2023-09-14 01:00:00,-26.4259058375392,38.3244987608963,-2941.71838158586,4598.86836833528,12.8009783823981,14.2895244280323,1.63956090972969,-1.03221986086524,1.16829283703409,1.44119675894816,1.93746066717355,NA,2.19747523197794,1.07702923258585,0.900022556656065
"599","244383",2023-09-14 07:00:00,-26.3527968533063,38.2560081403147,-2933.57992668864,4589.19453170682,8.81053161450549,8.07398469539082,1.35640915439209,-1.61230609793077,1.25916704045906,1.59984157407469,2.10703517319449,NA,2.31722748083221,1.12134679688094,0.91029379691723
"600","244383",2023-09-14 13:00:00,-26.2896032690291,38.1739957505362,-2926.5452490655,4577.62292378312,6.81425105988872,3.71799765841117,1.13207297950396,-1.98663059429288,1.51410456011417,1.78473203542053,2.2570885024692,NA,2.43585507220554,1.16068082427599,0.919520886832147
"601","244383",2023-09-14 19:00:00,-26.2315970143343,38.0891179833824,-2920.08802233005,4565.66084064151,11.1657680798049,5.5779479195178,1.07620450282042,-1.99368048326385,1.47366172866936,0.876273636023121,2.26569466737597,NA,2.54995780364866,1.19741680975485,0.927570679798917
"602","244383",2023-09-15 01:00:00,-26.1538861808482,38.0338772503495,-2911.43729191726,4557.88311795929,17.6288235484071,10.671604896198,1.62050684764559,-1.05633504611513,1.7649641366712,2.12201067912442,1.93888724209194,NA,2.66075085267943,1.23066006812904,0.934670529754634
"603","244383",2023-09-15 07:00:00,-26.0423091111472,38.0155348860356,-2899.01658933393,4555.3018786703,24.2322986174283,21.6007528347831,2.08186319477591,-0.413842068277827,1.87003395550516,2.5534359713289,2.11426553553425,NA,2.77061445818935,1.25816140539601,0.94106707352311
"604","244383",2023-09-15 13:00:00,-25.913766760341,38.0190001653519,-2884.70732029682,4555.7894820894,30.0243966398813,31.6755580055787,2.38487815855813,0.0812672299707403,1.82128020094012,2.54173041881231,2.38610074204218,NA,2.86773874010991,1.29114622884378,0.946228410650035
"605","244383",2023-09-15 19:00:00,-25.7776426852964,38.0371243544338,-2869.55405757814,4558.34013636063,33.9917920522808,38.6437829720453,2.52554377215258,0.425109038659319,1.7231955722259,2.37416971196264,2.56087420548349,NA,2.95022629509685,1.33407227561965,0.950274182689596
"606","244383",2023-09-16 01:00:00,-25.6426873401716,38.0634507399641,-2854.53089727903,4562.04623654663,35.638145141352,41.6215913384996,2.50386003555926,0.617683357787908,1.64802164204812,2.21952915797381,2.57872868830279,NA,3.02205698302699,1.38528838986282,0.953560699261224
"607","244383",2023-09-16 07:00:00,-25.5176511791252,38.0915271438446,-2840.6119355006,4566.00017771005,34.819159229054,40.3106601013593,2.31982694877816,0.658990187356509,1.64180755574567,2.18756319672032,2.41145345750571,NA,3.08951125386282,1.43973050053382,0.956458015224123
"608","244383",2023-09-16 13:00:00,-25.4112846563156,38.1149103521808,-2828.77126834398,4569.29435491351,31.6963262770389,34.8417659303819,1.97344451180929,0.549029527365121,1.70987007476956,2.29105931315684,2.0483085399545,NA,3.15953237589539,1.48997818630168,0.959282685226865
"609","244383",2023-09-16 19:00:00,-25.3323382259012,38.1271648196962,-2819.9829919103,4571.02116321967,26.8152068184469,25.6780624116388,1.46471272465265,0.287801377813744,1.81459582208504,2.43526542550493,1.49273954375042,NA,3.23802918967258,1.52818687087744,0.962240567940941
"610","244383",2023-09-17 01:00:00,-25.2836580969989,38.1246388097481,-2814.56394474915,4570.66519279754,22.3603606118919,15.6568697477512,0.765629733124767,-0.150784727200064,1.91547512997711,2.49574969619655,0.905245940578074,NA,3.32834007108621,1.54871432266748,0.965388348197763
"611","244383",2023-09-17 07:00:00,-25.286211457256,38.0993834396025,-2814.84818351278,4567.10683755855,19.3852646654907,3.5139425846689,-0.0473731314226653,-0.593059191492359,1.89565362712208,2.27326319738029,0.594833832705443,NA,3.42805467314117,1.55319382032748,0.968569901580329
"612","244383",2023-09-17 13:00:00,-25.3315668552113,38.0740069324369,-2819.89712331789,4563.53266348097,20.7543801029952,11.0808967476239,-0.938134704984394,-0.595278222943757,1.83182405973063,2.13186055620311,1.03073209777383,NA,3.53672865237313,1.5414912646833,0.971714937597499
"613","244383",2023-09-17 19:00:00,-25.4132933287842,38.059160948643,-2828.99487274036,4561.44224897475,23.9865218767275,20.2493451269055,-1.68099546246921,-0.265588178675867,1.71809064002238,2.2126557920153,1.55562116181155,NA,3.6449878986905,1.52519594982589,0.97454324833179
"614","244383",2023-09-18 01:00:00,-25.540038773628,38.0589521438388,-2843.10411112073,4561.41285090187,25.2819891408909,25.1686063216464,-2.35153972355725,-0.00489968462096881,1.5560610974066,1.99955454823378,2.35152834008828,NA,3.74850145741046,1.50963277818308,0.976988964633335
"615","244383",2023-09-18 07:00:00,-25.698299292207,38.0630207468709,-2860.72159146163,4561.98569341722,24.3592060734015,25.4457439917064,-2.93624671697872,0.0954737467508316,1.48697480927665,1.84100038811622,2.93787252753732,NA,3.84173702462867,1.50138197370554,0.978994403518109
"616","244383",2023-09-18 13:00:00,-25.8834483487519,38.0645348859054,-2881.33229015706,4562.1988861447,21.0459457812403,20.5832528306082,-3.43511644273362,0.0355321154395342,1.53176289558231,1.90595207409817,3.43542831490497,NA,3.92397976038,1.50141000917173,0.980620690649399
"617","244383",2023-09-18 19:00:00,-26.0864640301666,38.0573481102331,-2903.9318924352,4561.18701841636,17.4465043520709,14.0336872180902,-3.83357365494903,-0.211946221545826,1.65084190112905,2.12573357064319,3.77051278900924,NA,3.99511782190461,1.51000991224304,0.981927354325027
"618","244383",2023-09-19 01:00:00,-26.3050320717053,38.0360034300807,-2928.26277552297,4558.18236791828,15.3297065889384,10.048301525435,-4.10334753261999,-0.600792097056199,1.64429789306098,2.05326850382545,4.0860863644359,NA,4.05767137722118,1.52452950131161,0.983004604957468
"619","244383",2023-09-19 07:00:00,-26.5421201233215,37.9916534650798,-2954.65529670205,4551.9421284801,14.5119855571913,9.06089546564151,-4.39875354961036,-1.0400399064998,1.36547498457171,1.39494306302468,4.5201430422183,NA,4.11214225607429,1.54473579147147,0.98389108336073
"620","244383",2023-09-19 13:00:00,-26.8028448655992,37.9331372598265,-2983.67904224961,4543.71445311358,12.9095736456947,7.54542976257489,-4.97819478627036,-1.45125598077871,1.34732937840804,1.6110240588681,5.02795512479878,NA,4.15659885914614,1.57351809004964,0.984580745019252
"621","244383",2023-09-19 19:00:00,-27.1053455066615,37.8413183512524,-3017.35325957731,4530.81754724701,8.25752166321048,5.20786430085024,-5.61236953850861,-2.14948435161679,1.61824430306971,1.2138033103217,6.00971882671592,NA,4.18818357509357,1.61540427669161,0.985052981434518
"622","244383",2023-09-20 01:00:00,-27.4132989442233,37.7277464466767,-3051.63447943473,4514.88758593243,14.6404653304328,15.3422062687159,-5.72075704713657,-2.6930870179061,2.41379869290233,2.88892694872813,6.29989970131052,NA,4.19592673804386,1.6864422202469,0.985166561552086
"623","244385",2024-02-23 23:00:00,-28.3211999999999,38.5860999999999,-3152.70156265444,4635.90291234744,9.99999999936304e-06,9.99999999927635e-06,-3.16193364378901e-11,1.27301310670296e-11,9.99999999976553e-06,9.99999999978914e-06,0,NA,0.939300023471238,0.430486573961985,0.7189582437373
"624","244385",2024-02-24 05:00:00,-28.4393264327549,38.6408610051126,-3165.85133699796,4643.67254591051,2.82687695713003,2.40922288003284,-3.11049780749881,1.81375813199389,0.749612398002201,0.788498519848547,2.54553509365399,NA,0.939300023471238,0.422031058521455,0.7189582437373
"625","244385",2024-02-24 11:00:00,-28.6251935935568,38.7371283541391,-3186.54197469362,4657.34573234838,0.38300139684962,0.5515495290219,-3.26877837424998,1.84103534923416,0.434946601885352,0.469193538314942,4.13346542640235,NA,0.939300023471238,0.413402634669824,0.7189582437373
"626","244385",2024-02-24 17:00:00,-28.6675213725358,38.7544721831442,-3191.25388149597,4659.81111075015,8.30205418629648,9.68538614785443,-0.464976389924269,0.226939402633986,1.55576721425299,1.81380755233945,0.886307790421935,NA,0.934265563487614,0.404429175927535,0.717939873973754
"627","244385",2024-02-24 23:00:00,-28.56504700377,38.7111274413117,-3179.8464869456,4653.65090325385,8.42313055167734,9.30452653723725,1.90123240785604,-1.02670123918462,1.10338855892913,1.27640502605925,2.16071574828287,NA,0.936633373066151,0.397405878575615,0.71841911311889
"628","244385",2024-02-25 05:00:00,-28.3972890088465,38.6448344796823,-3161.17175237422,4644.23654559598,6.29037503383001,6.85728602047,3.66348414717147,-1.81598083571751,1.51737960734491,1.75437450422706,3.48555082815779,NA,0.941166917409976,0.390604124848715,0.719335309019434
"629","244385",2024-02-25 11:00:00,-28.1378365603419,38.539658701621,-3132.28963792162,4629.31838048355,0.440541936435328,0.508196563913156,5.02378418196784,-2.66641820370842,0.83810234205188,0.932103129198113,5.41794263076353,NA,0.942054555432582,0.383392826215527,0.719514481159963
"630","244385",2024-02-25 17:00:00,-27.9434861007422,38.4441435933374,-3110.65464372354,4615.78953233459,2.4084053816272,2.36208179492362,2.5797232792711,-1.70188481598582,0.935017202209164,0.907503779018226,4.25272593816902,NA,0.934083267946793,0.375269365801353,0.717902957257043
"631","244385",2024-02-25 23:00:00,-27.8604980460116,38.3445696013453,-3101.41645572901,4601.70498425771,1.95997683006735,2.01884478164375,1.36895097085967,-2.73710803735738,0.854238923467197,0.744438551095385,2.80729526192417,NA,0.92456606963395,0.36857578381536,0.715971559618727
"632","244385",2024-02-26 05:00:00,-27.6866910338269,38.2746395876275,-3082.0683476363,4591.82518635352,2.63292549784016,3.07496448519173,3.71425552546172,-1.34338682524956,0.613071328465971,0.741259873291304,3.62083118152808,NA,0.917212014340555,0.363138153704072,0.71447369399178
"633","244385",2024-02-26 11:00:00,-27.4861011806417,38.3209329206971,-3059.73878732143,4598.36449027986,3.00794961843325,1.9134323018137,3.05801113639927,2.15335920377728,1.26983589931232,1.0328362222213,3.87783114367893,NA,0.906915639924165,0.357398170101919,0.712368592858175
"634","244385",2024-02-26 17:00:00,-27.4507415223453,38.4488486512079,-3055.80256816525,4616.45553795811,5.14520000601527,5.39968033714605,0.178957273857951,3.15723749386584,1.01619701548891,1.11317458804478,3.08554436260793,NA,0.895271528230627,0.35202562156003,0.709976831826679
"635","244385",2024-02-26 23:00:00,-27.5590214727782,38.5315543056912,-3067.85623711056,4628.16976386591,0.66544332695008,0.689004945352744,-2.18116568395875,1.58979300928213,0.782545552746886,0.833912728275457,2.8015457770355,NA,0.888564351762329,0.348100317589035,0.708593816342941
"636","244385",2024-02-27 05:00:00,-27.6667788916109,38.6675610973132,-3079.85173810422,4647.46299472055,3.30929690141413,2.40411644180811,-2.62830733512777,4.57895422425129,0.806497964358755,0.598440332730366,3.78638941773395,NA,0.88379797241795,0.344661068234255,0.707608635612509
"637","244385",2024-02-27 11:00:00,-27.8058474585704,38.8141667524389,-3095.33278016349,4668.30115275873,1.67569088074108,0.998415396541589,-2.26798749190953,2.82758659969543,1.01141601102447,0.81539564960066,4.32651615692664,NA,0.875186891711485,0.340739802314914,0.705823834879688
"638","244385",2024-02-27 17:00:00,-27.9652775379782,38.9066845028891,-3113.0804554203,4681.47365001947,2.61271872249437,2.72121669564759,-2.91967025597374,1.735550306307,0.936590549498155,1.18191041498693,3.68382490721144,NA,0.861415582469136,0.336540743264113,0.702956325219685
"639","244385",2024-02-27 23:00:00,-27.8743941913333,39.0033690469431,-3102.96336755021,4695.25791391325,0.758146268486555,0.916310223135475,3.68664066022765,2.83708751725128,0.562175378030572,0.851752263525005,2.84968345506061,NA,0.845552275693234,0.332910334420145,0.699633299285949
"640","244385",2024-02-28 05:00:00,-27.757256249316,39.078267246729,-3089.92363149227,4705.94916871193,2.92812615021285,2.88747756706056,1.99340515711975,1.6622761940536,0.548635523450635,0.543703594161146,2.81030890164422,NA,0.838865027274022,0.331000230563835,0.698226123797914
"641","244385",2024-02-28 11:00:00,-27.7328954694286,39.1282847014044,-3087.21180187988,4713.0952230533,1.80493350917113,4.1882521299203,0.0419514383889682,0.994486048732427,0.689021219353668,1.38277023978787,1.27409452827141,NA,0.83027610469359,0.328930503080824,0.696413307544116
"642","244385",2024-02-28 17:00:00,-27.725476831307,39.185256816319,-3086.3859628618,4721.24113335679,11.3016093818027,15.1029628948775,0.160816657412997,1.42415959806053,2.14253645900561,2.5184282888159,1.36479933657312,NA,0.823946117354301,0.327235112196856,0.695073348658679
"643","244385",2024-02-28 23:00:00,-27.7136833642788,39.2599529745837,-3085.07312011753,4731.9313300422,21.7532853406016,25.0062625108221,0.218807118997243,1.78169944353085,2.34755384180762,2.52252591148145,1.7952350041968,NA,0.81720061490592,0.325170177612478,0.69364178545553
"644","244385",2024-02-29 05:00:00,-27.7058551473251,39.3433194686047,-3084.20168699243,4743.87595668734,29.0773712158639,29.9173883416996,0.145238849136599,1.99077110348684,2.2061703880461,2.26821657027336,1.9961501226846,NA,0.809549970322545,0.322674401729742,0.692013597415433
"645","244385",2024-02-29 11:00:00,-27.709083053599,39.4291190904647,-3084.56101587516,4756.18420417913,32.0969728993838,28.7969299301644,-0.0598881521689356,2.05137457792849,2.03101108525459,2.17528022044296,2.0522557038188,NA,0.800848037028954,0.319795251983656,0.690155855239896
"646","244385",2024-02-29 17:00:00,-27.7304579562532,39.5111441085458,-3086.94045915439,4767.96526340449,30.455847858896,21.9319093956026,-0.39657388491936,1.96350986685581,1.99783851233131,2.34628637781377,2.00309388802044,NA,0.791116703254668,0.316572627286285,0.688071058117683
"647","244385",2024-02-29 23:00:00,-27.777070728441,39.5832157946817,-3092.1293692188,4778.32832525032,24.3218367055715,10.5038529510495,-0.864818349114674,1.72717697026879,2.10095901391352,2.48630609732613,1.9315346976811,NA,0.780481239125571,0.313033793968997,0.685783822718864
"648","244385",2024-03-01 05:00:00,-27.8488360423323,39.6423977911416,-3100.1182474178,4786.84612654751,17.7189129508615,8.13023046557838,-1.49749914522566,1.30527247714825,2.22999626505686,2.01853719931188,1.94640694647931,NA,0.769034837481529,0.309182145664286,0.683312072729869
"649","244385",2024-03-01 11:00:00,-27.9606662164286,39.6761675319717,-3112.56712545352,4791.70974747703,12.3197669243948,10.7279222632595,-2.24327756201844,0.661195919626185,1.95204699848375,1.62518119957174,2.22796872314249,NA,0.756643314968469,0.304997836229842,0.680624517914922
"650","244385",2024-03-01 17:00:00,-28.1553100736293,39.6194777059737,-3134.23478052314,4783.54646977058,5.70795509202708,5.22772569974255,-4.05442986446273,-2.09483267956069,1.59124784245855,1.59981614381546,3.85958018022716,NA,0.742909338215062,0.300467604010527,0.677631720522005
"651","244385",2024-03-01 23:00:00,-28.4477273641702,39.3843194481164,-3166.78652440531,4749.75564024617,1.03714885055969,1.27261541277522,-5.41092497890711,-6.66173912525022,1.05732754317615,1.07013127979356,7.81950458025474,NA,0.725916629590715,0.295564438841826,0.6739085662349
"652","244385",2024-03-02 05:00:00,-28.5416645740965,39.321942497538,-3177.24356678084,4740.81172863896,5.82915569424329,4.63812785993209,-0.944125137538184,-0.43196506141866,1.18736981882655,0.96569467836437,2.29364081366597,NA,0.693151796598042,0.29067078569136,0.666667692452121
"653","244385",2024-03-02 11:00:00,-28.4569149657154,39.3000933675812,-3167.80928353092,4737.68079551417,5.76573162306411,3.51923099740187,2.23593151006585,-1.30426033490457,1.21007663516102,1.12137101188651,1.65666858630673,NA,0.680818991538682,0.29008927396358,0.663921463310957
"654","244385",2024-03-02 17:00:00,-28.275769283046,39.2562466973912,-3147.64423837676,4731.40063287489,3.8159098195923,4.04041414112698,3.60012075222644,-0.845142018139631,1.08515576769285,1.01370677933693,3.52035278901686,NA,0.673816283356118,0.289386839423726,0.662357161497355
"655","244385",2024-03-02 23:00:00,-28.1638840826486,39.2671804015918,-3135.18923484123,4732.96629758233,1.16199065796894,1.15348207981058,2.74398147554933,1.85657557252208,0.764985845660713,0.802899070496917,2.09235154605544,NA,0.662855127080517,0.288254223482796,0.659901461208799
"656","244385",2024-03-03 05:00:00,-27.991522197108,39.3474104109501,-3116.00199751067,4744.46247018955,3.95717512958499,4.62079293386238,2.62010294053285,1.40114625457462,1.37050879946474,1.59999823989399,3.72774017144237,NA,0.653193331918668,0.287395969830072,0.657729711490499
"657","244385",2024-03-03 11:00:00,-28.0781823115036,39.2862791511827,-3125.64895731728,4735.70175644232,2.59214504659575,3.20141485156047,-1.60782679826802,-1.46011902000599,0.604056616167033,0.704089557683715,2.17200009685592,NA,0.639314531367699,0.286272771128687,0.654598493052662
"658","244385",2024-03-03 17:00:00,-28.3767652564526,39.1554087605912,-3158.88705870856,4716.97260957102,3.74878749854218,4.27283140709229,-6.89596279470752,-3.2275249946669,1.33485632533751,1.59977293375334,6.35816582338303,NA,0.641743986664674,0.285598341019742,0.655147584705658
"659","244385",2024-03-03 23:00:00,-28.7064331874214,39.0849159673748,-3195.58552491487,4706.89878501514,3.29993458183462,3.80416162071366,-5.1910051439654,-1.22454020172906,1.08654751549077,1.25006337218099,6.34274936849107,NA,0.634244351896548,0.284544814620278,0.653451232179527
"660","244385",2024-03-04 05:00:00,-28.8075211061101,39.105278423366,-3206.83858054866,4709.80765340254,7.05147684952987,7.34290540021755,-1.22258300525732,0.846853689984361,1.45396556076889,1.58643555436914,1.93705925051901,NA,0.613624596057802,0.28527555541331,0.648767177414267
"661","244385",2024-03-04 11:00:00,-28.7218847593506,39.2062672488564,-3197.30558603399,4724.24689834909,6.62800582890114,4.35890656652683,1.95464193158038,2.6095877111576,1.19424812732701,1.2865249397526,2.8838935399721,NA,0.608304871237883,0.288269369499423,0.647554023390186
"662","244385",2024-03-04 17:00:00,-28.508068456893,39.3246783079204,-3173.50366412111,4741.20383379552,5.3190950638701,4.73322992840333,4.63486039930069,2.69972956034887,1.28262606397429,1.24475597728649,4.87061810149658,NA,0.607516497626483,0.291087384638438,0.647374073683437
"663","244385",2024-03-04 23:00:00,-28.276975658912,39.3702141210131,-3147.77853152388,4747.73244514449,2.24787580900213,1.55114552652928,3.67005412763631,0.384858484468369,1.21657018004444,0.845429194479585,4.42345454862824,NA,0.599395024812096,0.293752454683549,0.645517885243715
"664","244385",2024-03-05 05:00:00,-28.1659296596241,39.3371590316683,-3135.41694742852,4742.99280751204,6.31011550200496,5.70379628812938,1.36502600281804,-1.24073437393077,1.38187087262818,1.41280245425186,2.20659210712058,NA,0.585989416699583,0.297313674942128,0.642444403481625
"665","244385",2024-03-05 11:00:00,-28.1574237476012,39.2689931119621,-3134.4700736334,4733.22589458128,9.48175786617098,5.85541654923056,-0.100563613892501,-1.56777567872595,1.7287677322773,1.71010253609563,1.63536447742578,NA,0.577011525836352,0.301836662847698,0.640379468962905
"666","244385",2024-03-05 17:00:00,-28.1599599051307,39.2462510647803,-3134.75239739815,4729.96951178396,14.7155585830441,13.9279406047649,-0.0470539552996318,-0.542730478748003,1.78774944907549,2.06149629076065,0.544659802051155,NA,0.569759197912663,0.306254027527394,0.638707609467453
"667","244385",2024-03-05 23:00:00,-28.1517212649252,39.2469866027423,-3133.83527616564,4730.07481515735,15.2323747024719,15.722761064906,0.152853544245101,0.017550549703143,1.50571011155447,1.67635826797462,0.153745729854783,NA,0.563213823969544,0.310396042119677,0.637195830536832
"668","244385",2024-03-06 05:00:00,-28.1248171418992,39.2517250325543,-3130.84032289015,4730.75321967228,8.28655403740182,7.92769073276909,0.499158884741697,0.113067406627491,1.64303722149218,1.79989834134338,0.511700162474135,NA,0.556844467559038,0.314133386395505,0.63572209705465
"669","244385",2024-03-06 11:00:00,-28.0817907227197,39.2460382203313,-3126.05064381643,4729.93904009266,6.651960322787,7.0891465987572,0.860980704387221,-0.216718245665274,2.27379588113767,2.56350505054278,0.80975240643865,NA,0.550409758230526,0.317458996508321,0.634230652825928
"670","244385",2024-03-06 17:00:00,-28.0332029377798,39.2329476934607,-3120.64187633815,4728.06512527391,17.0911099709265,19.3088510740409,0.90146124091683,-0.312319131545338,2.2597781927133,2.56818429461235,0.954062948896199,NA,0.543744763982775,0.32039551333885,0.632683114480556
"671","244385",2024-03-06 23:00:00,-27.9902037919073,39.2235132541708,-3115.85523331508,4726.71479954688,23.4281294075516,25.9837155013439,0.797773831714956,-0.225054282926602,1.97268254726959,2.23293108784642,0.828921270069408,NA,0.53672368014392,0.322974800973399,0.631049933631499
"672","244385",2024-03-07 05:00:00,-27.9605637812501,39.2254029876152,-3112.55572242161,4726.98525731855,24.3231912607531,26.1003631040184,0.5499184767816,0.0450763001909362,1.78758806199753,2.0678264438702,0.551770453302654,NA,0.529479601108703,0.325227493465271,0.629361729011608
"673","244385",2024-03-07 11:00:00,-27.9520534019559,39.2462802704518,-3111.60835133213,4729.97369299592,19.7811157933611,20.1556447138987,0.157895176116761,0.498072617807275,1.87864998688758,2.2215980524226,0.522545188125707,NA,0.522231547799743,0.327154825085042,0.62766942859304
"674","244385",2024-03-07 17:00:00,-27.9724431501727,39.2937870775247,-3113.87812772102,4736.77730098598,10.2210588882825,9.44632530370841,-0.378296070279561,1.13393466992241,2.06005895868153,2.31774571910684,1.19541634374178,NA,0.515073311719044,0.328739860430933,0.625995022050014
"675","244385",2024-03-07 23:00:00,-28.0206311034261,39.3672073469451,-3119.24238613956,4747.30122231067,3.02872358964399,1.65884348017627,-1.098597190664,1.99716710366995,1.95272893009824,1.45035621953802,1.96872989307195,NA,0.507642852342793,0.329958784281838,0.62425374168145
"676","244385",2024-03-08 05:00:00,-28.1143112247356,39.4805925099773,-3129.67080954118,4763.57557323541,7.72489503285163,8.53669883997565,-1.76421353964937,2.74161831075044,1.20572256752047,1.41805606504684,3.22149024299389,NA,0.498932590682034,0.330819210043843,0.6222084532802
"677","244385",2024-03-08 11:00:00,-28.2168342395228,39.5829407209643,-3141.08361934188,4778.28875224302,1.9784977598214,1.43764328245225,-1.90213494604472,2.45219647228989,1.12406968979288,1.27119202942965,3.1034496366165,NA,0.486669256078748,0.331337009602769,0.61932148090345
"678","244385",2024-03-08 17:00:00,-28.3048096246516,39.64148040101,-3150.87699441677,4786.71403463672,5.41931558109934,7.56220774590452,-1.54429319289635,0.963229805153403,1.39123414811361,1.77249379049143,2.15315956656998,NA,0.471095468346368,0.332057042828907,0.615643006262264
"679","244385",2024-03-08 23:00:00,-28.3508547388429,39.6546948102673,-3156.00271308206,4788.61690340346,13.5603202994429,17.2679450258364,-0.610060234038201,0.158600796115099,2.23074204054757,2.65136098679061,0.911300221603153,NA,0.454816429252613,0.333168764695407,0.611783771038389
"680","244385",2024-03-09 05:00:00,-28.3357987530382,39.6368591159374,-3154.32668840889,4786.04865824222,23.5171515783263,28.2040264406785,0.279337435824656,-0.428040856178927,2.41422735653844,2.79329730220288,0.511022399919982,NA,0.439444156838325,0.334402881398244,0.60812657648078
"681","244385",2024-03-09 11:00:00,-28.2865572238209,39.6008558254314,-3148.84514645054,4780.86640867427,30.9698737009185,35.8289024504584,0.913590316689391,-0.863708257294529,2.2786150144505,2.59944737972555,1.25711594594869,NA,0.424971530424284,0.335441194281682,0.604672279261176
"682","244385",2024-03-09 17:00:00,-28.2168821790082,39.5529559962689,-3141.08895594099,4773.97600020671,34.3970959165407,38.4242041879108,1.292698408556,-1.14840140723171,2.10321346882528,2.4113621819343,1.72902985249484,NA,0.410051406313112,0.336189121170879,0.601100205053854
"683","244385",2024-03-09 23:00:00,-28.1405256464172,39.4994393391476,-3132.58898561422,4766.28327834659,33.3538855636576,35.6404505431778,1.41666171142449,-1.28212030599046,2.05913563751885,2.42092270606746,1.91064159851377,NA,0.393927436071862,0.3367640188788,0.597227790979918
"684","244385",2024-03-10 05:00:00,-28.0712396538653,39.4466022018581,-3124.87610420424,4758.694088601,28.0794832034593,28.0914376061217,1.28548022529486,-1.2648649535708,2.17249503910237,2.59732384140674,1.80344070244425,NA,0.376305152975485,0.337330585334271,0.592981642573197
"685","244385",2024-03-10 11:00:00,-28.0227762291696,39.4007597791915,-3119.48118044502,4752.11427647699,19.4287197458413,17.4430421068324,0.899153950167103,-1.09663534997271,2.30247870668941,2.6991368929655,1.41822507031315,NA,0.357430701559833,0.338009004867409,0.588418337381946
"686","244385",2024-03-10 17:00:00,-28.0088874001474,39.3682425601652,-3117.93508307055,4747.44968748164,8.0780383555454,5.45140318486248,0.257682886041225,-0.777431495196195,2.18738242530448,2.29308627184977,0.819121850015878,NA,0.337962857523518,0.338807522866745,0.583695591958599
"687","244385",2024-03-10 23:00:00,-28.0288297046828,39.3525468378628,-3120.15505025667,4745.19892257101,2.38951268940684,0.63270175378377,-0.742552593293148,-0.00505047757565307,1.19507092517866,0.657278104318168,0.526578807007053,NA,0.318622954566548,0.339614740695135,0.578988619015079
"688","244385",2024-03-11 05:00:00,-28.0821216330267,39.3995114101851,-3126.08748058331,4751.93515772797,5.45701289670853,3.12420164970694,-1.02969779295073,0.0628244053302054,1.80777902245391,1.1319676114212,1.49605824224994,NA,0.29948115949532,0.340309053051647,0.57431567704166
"689","244385",2024-03-11 11:00:00,-28.1137963435884,39.3444337656533,-3129.61349323405,4744.03570869067,15.4998410086256,9.04417298203432,-0.383119202154284,-1.18471032613447,2.27088099757333,2.18708095437173,1.44164086384395,NA,0.280472733253734,0.340858723290866,0.56966211698213
"690","244385",2024-03-11 17:00:00,-28.0986426846494,39.3133217850007,-3127.92659563731,4739.57628144418,22.9850038145413,18.4611012619342,0.281149588021332,-0.743237879052935,2.12807318694924,2.28618157646626,0.794666054787041,NA,0.263404291132175,0.341222912510617,0.565472957059146
"691","244385",2024-03-11 23:00:00,-28.0637973265985,39.2935879678259,-3124.04762812257,4736.74877611685,26.1563393846335,22.336792098822,0.646494574353988,-0.4712508925259,1.89808928898218,2.00977426856186,0.799811690204584,NA,0.246734168488317,0.341477592498843,0.561372505899294
"692","244385",2024-03-12 05:00:00,-28.0253719387424,39.2781425314881,-3119.7701335129,4734.53627994535,24.1735054026007,19.8593852903289,0.712915756843685,-0.368749366553367,1.8347710662674,1.97940754557619,0.80239388806194,NA,0.229876010891331,0.341569660191149,0.557217263455884
"693","244385",2024-03-12 11:00:00,-27.997929146721,39.2600988420123,-3116.71521587914,4731.9522171942,19.2014315379943,15.4271341276534,0.428601445123313,-0.465109777986912,2.01831235501004,2.17211402123669,0.666791218415922,NA,0.212720271659888,0.34152924738516,0.55298043839666
"694","244385",2024-03-12 17:00:00,-27.9938789502427,39.2513562568549,-3116.26435006956,4730.70042012334,12.4403293439824,11.4080224767849,-0.0125557829480828,-0.121637668227392,2.11246154597678,2.01119243690238,0.221747270805772,NA,0.195397946386801,0.341350904242549,0.548694653489877
"695","244385",2024-03-12 23:00:00,-28.0125991467574,39.2989085762401,-3118.34827281313,4737.51104563676,5.48148339301694,5.11229757612459,-0.381034807050328,1.41509694723201,1.95792889501359,2.012305021789,1.18704378962603,NA,0.178201931930608,0.340973171207132,0.544432961007643
"696","244385",2024-03-13 05:00:00,-28.0527896143764,39.4431329291951,-3122.82225520321,4758.19598753762,3.02938900246165,3.6214425484882,-0.745663750226659,3.44749020784604,0.834851916092648,0.839313651146014,3.5272143984418,NA,0.161275145695644,0.340329398941522,0.540231623255833
"697","244385",2024-03-13 11:00:00,-28.1187431730929,39.5188318252666,-3130.16417177554,4769.07015007505,2.60085757058812,4.04262957098517,-1.23717850952411,0.908936533788594,1.04661926085873,1.42734015263298,2.18689318710374,NA,0.141210115815129,0.340177494578589,0.535243983783034
"698","244385",2024-03-13 17:00:00,-28.1550049571523,39.5117366242486,-3134.20081511229,4768.05041599638,3.57706510192669,5.01458331505236,-0.448420629009694,-0.399438554328311,0.97308836888679,1.22418607960118,0.693942576742795,NA,0.120571019308765,0.341002155329187,0.530106291467682
"699","244385",2024-03-13 23:00:00,-28.169609096701,39.4224249935426,-3135.82654049032,4755.22336426319,0.892395295823982,1.21274127092665,-0.484669800843534,-3.41128336769598,0.907847365458919,1.11924967618997,2.15500537665468,NA,0.101757602568001,0.341703026763795,0.525417472092532
"700","244385",2024-03-14 05:00:00,-28.1853605228621,39.312873409618,-3137.57998122984,4739.51202829631,4.65812385833154,4.98573296735277,-0.16916663151101,-2.1340089422218,1.01607889174156,1.12436607892354,2.63459627076684,NA,0.0826902480912,0.342348162909425,0.520660790712864
"701","244385",2024-03-14 11:00:00,-28.062997529144,39.266325440674,-3123.9585950772,4732.84386156937,2.88561052450311,2.23688018640651,3.42537332339779,-0.827061285953485,0.923218526930021,0.9615544131396,2.52752132271535,NA,0.0606435836629498,0.344006754519761,0.515156251258742
"702","244385",2024-03-14 17:00:00,-27.9500641541678,39.2351900383818,-3111.38690928129,4728.38609294287,5.21187495459713,4.44350696785653,0.986137447231012,-0.19498676173984,1.7359478289345,1.49990996229154,2.22297802041925,NA,0.0399543677813294,0.34579509727589,0.509987263382102
"703","244385",2024-03-14 23:00:00,-28.0222237893297,39.2384759347161,-3119.41968312334,4728.85645250349,12.3907354444307,3.21067939098166,-1.35302786762856,-0.297788563792852,1.71784615202272,1.27396852993081,1.34133468853487,NA,0.0166995517697952,0.348903925307029,0.504174790922488
"704","244385",2024-03-15 05:00:00,-28.0901335200525,39.11511562244,-3126.97935976731,4711.21324497634,15.0585745219133,4.08068996811295,-1.25293870877567,-3.12491911260805,1.58311384301582,0.79973339852157,3.19862268862922,NA,-0.00061879328325214,0.350550144129037,0.499845301684123
"705","244385",2024-03-15 11:00:00,-28.1480082829267,39.0338708150599,-3133.42194890025,4699.61047376946,15.4201806253248,2.18594682162499,-0.983515131924815,-0.955823325409391,1.70532620919469,0.993118403565251,2.21148874669439,NA,-0.018609814094845,0.352395250069013,0.495347680743456
"706","244385",2024-03-15 17:00:00,-28.1901913699568,39.1208756170884,-3138.11774866852,4712.0363556165,10.8289014864277,6.07615377985993,-0.747059093341254,2.63545627893738,1.69847348350752,1.20690519762707,2.21412489666373,NA,-0.0385324226331553,0.355607230555054,0.490368086058976
"707","244385",2024-03-15 23:00:00,-28.2197751914279,39.2169923734,-3141.41100461041,4725.78159048187,4.22659025937848,4.50795413866961,-0.480162936252983,1.727899899743,1.65350945973396,1.38157458671537,2.35582069179359,NA,-0.0533876657896427,0.35724400386104,0.48665625281205
"708","244385",2024-03-16 05:00:00,-28.2253538268709,39.222203585779,-3142.03201546724,4726.52736472192,5.76962703279142,6.4540360859576,-0.0101059682162198,-0.251031742866273,1.19564343334029,1.30991895787667,0.161838019437714,NA,-0.0708299943767627,0.360011969538188,0.482299900738589
"709","244385",2024-03-16 11:00:00,-28.1800221591545,39.2166157389999,-3136.98571730025,4725.72769266597,3.23070856203194,1.54812735818935,1.19949484390397,0.246073148347564,1.30688420661079,1.28696396766782,0.851697418808555,NA,-0.0861120729290662,0.362203991384397,0.47848527495046
"710","244385",2024-03-16 17:00:00,-28.0801735900307,39.3102732571374,-3125.87062542895,4739.1394290867,5.26094912792772,3.81168328372041,2.0464451008955,3.38624368220795,1.1441395207836,1.2469113271696,2.9029713015334,NA,-0.101269030208459,0.364101187626256,0.474704356866695
"711","244385",2024-03-16 23:00:00,-28.0268363417931,39.4011441512856,-3119.93315011483,4752.16942768674,6.16186506166315,7.209498107321,-0.0246960013006442,0.595443405763056,1.60145156098592,1.84837458501271,2.38620310018478,NA,-0.117513171317163,0.36627455776815,0.470655468465497
"712","244385",2024-03-17 05:00:00,-28.1325942084049,39.2777320881187,-3131.70606197343,4734.4774923037,5.67791839383264,7.40797997332705,-1.96215178061542,-2.94865577239198,1.00041337606775,1.22046072180017,3.5412559694886,NA,-0.136279876810285,0.370079348149046,0.465982662587947
"713","244385",2024-03-17 11:00:00,-28.085819311785,39.2007775967856,-3126.4991042998,4723.46145800613,3.07045613005585,4.81296766270048,2.29144902068497,-0.941825714797577,1.346715295088,1.61821399500471,2.03087060791654,NA,-0.144546027958093,0.369677034690989,0.463926280167995
"714","244385",2024-03-17 17:00:00,-27.8778990496028,39.225532596937,-3103.35352658807,4727.00380721339,5.70733091027922,5.86388310908216,4.11504499448698,0.97207496853674,1.12740795359065,1.27158448139771,3.9022142236457,NA,-0.150181709388976,0.36892169459378,0.462524982190005
"715","244385",2024-03-17 23:00:00,-27.7930102832001,39.2032800322609,-3093.90375233805,4723.819490104,5.88978870020693,5.26819536561688,-0.0714514901109968,-1.63762751471452,1.45176013618363,1.7332129006197,1.66190321338033,NA,-0.156752592641395,0.368567693356973,0.46089189738713
"716","244385",2024-03-18 05:00:00,-27.897199724158,39.0835978405053,-3105.50206785153,4706.71051384165,5.82946339052803,6.73978668532616,-1.80157083779752,-2.76597425292064,1.22438402539824,1.36940450611604,3.44422888937548,NA,-0.162018534650612,0.368848642518227,0.459583738273153
"717","244385",2024-03-18 11:00:00,-27.8257618620424,39.0496759477293,-3097.54964141745,4701.86658910192,2.98687589921911,1.57891400116291,2.57567473618502,-0.0755182681865548,1.48976654733958,1.45042404577326,1.55201618448416,NA,-0.163884827314097,0.36760999458007,0.459120248743103
"718","244385",2024-03-18 17:00:00,-27.7538428782333,39.0304463024072,-3089.54365676145,4699.12170623542,6.03456471477217,5.95615045911036,1.24882508536508,-0.482956515241073,1.00872823865084,1.06559020744752,1.41049746816777,NA,-0.159681287907429,0.36458611787939,0.460164286702601
"719","244385",2024-03-18 23:00:00,-27.7159448257271,38.967611184004,-3085.32486485441,4690.15772479183,2.69969196600309,2.9438477203562,0.569298593139687,-1.75042158115463,1.37696731370005,1.51648744302793,1.65132886183375,NA,-0.156611425038522,0.361997517151079,0.460926973573539
"720","244385",2024-03-19 05:00:00,-27.758747403163,38.9250575837691,-3090.08962597921,4684.09163205626,5.16056216710667,6.95507445800877,-0.977124481199288,-0.911343856278169,0.939011497539553,1.23370677022251,1.28552408978642,NA,-0.154210872837043,0.35958464493856,0.461523502363566
"721","244385",2024-03-19 11:00:00,-27.7831534029451,38.9024281825111,-3092.80648944726,4680.86726398442,2.18356025042846,5.15926593179449,-0.00886751523963595,-0.366280349552147,1.36439203766124,1.59596807090448,0.702812291918062,NA,-0.151375189727872,0.356940858664986,0.462228301506038
"722","244385",2024-03-19 17:00:00,-27.7486300608215,38.9312123150034,-3088.96336858157,4684.96877311706,5.74514208641437,4.01847807792131,1.07385877166155,1.6378894529021,1.15736066282929,1.29269226978814,0.936815850045636,NA,-0.148680787448127,0.354198322467337,0.462898125733208
"723","244385",2024-03-19 23:00:00,-27.6816549021854,39.0376634476446,-3081.5077280264,4700.15180951266,6.07287468892602,3.03760396807896,0.730525674725202,1.92404735025607,1.66418272557112,1.77220459874825,2.81887280215328,NA,-0.145095993808178,0.350875178049567,0.46378950710026
"724","244385",2024-03-20 05:00:00,-27.7268581328167,39.0252568513009,-3086.53972864249,4698.38108131525,9.53096750987734,10.0677715918662,-0.838666708084673,-0.295121312292402,1.38703754032603,1.57006139344801,0.888932515297693,NA,-0.14357794687116,0.348052049426428,0.464167049052367
"725","244385",2024-03-20 11:00:00,-27.7706206358477,39.0030031594555,-3091.41134819574,4695.20571376403,5.74629780095978,5.77812202089917,-0.811936530943591,-0.52922787126272,1.20843220588875,1.31949327064637,0.968952056478285,NA,-0.136681188146392,0.343731017878004,0.46588280050768
"726","244385",2024-03-20 17:00:00,-27.7393523401594,39.0450583793524,-3087.93057744175,4701.20739828049,2.62831247384008,3.03060497643309,1.2009072007029,1.70706034291482,0.983876385151537,1.16335591096339,1.15620061596846,NA,-0.130284929021277,0.339425182321073,0.467474762124368
"727","244385",2024-03-20 23:00:00,-27.8043453646919,39.0961477670131,-3095.16556783782,4708.50319336877,5.25928893413524,7.02035487826616,-2.55168870094743,0.716707896149439,1.44086203144963,1.75173086451208,1.71284086187961,NA,-0.122411875515323,0.334516616755703,0.469435188553383
"728","244385",2024-03-21 05:00:00,-28.0046439284757,39.1093918758114,-3117.46270196485,4710.39538141068,5.52917918809365,8.28262467695002,-3.82182054270721,0.278920338906266,0.981670578564762,1.29424945059643,3.72975648493799,NA,-0.114266039071251,0.329441272209085,0.471464531797603
"729","244385",2024-03-21 11:00:00,-27.9978697209242,39.176177375153,-3116.7086006297,4719.94250337758,3.1881189369424,4.12109302450585,2.05097198707081,2.2327159520393,1.07703562796911,1.41675912011744,1.59558966111714,NA,-0.110075039346184,0.325460695254009,0.472508992491684
"730","244385",2024-03-21 17:00:00,-27.9565009415698,39.2488264706356,-3112.10344917722,4730.33822492235,4.61296960212034,4.95514037032702,-0.555815057643686,1.25443025561577,1.1954197928,1.44049444613102,1.89416028617704,NA,-0.0984826112819736,0.320557501067989,0.47539922718149
"731","244385",2024-03-21 23:00:00,-28.1591172034475,39.2338694242215,-3134.65858827589,4728.19705991269,6.81883311329264,5.84523789994548,-4.65617761761024,-0.834807958356221,1.37853764505248,1.47542449466939,3.77574049351852,NA,-0.0884116112241103,0.316129634575509,0.477911483435358
"732","244385",2024-03-22 05:00:00,-28.3722050205921,39.2114025824063,-3158.37941557468,4724.9817000537,8.93445950128821,9.17306335054555,-3.60224027783638,-0.392640006687292,1.48296982875027,1.76043424285977,3.9894565081568,NA,-0.0729163155358168,0.310831882799106,0.48177899350477
"733","244385",2024-03-22 11:00:00,-28.4664809223299,39.2008645825165,-3168.8741609502,4723.47390313981,7.12911009606934,8.81857993192004,-1.45096896857886,-0.28594688024193,1.51343178795479,1.67161062806506,1.76729273751517,NA,-0.0665602559693898,0.30840336592925,0.483366076615348
"734","244385",2024-03-22 17:00:00,-28.3916219009684,39.1694010087805,-3160.54089281095,4718.97339171703,6.81395281184128,7.6782551803874,1.38887791916011,-0.750085263100654,1.15533310511068,1.35496357984075,1.57852184668111,NA,-0.0594835967401088,0.306931278557303,0.485133484070472
"735","244385",2024-03-22 23:00:00,-28.3145125961579,39.0864036822021,-3151.95712426403,4707.11128309749,2.73095348926693,2.10081745954181,1.12766297771322,-2.28498570121009,1.38910440809928,1.57158315552589,2.44045782215012,NA,-0.0481664538192111,0.304935100690772,0.487960714057781
"736","244385",2024-03-23 05:00:00,-28.2759788438535,38.9666100935337,-3147.66756657915,4690.0149753553,5.11091052961518,3.88418047134119,0.6165016669439,-2.95324401627824,1.02236141322118,1.015087947069,2.93772748724114,NA,-0.0391313800859602,0.303276757342199,0.490218403131325
"737","244385",2024-03-23 11:00:00,-28.2843034155363,38.9336391025609,-3148.59425365995,4685.31464765576,3.51138432508765,2.40722397618939,-0.561630041668531,0.270376548520618,1.29757759039907,0.982463368852181,0.79858589957485,NA,-0.0335429350886993,0.302111434835054,0.491615052391706
"738","244385",2024-03-23 17:00:00,-28.3402666998108,38.8633415437812,-3154.82405796851,4675.30041256532,4.62838599951537,3.6230345647591,-1.07670159793734,-2.71805595252512,1.02515812017731,1.01835248334276,1.96568534828266,NA,-0.025929038020141,0.301088382780866,0.493518103647248
"739","244385",2024-03-23 23:00:00,-28.2614084794418,38.832303123125,-3146.04560103217,4670.88201301479,2.65057365258629,1.85439588761438,3.56974485712093,2.02469372286307,1.13341525345171,1.01314934879006,1.63812955397887,NA,-0.0194111221915232,0.299873214398038,0.495147371820316
"740","244385",2024-03-24 05:00:00,-28.0703763754479,38.8388493363133,-3124.78000449039,4671.81372171738,5.91595012758235,5.84979227979428,3.08309977713025,-1.20300814370838,1.32917478791204,1.43722818064976,3.54759092932879,NA,-0.0104527777957711,0.29858671351637,0.497386829344056
"741","244385",2024-03-24 11:00:00,-27.9921645706618,38.758866340095,-3116.07350620758,4660.43582416151,4.45006023062783,2.74836378308316,1.24508637698488,-1.16521254645274,1.13614001576773,1.28666720273381,2.38814454270064,NA,-0.00575984916898126,0.29725848730629,0.498560041688741
"742","244385",2024-03-24 17:00:00,-27.9753728513295,38.8616963992358,-3114.20426056197,4675.06617319332,5.1993581913466,5.67858090194828,-0.0166453693710101,3.27183342840517,1.33730322688398,1.46421015506887,2.45820084629239,NA,0.000473314338237463,0.296613836508898,0.50011832858235
"743","244385",2024-03-24 23:00:00,-27.9547248733239,38.9890770918573,-3111.90573816448,4693.21912273275,1.28452769726209,1.28392692496083,1.0053119149483,1.8267461990186,1.27811624765706,1.50272729098917,3.04978022347753,NA,0.0133418621890956,0.296368889044122,0.503335416070613
"744","244385",2024-03-25 05:00:00,-27.801233623546,38.9624453193742,-3094.81917039797,4689.42112561832,4.05565003914972,4.20260540997705,2.9364472815592,-0.749570805455275,0.712761288802196,0.729165672701997,2.91726134189698,NA,0.0220736763810952,0.296207205981536,0.505518195036675
"745","244385",2024-03-25 11:00:00,-27.6460130447862,38.8984028623112,-3077.5400946098,4680.29382161368,3.03107626769365,1.12081636372163,2.39638955445284,-1.72188884198811,1.22367659374868,1.12029820151213,3.25699707280591,NA,0.0357150486912586,0.296995300777627,0.508927813192707
"746","244385",2024-03-25 17:00:00,-27.6324651433597,38.8456967661844,-3076.03194912168,4672.78839441984,7.61917120564744,7.33921390098968,-0.521302448349951,-1.09484470384759,1.5641658983768,1.66854436398312,1.2759238609811,NA,0.0440875490186255,0.297781483007703,0.511020102320405
"747","244385",2024-03-25 23:00:00,-27.7453470958345,38.8231885890085,-3088.59791059093,4669.58490447598,7.16479840936233,2.62118380005112,-2.09432684662842,-0.533914989043162,1.11396250702301,1.02589178011719,2.16130847714878,NA,0.0557321243988457,0.299726118935938,0.513929425805738
"748","244385",2024-03-26 05:00:00,-27.8385626956698,38.8215276446076,-3098.97462369858,4669.34855001411,7.18919714099534,5.87644156892165,-1.61901033229588,0.0889320929930498,1.27479190154195,1.29587581690237,1.73012092853319,NA,0.0681288681841829,0.301878851043729,0.517025632122253
"749","244385",2024-03-26 11:00:00,-27.8722034149304,38.7787278138152,-3102.71949143659,4663.25999623776,2.44217389012579,1.6882243010253,-0.150031471986343,-1.80162279436176,1.27807243162504,1.31337917089148,1.19139375480927,NA,0.0791255818044784,0.304081211791136,0.519771081200182
"750","244385",2024-03-26 17:00:00,-27.902701364188,38.7171720578467,-3106.11450761819,4654.50974545388,2.25749068113699,2.74881302965488,-1.70244166854796,0.10562607391098,0.911128239500606,1.04313510232377,1.56431270874263,NA,0.0906181299829088,0.306571181922813,0.522639042632879
"751","244385",2024-03-26 23:00:00,-28.0427810309702,38.8004718329867,-3121.70810479488,4666.35276340981,4.68522245250594,1.39576497792913,-2.45522669852329,2.18198666629581,1.48363602992963,0.735278200676237,3.2634668994376,NA,0.101069874370812,0.308800174420361,0.525245981357631
"752","244385",2024-03-27 05:00:00,-28.1521627511717,38.9506730117375,-3133.8844221898,4687.74271786315,10.1330931036318,9.63523861581952,-2.02938623659548,3.56499237434015,1.4164658437206,1.58389190642303,4.10213662162443,NA,0.113769441008388,0.311793994291494,0.528411721302017
"753","244385",2024-03-27 11:00:00,-28.2489876900035,39.0978747619445,-3144.66292507665,4708.74990910744,10.4242021398343,10.3724572811388,-1.72977962700107,3.35348460389595,1.40359012311021,1.58085054743969,3.93522774366075,NA,0.119962151233683,0.313430269341235,0.529954623544604
"754","244385",2024-03-27 17:00:00,-28.3286204636482,39.1798756684249,-3153.52760488922,4720.47144884168,4.67515053480252,4.6146908967781,-1.38400308178065,1.31060708241045,1.60630917182183,1.6939741856467,2.44942962731664,NA,0.11924036898003,0.313610976701885,0.529774821741952
"755","244385",2024-03-27 23:00:00,-28.3959213599504,39.107091910612,-3161.01950639552,4710.06675928278,3.868868013297,1.95832049063515,-1.54671251978852,-2.78435012588591,1.27528046608558,0.913708024757728,2.13680815377565,NA,0.117155627164004,0.313988151269119,0.529255452444365
"756","244385",2024-03-28 05:00:00,-28.6407262796333,39.0712627915085,-3188.2710653983,4704.94884150607,6.67661593793184,2.89042888627959,-5.05602690283713,-0.428566859483912,1.12411877892793,0.664647563951132,4.62177979274831,NA,0.119254678117396,0.315808209853175,0.529778386339152
"757","244385",2024-03-28 11:00:00,-28.9028054744283,38.968677419701,-3217.4455879104,4690.30976577967,4.57613823593778,2.43784972936889,-4.02838173304492,-2.20840327709486,1.41954108788457,1.07077105005666,5.44002230343905,NA,0.116042229589997,0.315598793504828,0.52897804697999
"758","244385",2024-03-28 17:00:00,-29.0234903021298,38.8816866410047,-3230.88016147661,4677.91279895926,7.58014988458762,5.74552130665303,-1.48405078699264,-2.41982683560664,1.62093609091132,1.42697220890879,3.04672973332614,NA,0.0987833631591106,0.311781437962829,0.524675778217842
"759","244385",2024-03-28 23:00:00,-29.0481697637991,38.7800660404429,-3233.62746658268,4663.45031184853,9.63151123216642,3.36586773131161,-0.312287132100841,-2.12573553081981,1.41262121132049,1.28240403314729,2.45345437292737,NA,0.0814511815437374,0.310198959299653,0.520351545117044
"760","244385",2024-03-29 05:00:00,-29.0499620198487,38.7228380551483,-3233.8269796135,4655.31485848096,6.42829192154327,5.09773396659271,0.00702531808735171,-1.24097357912657,1.36343224150545,1.01579744514661,1.35633578431374,NA,0.0633381299840584,0.308900820786498,0.515829240977956
"761","244385",2024-03-29 11:00:00,-29.0698753571625,38.6448829475266,-3236.04372218326,4644.24342537384,4.46167145440955,3.5686255090092,-0.579792053615982,-2.22512690187834,1.38965657097741,1.25464748633918,1.88188383583114,NA,0.0450744257826824,0.307802069931454,0.511266698960613
"762","244385",2024-03-29 17:00:00,-29.1237610547689,38.6014041532895,-3242.04225060184,4638.07370342852,5.4442594757335,3.71758356878569,-1.15035880650318,-0.415530844032086,1.11113420136375,1.07241910603855,1.43405736721675,NA,0.0253441051023563,0.306286208678582,0.506335687149071
"763","244385",2024-03-29 23:00:00,-29.1851489646433,38.6470955353848,-3248.87592146993,4644.55749659544,2.55367430100767,1.47976035988622,-0.998092108188085,1.12300090949242,1.19655856202613,0.977244741112671,1.57033237707527,NA,0.0051141105707155,0.30480679675156,0.501278524856122
"764","244385",2024-03-30 05:00:00,-29.1533787527997,38.5747555627284,-3245.3392776651,4634.29408133173,3.48579178912569,3.67367314151917,1.05977253425039,-2.50036680715052,0.805049917716495,0.841343844524238,1.80951936802126,NA,-0.0142998582825349,0.303561565677855,0.496425096347289
"765","244385",2024-03-30 11:00:00,-29.1901364417591,38.5222130156445,-3249.4311248828,4626.84600702113,1.40539765972697,1.01172388602123,-1.05900454679104,-1.3542498102819,1.23660010827579,1.09538892894633,1.41619865195519,NA,-0.0299732718044709,0.303016545693269,0.492507242996365
"766","244385",2024-03-30 17:00:00,-29.1766076096813,38.4446331992724,-3247.92510218487,4615.85883450122,3.4528814333168,3.1494020649753,0.674204981486423,-1.79577927708041,0.825574705493899,0.815013222107308,1.84836075461031,NA,-0.0456424460780857,0.302394276291977,0.488591368981324
"767","244385",2024-03-30 23:00:00,-29.2042086987078,38.4902974670742,-3250.99764136064,4622.32455199452,3.50974651718204,3.12420512858011,-1.32837247966074,1.74420796888848,1.16261294507357,1.27790810091173,1.19322029994945,NA,-0.0622874910742567,0.301469267193412,0.484433159836095
"768","244385",2024-03-31 05:00:00,-29.2377353231933,38.5598554646958,-3254.72980812639,4632.18138722654,5.21357895499451,5.33080405604844,0.286040447321418,1.62681062259677,1.39550091567517,1.55029434784765,1.75659187750279,NA,-0.0753875167720743,0.30093507042271,0.481162041740997
"769","244385",2024-03-31 11:00:00,-29.1275165719036,38.6809354633892,-3242.46031285694,4649.36220735963,4.13911850735125,3.45936555499835,1.92539295190661,3.18036023119855,1.00273172344575,1.14348948715375,3.51853611425658,NA,-0.0898352746953352,0.299944222865993,0.477556273406758
"770","244385",2024-03-31 17:00:00,-29.0447830090383,38.8233446327185,-3233.25045476727,4669.60710997636,5.95597956736947,6.13634602386925,1.48210045130444,3.10437811920111,1.35811551205351,1.44954470188869,3.70665216043996,NA,-0.105835236477688,0.298661386820489,0.473565860556108
"771","244385",2024-03-31 23:00:00,-29.0227074133301,38.7743519762774,-3230.79301069407,4662.63771258028,2.04442832602236,1.39098297372913,0.142272731785183,-2.07530859960681,1.05865873596522,1.09390590697192,1.23181571512052,NA,-0.128490860140674,0.297545107986066,0.467921407358092
"772","244385",2024-04-01 05:00:00,-29.0517728512845,38.6894759993018,-3234.02856044684,4650.57518429684,4.39368838632395,4.48137123787797,-0.544568950646295,-2.27795548406017,1.12253062660283,1.26991599775376,2.08157364151278,NA,-0.142059965284719,0.297778960327714,0.464544615824828
"773","244385",2024-04-01 11:00:00,-29.1564949625975,38.6326930028682,-3245.686172553,4642.51326900086,1.72832896369579,1.65774218350155,-2.66924580047181,-0.593431876685853,1.00456686864554,0.985632775094385,2.36229050584825,NA,-0.156875714931584,0.297676308747799,0.460861305270535
"774","244385",2024-04-01 17:00:00,-29.1359821916621,38.6259968071068,-3243.40270133771,4641.56298353825,6.81030515186072,6.88855184905645,1.44078924805761,0.456151565714376,1.51253212346403,1.63751139490324,0.412241530865521,NA,-0.173487630659363,0.297487048880354,0.456736549733473
"775","244385",2024-04-01 23:00:00,-28.9802722080878,38.6983549820507,-3226.06914525479,4651.836384222,7.7291884547503,5.13895451453917,2.75280523815451,1.85882616259707,1.2738045220338,1.3521134420956,3.35780939876446,NA,-0.186791439340243,0.297420757059418,0.45343744616946
"776","244385",2024-04-02 05:00:00,-28.9017290444344,38.7252745023743,-3217.3257602716,4655.66108658782,5.843371939925,4.16833661100441,0.826137289877105,-0.709434524701449,1.31002442361749,1.30761426086675,1.59024176510678,NA,-0.20098344761835,0.296965339220482,0.4499225950524
"777","244385",2024-04-02 11:00:00,-28.9769831552668,38.5788895998326,-3225.70300956957,4634.88032729324,1.87300213206592,1.33352796702325,-2.65504877818045,-3.91561627776109,1.48460485152767,1.30491272527482,3.73391068177487,NA,-0.215469763701452,0.297009395784541,0.446340005634533
"778","244385",2024-04-02 17:00:00,-29.2379372360117,38.5550191216482,-3254.75228495851,4631.4957340859,4.9685401751355,4.44130125886946,-5.37365646094818,0.676269029904447,1.00908665182753,1.08714580251414,4.87426036043294,NA,-0.224450301452875,0.296656271123879,0.444121813557237
"779","244385",2024-04-02 23:00:00,-29.4704362658855,38.5733395728643,-3280.633958574,4634.09328825987,2.97787269663941,2.3231716330505,-3.22698376988005,-0.562564799805629,1.188798219176,1.1911195476606,4.33549620709031,NA,-0.236855084458175,0.296898817493661,0.441061510662093
"780","244385",2024-04-03 05:00:00,-29.4333572880349,38.5959344574676,-3276.50634564053,4637.29781033175,4.80616886746036,4.62406697948387,2.35548714206633,0.985821893401931,1.08970620207925,1.13680571938663,0.870776740169455,NA,-0.260568550393558,0.299380828209191,0.435223951056665
"781","244385",2024-04-03 11:00:00,-29.3188980937115,38.5984654560922,-3263.76480641185,4637.65683282483,2.27838176533023,0.904099842222382,1.2161254082617,-0.625944183929068,0.930571519474823,0.677673044715949,2.12455465026409,NA,-0.272217191194378,0.302306888806481,0.432362859011067
"782","244385",2024-04-03 17:00:00,-29.2907680041168,38.6799866806958,-3260.63337916219,4649.22746469139,2.76877586607823,3.92142683520656,0.263041001423194,2.99484225762719,1.12336790152667,1.30717676607321,1.99788009174043,NA,-0.285165209806881,0.304979522031208,0.429187913600431
"783","244385",2024-04-03 23:00:00,-29.3030561478907,38.6598355356997,-3262.0012890699,4646.3660975254,1.14580466337154,0.997804298873913,-0.862007581558958,-3.36805327020095,1.05681712893699,0.998257482705382,0.528564626974175,NA,-0.29730824903236,0.307539021698307,0.42621563556904
"784","244385",2024-04-04 05:00:00,-29.3808854934276,38.6237101431518,-3270.66521218384,4641.23849387797,3.80271845744129,3.78181548338645,0.749970754530537,-0.733920225942801,1.23009533091875,1.36992632516794,1.67808221192817,NA,-0.306908939579774,0.309674595577775,0.423869410405539
"785","244385",2024-04-04 11:00:00,-29.143647105157,38.6084473018506,-3244.25595560494,4639.07288342748,4.78592339118013,1.76624548254023,4.95398794586064,-0.236996075228779,1.13188291369645,1.18678258155004,4.41637651959062,NA,-0.317129478673241,0.311463000366004,0.421375474744157
"786","244385",2024-04-04 17:00:00,-28.9987499692266,38.6238517113273,-3228.12608021577,4641.25858284486,5.4298964517386,4.5420269550976,1.84165997497109,0.565984379614389,1.14212773433309,1.0437815915401,2.71290641802925,NA,-0.319437864279684,0.312156489416467,0.420812750739437
"787","244385",2024-04-04 23:00:00,-28.9634679183767,38.6632383009526,-3224.19850028101,4646.84921710552,3.95716084086457,5.58429297917782,0.39837530979743,1.02748328374533,1.1742316752187,1.39054929759985,1.13871383314015,NA,-0.325600530966855,0.314455131278347,0.41931146519703
"788","244385",2024-04-05 05:00:00,-29.0078348026582,38.7442098251752,-3229.13739924731,4658.35227138104,7.69005924497307,9.04735559366891,-1.04049968259516,2.07850598010315,1.38946361017163,1.5070102895889,2.08659913077099,NA,-0.330633076660808,0.316827883292844,0.418086593832183
"789","244385",2024-04-05 11:00:00,-29.0611495436064,38.8101983332,-3235.07236906144,4667.73652308401,7.72424083788722,7.20816769187952,-0.919554546730009,1.35002033755688,1.29258140716632,1.55400802318173,1.85080175103419,NA,-0.336172175352643,0.318932671098233,0.416739600048159
"790","244385",2024-04-05 17:00:00,-29.0590698292467,38.7842485304793,-3234.84085631792,4664.04514697863,5.25148150530893,4.97344591357744,0.702573322367305,-1.70756607523635,1.5209398265309,1.65198184699304,0.616508411286388,NA,-0.343615866447001,0.321119084892197,0.414931408133784
"791","244385",2024-04-05 23:00:00,-28.9678763279731,38.6783906453411,-3224.68924219249,4649.0008056164,8.19650835407428,8.15214820401347,1.88883504635594,-2.17184667133922,1.62922208929014,1.77304726155571,3.02557649810452,NA,-0.348792601443677,0.322948289206048,0.413675242675609
"792","244385",2024-04-06 05:00:00,-28.8927460961723,38.6565996148508,-3216.32578304524,4645.90668773413,10.2194981706715,9.50829417839512,1.28516132493799,-0.171311753610547,1.44726493312997,1.5855620653114,1.48655298866214,NA,-0.355289391434625,0.324527272623371,0.41210034781499
"793","244385",2024-04-06 11:00:00,-28.8865944208224,38.7488503825082,-3215.64098167777,4659.01192085212,3.96016279434071,2.11103276873367,0.114133535125217,2.18420553148465,1.30355448078783,1.41959642301063,2.18735483312565,NA,-0.361898506791628,0.32641222985216,0.41050006879607
"794","244385",2024-04-06 17:00:00,-28.9478765265702,38.8576522430758,-3222.46287448436,4674.49038038705,5.55642189457089,6.28416027316816,-1.67185236797185,2.09813766930707,1.58409554370504,1.72994912920218,2.81975513280702,NA,-0.366700631043876,0.327945128117687,0.409338505349949
"795","244385",2024-04-06 23:00:00,-29.0677907682371,38.826465287157,-3235.81166680558,4670.05119901307,3.90104794642758,3.5215266415947,-2.22479865900248,-0.739863603556749,0.804583793031385,0.900314341132806,2.34443555085221,NA,-0.374663561231528,0.329708850916575,0.407414623236621
"796","244385",2024-04-07 05:00:00,-29.1596226050364,38.7510520502517,-3246.03434011668,4659.32490031165,7.59458121961774,8.54425392625559,-1.58852442955392,-1.589953983781,1.84392468302533,2.14981181219507,2.46926705524485,NA,-0.380655384468045,0.331515836506192,0.405968836031325
"797","244385",2024-04-07 11:00:00,-29.2230840736256,38.7342343940513,-3253.09883848503,4656.93442251073,12.7270011757048,14.4577664251584,-1.17741638441397,-0.398412985374286,1.56499853146053,1.79476732883475,1.24295724422553,NA,-0.389559255428972,0.333668501375553,0.403823405486881
"798","244385",2024-04-07 17:00:00,-29.2496281648643,38.7386395052305,-3256.05371320528,4657.56051438251,11.3460141834933,12.1994551016934,-0.492479109731501,0.104348626741971,1.4045454743497,1.63842466446377,0.503610901770495,NA,-0.398846912163506,0.335992375619517,0.401589413130049
"799","244385",2024-04-07 23:00:00,-29.224495779824,38.7351918403314,-3253.25598890018,4657.07049960925,3.85198859075554,1.84970647843507,0.466287394493478,-0.081669147432227,1.58229575573113,1.86387860839869,0.473182167940164,NA,-0.408065364896843,0.338109438412181,0.399376100952023
"800","244385",2024-04-08 05:00:00,-29.1524631433904,38.6972264969707,-3245.23735249189,4651.67608173269,6.52333957653832,6.95062585058028,1.63354304193961,-1.22960902700446,1.42904593231802,1.49706338523899,1.6107423321971,NA,-0.416920986671255,0.339884923950413,0.397253765231996
"801","244385",2024-04-08 11:00:00,-29.0358278845547,38.6720124238158,-3232.25357486976,4648.09506089127,3.28965581705072,2.74251694298174,2.14730479730631,-0.325918836490523,1.05035782284148,1.21845760716692,2.24480146270461,NA,-0.426416269872385,0.341421507084112,0.394982417133767
"802","244385",2024-04-08 17:00:00,-28.9816749720823,38.690581061638,-3226.22530022836,4650.73214238857,4.58355105163553,4.07100847727533,0.385159332989961,0.306791013181381,1.24267593497204,1.11364576866072,1.09652521404501,NA,-0.438449135038443,0.343152496110534,0.392110571309324
"803","244385",2024-04-08 23:00:00,-28.9864449108987,38.7160515803158,-3226.75628738851,4654.35053819897,2.98286356308266,0.82597259357503,0.168264683619211,1.00875849086462,1.18811646735406,0.588223050338248,0.609559840756519,NA,-0.450486472028116,0.34506181691293,0.389245109194615
"804","244385",2024-04-09 05:00:00,-28.8946810415622,38.7532900922427,-3216.54118018076,4659.64306054939,2.87089159512884,3.25323886684968,2.0944424978609,0.620065476946938,0.73922613541425,0.710421293529231,1.91737983816967,NA,-0.462178024086836,0.346773520080211,0.386469263361258
"805","244385",2024-04-09 11:00:00,-28.7777519171918,38.7111013360233,-3203.52468959694,4653.64719427357,0.904215812091402,0.765906815502094,1.91655149550547,-1.70303309708005,0.455630161720179,0.538505252451716,2.38853675808468,NA,-0.474051427302525,0.348282876168221,0.383657774466517
"806","244385",2024-04-09 17:00:00,-28.779905625053,38.6752641305946,-3203.76443925937,4648.55681208686,5.84306444824974,5.43835734499454,-0.749157882369355,-0.103009879849952,1.35861649518998,1.45751772854161,0.84932248336417,NA,-0.487625178694062,0.350123260168575,0.380453174222128
"807","244385",2024-04-09 23:00:00,-28.8781376376771,38.7319442617482,-3214.69957688428,4656.60894480667,3.14144855273865,2.31243413658203,-1.75524198126946,1.28038761582938,1.0320913958824,1.07844903326283,2.263422017669,NA,-0.499624619289869,0.351975848608802,0.377628888712849
"808","244385",2024-04-10 05:00:00,-28.9126191485687,38.7920289644697,-3218.53804111852,4665.15177649196,3.37298454968422,3.64755289508903,-0.140379155380903,1.77761242216115,0.89778432475856,0.972056205347796,1.56089752669554,NA,-0.510465816057875,0.353426687984157,0.37508433372367
"809","244385",2024-04-10 11:00:00,-28.9633827525535,38.7678733461161,-3224.18901966494,4661.71646347163,0.69768882598757,0.768589757095836,-1.77001084381165,-2.65101538823181,0.722768853094418,0.693893927206435,1.10222549418948,NA,-0.522299619562878,0.355226187838827,0.372314663138982
"810","244385",2024-04-10 17:00:00,-28.9691214986139,38.7341562001808,-3224.82785395417,4656.92330928436,2.9771603452908,2.41538049822651,-0.0213603912741183,1.71999967628994,1.26269823272532,1.12512234979601,0.805948087452128,NA,-0.533241724793345,0.356787555043422,0.369761125083399
"811","244385",2024-04-10 23:00:00,-29.016631985146,38.8114125780287,-3230.11669712226,4667.90928338452,4.23695637624411,1.67244001274432,-1.19178002152025,0.220423104198875,1.08012649240953,0.676759547790171,2.03217361921448,NA,-0.544236991716141,0.358207027071969,0.367202501634024
"812","244385",2024-04-11 05:00:00,-29.0610668145185,38.8423360768936,-3235.0631597015,4672.31001741058,5.10725088531188,2.80115615367005,-0.684591569728917,1.06569779200331,1.03652671152039,0.63238534313906,1.10324300380239,NA,-0.553859884022639,0.359119525369059,0.364969350919624
"813","244385",2024-04-11 11:00:00,-29.0041861438231,38.8814288432357,-3228.73123240371,4677.87608322122,2.1667226206928,1.16951500174949,2.11645801301109,1.73869964056715,1.20438857765588,0.845445967185377,1.40523469185641,NA,-0.564045426089897,0.360190236132222,0.362611943869462
"814","244385",2024-04-11 17:00:00,-28.9145882326067,38.9408622812442,-3218.75723855095,4686.34419181586,2.29585538826152,2.67174968992868,1.01477786605749,0.196890591970914,0.604255309820168,0.704732645140325,2.18052906619842,NA,-0.573489278299864,0.360922759436554,0.360432082552524
"815","244385",2024-04-11 23:00:00,-28.9640878927258,38.849855046927,-3224.26751550985,4673.38033604501,0.458646146751581,0.462039221833204,2.01194459444806,-5.56825407192694,0.455699763912419,0.428561422212084,2.347660922387,NA,-0.585185103528259,0.362084669306643,0.357740376128955
"816","244385",2024-04-12 05:00:00,-28.8629392328841,38.7197234317249,-3213.00769820186,4654.87227637464,3.49766577332488,3.59785528438927,2.05183437274879,-2.55642282965226,1.02346657805766,1.14461883577145,3.61070380570861,NA,-0.59108838512402,0.36194164685825,0.356385167203932
"817","244385",2024-04-12 11:00:00,-28.8302478418835,38.6522409384564,-3209.36850920235,4645.28791129152,4.54186974337805,4.50471262428346,-0.237229501238837,-1.2745882197179,1.42399782615631,1.6710134559696,1.70864338628567,NA,-0.599165812995846,0.362434806004061,0.354534565795108
"818","244385",2024-04-12 17:00:00,-28.9510462258154,38.6795899174506,-3222.81572379029,4649.171118352,4.08867970295859,4.77072077872915,-2.24120229280852,0.647201216163715,0.793898888516026,0.874805824920013,2.33268886382998,NA,-0.608456809449575,0.363922660875932,0.352411300861942
"819","244385",2024-04-12 23:00:00,-29.001001322504,38.7979286317835,-3228.3766997162,4665.99098129525,1.94313576352042,2.47867493413742,-0.273571437415349,2.41699908319186,1.07343368063223,1.43168427405992,2.95240627609161,NA,-0.614579720341944,0.364504510573848,0.35101521095033
"820","244385",2024-04-13 05:00:00,-29.0685593408345,38.7924740631628,-3235.89722391575,4665.21508761315,5.05467261168406,4.64519320926737,-1.54115611548425,-0.655282053432354,1.00026646892615,0.983156196139264,1.25990654239754,NA,-0.6224376601059,0.365697354971284,0.349227246906674
"821","244385",2024-04-13 11:00:00,-29.1876117802151,38.764705059185,-3249.1500808453,4661.26596969586,2.29014387901972,1.8805555459527,-2.37314431014541,-0.408919474838144,1.05409219602098,0.848489777183036,2.30477203376024,NA,-0.628547976444221,0.36673715464794,0.347839852598527
"822","244385",2024-04-13 17:00:00,-29.3180498043424,38.7405119237715,-3263.67037527123,4657.82665022415,4.71352820896735,6.02050477519433,-2.382141486258,-0.703778416527277,1.08453824648635,1.35782789404895,2.48701403067819,NA,-0.636986438144565,0.368252458135576,0.345928076494186
"823","244385",2024-04-13 23:00:00,-29.2400998033601,38.7528382887399,-3254.99302085454,4659.57883131526,1.3424900851199,1.06803944367861,2.88788802573237,0.811653423849998,1.01184873741465,1.19296174003449,1.47543794103114,NA,-0.649328883371235,0.371081040139253,0.343140787856975
"824","244385",2024-04-14 05:00:00,-28.9982097168889,38.8111013226497,-3228.06593960063,4667.8649983152,2.43907381217383,2.57049612795922,4.61082935183656,1.11575509685963,0.707664144777422,0.71659313169008,4.69541878736379,NA,-0.655865555282483,0.372491946778235,0.341668967817996
"825","244385",2024-04-14 11:00:00,-29.0026062761153,38.780694463352,-3228.55536233496,4663.53968411918,0.920920675407024,0.629269808308211,-1.90569844127289,-1.33043211577918,0.32677010083447,0.275210667887136,0.725424225458321,NA,-0.668543191981991,0.375692044575511,0.3388231211933
"826","244385",2024-04-14 17:00:00,-29.0429423194108,38.7450246123843,-3233.04555013523,4658.46808924425,3.01273691229669,3.58981054191088,-0.215149870688529,-2.20646087075116,1.28949034019036,1.50997307008331,1.12906385711538,NA,-0.672628547944647,0.37781659727938,0.337908515031859
"827","244385",2024-04-14 23:00:00,-29.0316533505823,38.6256859606008,-3231.78886787365,4641.51887216898,1.59528527436306,0.605291380591938,0.333228977724184,-1.98343436705829,0.831050236497316,0.941377844307689,2.83254680793675,NA,-0.677133513050651,0.379798338063543,0.336901372764748
"828","244385",2024-04-15 05:00:00,-28.9743629181169,38.7403066070014,-3225.41132610429,4657.79746722195,1.96208128734042,1.76458659828695,1.12797326995769,2.88986143403671,0.831726830901288,0.666142670599709,2.9137993246505,NA,-0.683077359651373,0.382041681730224,0.335574814257539
"829","244385",2024-04-15 11:00:00,-28.9843069497783,38.7674645176414,-3226.51829064526,4661.65833165529,2.59560668774786,1.34508258282906,-0.864768100172638,-0.654310703292639,0.963770717680448,0.612460219308248,0.669386706713778,NA,-0.680639012441533,0.381834472456364,0.336118696565396
"830","244385",2024-04-15 17:00:00,-29.0890340906291,38.69980416954,-3238.17646263701,4652.04224656498,2.71435659418844,2.91357112279299,-2.1734965513963,-1.77405774822163,0.726638265188387,0.631450875069587,2.51874255055042,NA,-0.677017305672426,0.381569435184975,0.336927333850005
"831","244385",2024-04-15 23:00:00,-29.1625999071528,38.6341207531153,-3246.36577187221,4642.7158986513,0.564034691437692,0.519085784640271,-2.67893266558476,-0.188133683549155,0.738769287311669,0.685179165078957,2.06856862775017,NA,-0.672770634417057,0.380850042621984,0.337876727276088
"832","244385",2024-04-16 05:00:00,-29.1009869696756,38.7655811073925,-3239.50705104598,4661.39053160644,3.56921789649132,3.87161005342063,1.14312002937422,3.11243869109607,0.593263687691954,0.644395117477131,3.3156911976447,NA,-0.671258307749028,0.381180973481203,0.3382151419253
"833","244385",2024-04-16 11:00:00,-29.0171144424195,38.8191402180031,-3230.17040402028,4669.00882596373,4.07441444867068,1.59057825926541,1.44455044465703,0.209245650509023,1.36672030185401,0.563751234326439,2.00843875357312,NA,-0.662830911364605,0.379461593196367,0.34010397358224
"834","244385",2024-04-16 17:00:00,-28.9700235584767,38.7444498637988,-3224.92827079876,4658.38639151371,3.8263290598277,2.77831362531638,0.782305351189474,-2.06922873891548,0.832075623246193,0.592356129445328,1.97438848019431,NA,-0.656291972892545,0.378868196046006,0.341573059634046
"835","244385",2024-04-16 23:00:00,-28.958432879521,38.7320231812351,-3223.63800231947,4656.62016081046,1.88150535374542,1.57108075060358,0.208925829490157,-0.754962634031064,1.16769336878766,1.07614062118654,0.364350465587423,NA,-0.647952360508731,0.377837765887131,0.343451116442996
"836","244385",2024-04-17 05:00:00,-29.0207300381306,38.7419912203017,-3230.57289029376,4658.03691472048,2.42176316611276,2.51778382231189,-1.69255110136144,0.962987350304547,0.704520505149919,0.685568374187228,1.17964339361482,NA,-0.639072656230678,0.376733122409197,0.345456196792723
"837","244385",2024-04-17 11:00:00,-29.0796180026711,38.7277587433519,-3237.12826852026,4656.0141186177,3.15722791791333,2.97728601136686,-0.77828215546474,-0.933905439079465,0.810456174330029,0.765738932778243,1.14322749127708,NA,-0.629840980453335,0.375341031080762,0.347546595880955
"838","244385",2024-04-17 17:00:00,-29.0440309808362,38.7901945952965,-3233.16673937075,4664.89085885992,3.49478028779073,3.38171190081808,0.684462059580669,1.69478491917133,1.22688537339481,1.41701294888601,1.6199210195304,NA,-0.621338101288216,0.374043850085376,0.349477182384854
"839","244385",2024-04-17 23:00:00,-29.0664018263778,38.7899957961759,-3235.65705050506,4664.86258240891,0.544710252457705,0.811876377322508,-0.772722559564273,-0.760728219449191,0.745841559400587,1.00566415855454,0.414981738054864,NA,-0.611218777872872,0.372259163176241,0.351781228364051
"840","244385",2024-04-18 05:00:00,-29.1083910032106,38.717444641225,-3240.33126428891,4654.54847686666,5.14277711151296,4.83710539084408,-0.685472066647073,-1.60425104863723,1.27207443607293,1.45733209949596,1.88722465200713,NA,-0.60000362680083,0.370245232137707,0.35434286401977
"841","244385",2024-04-18 11:00:00,-29.1209396812321,38.6506990424957,-3241.72817673639,4645.0690261996,2.31442680175713,2.3648929935713,-0.156373504747448,-1.7002966905786,1.00555978499467,1.08793916039054,1.59700888068644,NA,-0.589064565365612,0.368150258891764,0.356849515219882
"842","244385",2024-04-18 17:00:00,-29.1599173070415,38.5809447583664,-3246.06714619382,4635.17178106942,1.22526218027374,1.45001226676742,-2.15360474988839,-0.27637939168369,0.768810958294925,0.868513445216973,1.80114154211479,NA,-0.579509237680952,0.366429098467966,0.359045525884447
"843","244385",2024-04-18 23:00:00,-29.3315639540629,38.5670904682478,-3265.17476353662,4633.20718768649,2.67207550658434,1.97771458069607,-3.12316764208821,0.228786825120922,1.04873513349824,0.979845484549335,3.20123141998824,NA,-0.571575719467578,0.36499143576569,0.360873315364573
"844","244385",2024-04-19 05:00:00,-29.3536381047379,38.531704909875,-3267.63204674946,4628.19110744646,2.47313884802598,3.03455826052279,0.59257866578688,-1.58200834601948,0.731163911934704,0.766434526078704,0.930997191636259,NA,-0.565449723373117,0.363872474900445,0.362287438992332
"845","244385",2024-04-19 11:00:00,-29.2950551162336,38.4620168052278,-3261.11061830001,4618.31973603633,5.3692906813397,4.43100855096184,1.072266321971,-1.67757431756592,1.52126398234914,1.70877400189039,1.9718470736405,NA,-0.557070269780253,0.362974902278573,0.364225613379776
"846","244385",2024-04-19 17:00:00,-29.2771455292309,38.4212209249673,-3259.11693219455,4612.54543174277,4.13501334319203,4.64951167486219,0.332280955473536,-0.962383969094279,0.822180760682695,0.838177215214758,1.0182491675095,NA,-0.549136405723055,0.361976918431673,0.366064792661831
"847","244385",2024-04-19 23:00:00,-29.362427078143,38.5065746132356,-3268.6104307935,4624.63027227634,2.88817561123745,3.09022945967798,-2.33796119173417,3.12627276931843,1.08005683743958,1.20483690354364,2.56176705654274,NA,-0.541644289872633,0.361097462500255,0.367805161503485
"848","244385",2024-04-20 05:00:00,-29.4291267540023,38.5194714494718,-3276.03540474624,4626.45753178692,3.47577882815648,3.5248954128898,-0.737779554140842,-0.690428773592005,1.01035719877358,1.15769956954428,1.27423238324276,NA,-0.531574267038307,0.359645234048247,0.370149790144846
"849","244385",2024-04-20 11:00:00,-29.462083657224,38.5139850189274,-3279.704150431,4625.68015876441,1.70335526611707,0.940806658040537,-0.626410026269483,0.47003889741155,0.86545292373976,0.943899094218993,0.624909746261145,NA,-0.521806331767978,0.358537846509956,0.372429950006899
"850","244385",2024-04-20 17:00:00,-29.4676481845156,38.5266535830144,-3280.32359077561,4627.475259471,4.00282937946391,4.71054007936195,0.0993589383381717,0.145803683958428,1.15928086642745,1.3697598974762,0.316421348315915,NA,-0.512169035385774,0.357368396270175,0.374685190813749
"851","244385",2024-04-20 23:00:00,-29.4476603082061,38.5256595469867,-3278.09855056279,4627.33439578072,1.99569905115623,2.29290979069402,0.424512706015989,-0.0211430805401644,1.21605590829292,1.40276995532863,0.371569176541694,NA,-0.502411340895812,0.355994649228728,0.376974162295126
"852","244385",2024-04-21 05:00:00,-29.366939893204,38.5092754274066,-3269.11279506815,4625.01290379876,5.11597015518813,5.2169719136063,1.88587325190942,-0.487209405418025,1.01201533276648,1.09170638022618,1.54680914632351,NA,-0.492573241060903,0.354395823954552,0.3792875654495
"853","244385",2024-04-21 11:00:00,-29.2046685456623,38.5091875937795,-3251.04883128946,4625.00045994772,3.75258917800539,2.53561663506629,3.10500985012406,0.505778555492669,1.24503032157231,1.17350893585489,3.01070299439396,NA,-0.483274437128717,0.35263294266191,0.381479213278189
"854","244385",2024-04-21 17:00:00,-29.1540031502252,38.5382158988691,-3245.40878526857,4629.11388596045,4.95944195980529,3.94964464800435,-0.111696451481327,0.575534517177165,1.18881396432342,1.32729436427728,1.16348256956001,NA,-0.477792872957624,0.351162608453037,0.382773441411972
"855","244385",2024-04-21 23:00:00,-29.1862526153826,38.5937050527648,-3248.99877930824,4636.98157954855,1.82208146799159,0.867610624330052,-0.0693600295203637,2.11997490959387,1.31600550659934,1.35139003875192,1.44136308532596,NA,-0.471632319489819,0.35012465757612,0.38422996831508
"856","244385",2024-04-22 05:00:00,-29.1446500670809,38.7006978737345,-3244.36760481559,4652.16920258618,5.87682234759264,5.89483224583383,1.08002703440284,2.15998781601815,1.22373179058691,1.3526568762999,2.64619020788717,NA,-0.465150018619704,0.348872880455344,0.385764809653841
"857","244385",2024-04-22 11:00:00,-29.0948102833293,38.6153594198901,-3238.81946546712,4640.05357085811,0.432121648228993,0.432176773194656,0.677946481697829,-3.16593516480292,1.17421801210393,1.02615368474739,2.22126624625887,NA,-0.460378863458641,0.347621252678175,0.386895950766555
"858","244385",2024-04-22 17:00:00,-29.0924724375187,38.5580537802232,-3238.55921766193,4631.92595519967,3.2141327927005,3.31799666844429,-0.150493722495619,0.100988394661195,0.890887389982595,0.999759628947897,1.35534840361624,NA,-0.449408275864636,0.346087099871081,0.389501462972784
"859","244385",2024-04-22 23:00:00,-29.0930030265281,38.6748402862859,-3238.61828256027,4648.49662384512,2.83650827167501,0.800465514166805,0.247797538566774,3.20933827773353,1.16164196423322,0.973955480183865,2.76179617654693,NA,-0.439144566043053,0.34475142883405,0.391944820907528
"860","244385",2024-04-23 05:00:00,-29.0408090857858,38.7537837474788,-3232.80807965434,4659.71323997308,1.98163254498147,2.23048792676323,1.10607184008259,1.62492040545199,0.677717045054078,0.523875405126913,2.10547973833152,NA,-0.424910108522067,0.34313482417556,0.39534240335284
"861","244385",2024-04-23 11:00:00,-28.9729817781044,38.8410248959412,-3225.25757830137,4672.12338365525,1.26865759508594,1.17739953960046,1.11368372813562,2.05884875757969,0.693485949410744,0.786347647545005,2.42111197010832,NA,-0.412575124582327,0.342017768694449,0.39829481561852
"862","244385",2024-04-23 17:00:00,-28.9196601166329,38.8902098765544,-3219.32183809811,4679.12675973857,4.48900175186967,5.70616819969888,1.01642867504909,1.06031561718685,1.10745797144471,1.4232396268403,1.53009725963999,NA,-0.403352227075643,0.341093055344212,0.400507198424109
"863","244385",2024-04-23 23:00:00,-28.9068701248933,38.8747439393584,-3217.89806273042,4676.92406143536,1.2447021275711,1.65545120919763,-0.103887933513004,-0.917016237475396,0.842272857305245,1.18253183810508,0.437096381993155,NA,-0.395409902635736,0.34035397924893,0.402415657953766
"864","244385",2024-04-24 05:00:00,-28.9358209930528,38.749709858785,-3221.12085863195,4659.13409908362,3.96054975162215,3.55412870751557,-0.437804281802694,-3.7629590771669,1.19160863623289,1.21549267299052,3.01321618099631,NA,-0.386425475734706,0.339500987043065,0.404578089986128
"865","244385",2024-04-24 11:00:00,-28.9124689890403,38.6857194542564,-3218.52132543628,4650.04163978397,1.20329705280185,0.907795004913128,0.745671180023252,0.159301134553713,0.943944727392603,0.60629456876262,1.57606524255458,NA,-0.378202363706659,0.338374943600442,0.406560538141559
"866","244385",2024-04-24 17:00:00,-28.7714225255791,38.6970888551379,-3202.82010494559,4651.65652974044,2.68907276972132,3.10199509500473,3.04853284570769,0.123659510284252,0.581756361273922,0.671674878736177,2.63055969359535,NA,-0.37042884038007,0.337612721200941,0.40843740267817
"867","244385",2024-04-24 23:00:00,-28.6249591099284,38.7512083471232,-3186.5158720955,4659.34711916143,1.00917792215348,1.47543686766667,2.42928253641567,1.82838353222617,0.328283926064198,0.444069283222743,3.00451365375937,NA,-0.362590751317468,0.336720707770011,0.410332563092444
"868","244385",2024-04-25 05:00:00,-28.6116823400882,38.7820135559273,-3185.03790883751,4663.72728377524,2.52676284820595,2.97589360728702,-0.65934042079752,0.542679967116524,0.695626669780369,0.820084304106251,0.770493599150725,NA,-0.359705218335816,0.335990515069057,0.411030926142225
"869","244385",2024-04-25 11:00:00,-28.7787760257061,38.8384565579893,-3203.63869283527,4671.75781597128,1.23217744157909,1.10123864057078,-3.94046960039815,1.68052444280608,0.662096820237503,0.712968951521042,3.37673347189006,NA,-0.354484565054704,0.335744368437345,0.41229534982528
"870","244385",2024-04-25 17:00:00,-28.8862281260442,38.7844702489823,-3215.60020592958,4664.07668083997,2.3245237154198,2.59754902906951,-1.06434716388697,-2.54969405898529,0.725355127725873,0.812299569655177,2.36925753805959,NA,-0.34908813913982,0.335208391981353,0.413603562417009
"871","244385",2024-04-25 23:00:00,-28.920536278213,38.6844010667688,-3219.41937195907,4649.85439505459,1.85671305670624,0.790389139563736,-0.636820208322548,-2.08756072193313,0.500459032217644,0.277788861999087,2.45429109926027,NA,-0.343881511239779,0.335292293025236,0.414866920775716
"872","244385",2024-04-26 05:00:00,-29.0218463209567,38.7054120977258,-3230.69715432954,4652.83891274773,2.63290902442418,3.02142808666986,-2.50253579987296,-0.0894902393186739,0.913640413363462,1.0328577760754,1.94468609330072,NA,-0.340385897635856,0.33547025737375,0.415715740961658
"873","244385",2024-04-26 11:00:00,-29.1275338439183,38.6151962483759,-3242.46223556883,4640.0304190773,1.2206224781294,0.963780838118417,-1.19656147877666,-2.99185646013856,0.598834261477292,0.544529692635583,2.89856192670268,NA,-0.334833879339662,0.33578653453638,0.41706493279203
"874","244385",2024-04-26 17:00:00,-29.2234273552411,38.6091842743567,-3253.13705241966,4639.17744013663,4.76785078478246,2.99600629171768,-2.09312178629569,0.620280928615985,1.13862178388667,1.08453094560512,1.78498975308214,NA,-0.330639249977717,0.336049104264308,0.418085091925474
"875","244385",2024-04-26 23:00:00,-29.3305913257094,38.6361332803351,-3265.06649104357,4643.00152812577,2.624732986363,3.40174806097915,-1.60909930208182,0.335976216481556,1.41816683973961,1.56867787405342,2.08779632861689,NA,-0.327045149994111,0.336623895137286,0.418959756891892
"876","244385",2024-04-27 05:00:00,-29.3128619563257,38.6120921931293,-3263.09286667169,4639.59000668582,7.37597262949809,7.89151696021866,0.32893736046007,-0.568586898110524,1.18949257409308,1.22441095341639,0.656795406234789,NA,-0.325775801853679,0.337093137093829,0.419268789204557
"877","244385",2024-04-27 11:00:00,-29.2591351967055,38.5710463536163,-3257.1120311488,4633.7681089879,6.32384397475499,5.10571311457544,1.12511906980805,-1.07018819934442,1.26421445375873,1.45911933551629,1.39098431512843,NA,-0.321497711373358,0.33766578969349,0.42031078753984
"878","244385",2024-04-27 17:00:00,-29.2128446209939,38.4867782904796,-3251.95898783206,4621.82611615967,2.52630915137478,2.209512963929,0.567359673231526,-2.14771269116885,1.17073144772745,1.08030822247992,2.16793153790756,NA,-0.317906607288522,0.337923184127665,0.421186008242621
"879","244385",2024-04-27 23:00:00,-29.2837604665656,38.4796446231163,-3259.85330365028,4620.81582002718,0.720962133655809,0.766169615083708,-0.153691448568335,0.0645919029111916,0.658757965887108,0.77453552085723,1.32641011928519,NA,-0.316193068302404,0.337989325106069,0.4216038054144
"880","244385",2024-04-28 05:00:00,-29.279047773176,38.5299374330923,-3259.32868902189,4627.94062399523,6.65249535346401,7.07027349505215,0.0825873416514031,1.66095657690046,1.45528625054709,1.54697014490765,1.19074696593284,NA,-0.31168529531178,0.338106274773415,0.422703430791627
"881","244385",2024-04-28 11:00:00,-29.2681718456515,38.6426023820098,-3258.11798630795,4643.91971512843,6.03795575044353,2.85328677689619,0.201783792553236,2.6631817986813,0.949858070275329,1.00517632196715,2.67080617699165,NA,-0.306056826090234,0.338053395954791,0.424077513529203
"882","244385",2024-04-28 17:00:00,-29.2440821901283,38.7102253753505,-3255.43633812173,4653.52274055573,4.22329701012374,3.82096845533919,0.58844596366527,0.91328274217812,1.25669516119062,1.13782059482812,1.66166824575491,NA,-0.30278591476327,0.337760911307831,0.424876584821044
"883","244385",2024-04-28 23:00:00,-29.1891905398956,38.644812236556,-3249.32582756901,4644.23338829255,3.11780887784925,1.6045353734862,1.08507706160843,-1.95690286805152,1.33974984564218,0.908457403961684,1.85340241282609,NA,-0.300730065632629,0.337671730955259,0.425379022283271
"884","244385",2024-04-29 05:00:00,-29.159326655468,38.6884065785306,-3246.00139516143,4650.42329090014,4.10073064006599,3.32502247514656,0.493305209116535,1.29204528526635,0.893260046828993,0.801400542813924,1.17072336795563,NA,-0.295830868449053,0.337445213990786,0.426576976982547
"885","244385",2024-04-29 11:00:00,-29.2015744937901,38.6260027761938,-3250.70440301056,4641.5638305968,2.24503919610109,0.878445884858597,-1.60399230282597,-0.949740818088927,1.01474061948986,0.706030482887901,1.67152415304079,NA,-0.288677471417128,0.337150848987884,0.428327674747247
"886","244385",2024-04-29 17:00:00,-29.1407486008257,38.6457907532235,-3243.93329557872,4644.37228490185,2.95179219968919,1.98386784655694,3.40913255561087,-1.45096308337931,1.01182693615456,1.00462877861736,1.22154505473022,NA,-0.279096081960434,0.336666180899617,0.430675397527773
"887","244385",2024-04-29 23:00:00,-29.1238604384134,38.6693209594235,-3242.05331393854,4647.71288163067,2.46613198583828,0.88141856954316,-1.98690364100208,0.926172516789296,1.08657929123303,0.818343991282173,0.638806619844285,NA,-0.266760300477192,0.336194186418048,0.433702608762003
"888","244385",2024-04-30 05:00:00,-29.1671749643737,38.596281532296,-3246.8750649124,4637.34704218744,4.54123373899268,4.22725637646202,-0.483100256655876,-2.04531981255385,0.896360865027345,0.881188904616651,1.9053229431706,NA,-0.254357179811817,0.335652438887476,0.436751340817044
"889","244385",2024-04-30 11:00:00,-29.1218218399585,38.5192089260141,-3241.82637819662,4626.42033344495,0.68035652583975,0.608038468029357,1.61064733656926,-0.773791044894269,0.910519588149173,0.865115557921499,2.00628822370256,NA,-0.240622218075287,0.335020792233241,0.440133020571279
"890","244385",2024-04-30 17:00:00,-29.1581177694875,38.5350594123427,-3245.86682258965,4628.6665182233,3.34148904465193,3.33550705431061,-1.39465043337057,0.232602566697924,0.967730503463479,1.10583663998746,0.770480145183363,NA,-0.227513263578896,0.334476993467733,0.443365766722649
"891","244385",2024-04-30 23:00:00,-29.2339157992846,38.5414326437253,-3254.30462066979,4629.56981445294,1.97636937911988,1.73501058166816,-1.03076148503127,0.0743136706213983,1.48417210421545,1.47160780329768,1.41430223116719,NA,-0.211443429868698,0.334371122437598,0.447335209359568
"892","244385",2024-05-01 05:00:00,-29.2259578984956,38.5502618222617,-3253.41875120618,4630.82133241413,6.5865074382972,6.72613227249323,0.317898650775131,0.230413017896499,1.1141034144645,1.19891183153981,0.255686063430096,NA,-0.196193058370729,0.334162532433107,0.451108461492559
"893","244385",2024-05-01 11:00:00,-29.169370326886,38.5871606268958,-3247.11945154938,4636.05334008479,2.38328002154803,2.16070319344377,1.21292825497681,1.19703970571254,1.31632528900643,1.3167582980585,1.36465980220091,NA,-0.179740663772382,0.334235377381763,0.455185420098498
"894","244385",2024-05-01 17:00:00,-29.0839849945028,38.5815567908853,-3237.61439982726,4635.25857852329,2.20623671780797,2.46410046712477,1.8665836337585,-0.661352768444491,0.816113178634282,0.958725509216003,1.58955777394766,NA,-0.163599950716218,0.334232359219464,0.459190992643271
"895","244385",2024-05-01 23:00:00,-28.9380685716352,38.6175443475627,-3221.37105793527,4640.36358698773,1.44314764385963,1.15188821405009,2.83297079415563,2.2549732494449,0.703326799893341,0.634804464656981,2.83779054372582,NA,-0.148317003200293,0.334170427063874,0.462988572248063
"896","244385",2024-05-02 05:00:00,-28.8778847346966,38.7070900757988,-3214.67142385327,4653.07729972486,2.86737167124522,3.2952528364789,0.648501047063636,2.23333885480599,0.749968934010552,0.861880160168266,2.39522010341154,NA,-0.136409408833475,0.333514135647297,0.465950429615992
"897","244385",2024-05-02 11:00:00,-28.9056475657628,38.672910501679,-3217.76196807055,4648.22258827375,2.98497003637625,0.747577869017362,-1.10339659202528,-2.49224222484085,1.03067013143974,0.26543158685553,0.959095318403132,NA,-0.125424490985703,0.333162046353963,0.46868491874666
"898","244385",2024-05-02 17:00:00,-29.0539661766331,38.6360402299863,-3234.27272030779,4642.98832170515,5.0314041881252,3.42970853694154,-3.18695339490024,-0.443051880827863,0.976051386481206,0.757564526112323,2.88702176931809,NA,-0.10960001646256,0.334186559674404,0.472627390755356
"899","244385",2024-05-02 23:00:00,-29.2822868476007,38.5930322623214,-3259.68926113749,4636.88614926945,2.21643233128081,1.01474955646808,-4.50031284591111,0.410496395256446,1.34194064661512,0.787434594630326,4.35642792234375,NA,-0.0955886144967377,0.334732577787433,0.476121025821032
"900","244385",2024-05-03 05:00:00,-29.4585348913725,38.5880008034162,-3279.30910362346,4636.1725031382,5.77627917132556,3.30259648758106,-3.04207978920548,-0.245811815607205,1.07897557842585,0.68100017773127,3.27234402052613,NA,-0.0910751336560908,0.333217087398315,0.477246941856809
"901","244385",2024-05-03 11:00:00,-29.5200228707236,38.5313790505392,-3286.15391417474,4628.14492681412,2.75069996069982,1.72321368911053,-0.471450015428148,-1.72245063781046,1.17491738519952,0.5824410937412,1.75815939517373,NA,-0.0921329401188479,0.331562091723775,0.476983044245458
"902","244385",2024-05-03 17:00:00,-29.4255583709917,38.431366785566,-3275.63817416654,4613.98118327876,3.06873327231679,3.41143521689882,2.56090208745193,-1.72525168561278,0.895196641390866,1.05956905657907,2.94033542773372,NA,-0.0917997347883309,0.330899393359793,0.477066169689234
"903","244385",2024-05-03 23:00:00,-29.3320585695795,38.4276848081482,-3265.22982388406,4613.46011922452,2.26672199733521,3.62552321955183,1.05687944880026,0.131526452282173,0.864960283459386,1.38012463503146,1.73675296072467,NA,-0.0906863907334645,0.330330812048894,0.477343927191233
"904","244385",2024-05-04 05:00:00,-29.259539267289,38.4891584987951,-3257.1570120804,4622.16323242365,2.58454896220709,3.26049042178373,1.53473635780873,1.82432968648737,0.688177406131432,0.981754285376639,1.9784141336531,NA,-0.0890401452328198,0.330203406422871,0.477754658778955
"905","244385",2024-05-04 11:00:00,-29.1484901913117,38.5259519025287,-3244.79508548955,4627.37582494118,0.329124484928509,1.12498452587432,2.19197828726047,0.380373929387218,0.37672601582743,0.448198508789197,2.23595128012015,NA,-0.088275907164236,0.329740514648998,0.477945343341411
"906","244385",2024-05-04 17:00:00,-29.1280787235557,38.4994369057146,-3242.52289129261,4623.61912391745,3.50767148713243,3.98396215833782,0.147572262548696,-0.727210594503414,0.664258076254386,0.766137910234218,0.731794638274445,NA,-0.0898834311817197,0.32864197741388,0.477544258555577
"907","244385",2024-05-04 23:00:00,-29.216239472159,38.5565215660296,-3252.33690093508,4631.70873213292,1.04791248464844,0.597368258276855,-2.71793725019386,2.10829408243985,0.868838417655562,0.686240487119819,2.11985824906764,NA,-0.0892506317809715,0.328147820382496,0.477702141548379
"908","244385",2024-05-05 05:00:00,-29.3201327852308,38.592045615594,-3263.90225164306,4636.74620246078,3.69426471057079,4.03545475584908,-1.88162044483084,0.893515510003518,0.772721085699136,0.85193846655244,2.10231621064544,NA,-0.0868846655477792,0.327706880433088,0.478292487630199
"909","244385",2024-05-05 11:00:00,-29.4222099591189,38.6375806884068,-3275.2654306619,4643.20695762868,2.81809342017755,2.08840955393176,-1.89267741475806,1.05480168006179,1.05092509068189,0.826133861762713,2.1788407094417,NA,-0.0868600190613483,0.326699624631369,0.478298637641276
"910","244385",2024-05-05 17:00:00,-29.5337001563808,38.5854909152055,-3287.67646264953,4635.8165274237,2.84042950753282,2.87402363954138,-2.06613621053146,-1.71555284200268,0.937739429587628,0.962427138757403,2.40718350365018,NA,-0.0894606321583795,0.325099039344538,0.477649746110595
"911","244385",2024-05-05 23:00:00,-29.5041737919564,38.6116856818363,-3284.38960279684,4639.53233110334,4.02115568079245,2.63303723837379,1.79472021527532,1.0783108786853,1.44058027263012,1.56773298018877,0.826424994527597,NA,-0.0927774257948729,0.323380018277797,0.476822266652792
"912","244385",2024-05-06 05:00:00,-29.3758460605581,38.6391380406167,-3270.10422508292,4643.42799608867,6.17933002571286,4.18067495230182,2.49722544847235,0.582850420251616,1.06778825448888,0.924135258344297,2.46788265461264,NA,-0.0911587346310918,0.32282581721078,0.477226084933107
"913","244385",2024-05-06 11:00:00,-29.2227188164322,38.6596473001164,-3253.05817824024,4646.33937279107,2.79265416606845,2.16291186013679,2.94019639644867,0.469852461818526,1.21574651532067,0.763472402864956,2.88230415932314,NA,-0.0910434526740262,0.321598208951918,0.477254845706725
"914","244385",2024-05-06 17:00:00,-29.0621760057492,38.7023479876268,-3235.18663430449,4652.40361532808,2.1016141158708,2.0692890388812,2.81298784876185,1.74130809188177,0.89644104955364,0.979344875780845,3.14546041880018,NA,-0.0955766222338797,0.319557907925903,0.47612401704955
"915","244385",2024-05-06 23:00:00,-28.9957528402871,38.809006686471,-3227.79244134838,4667.56698088187,0.314510754950665,0.300179662398231,0.899449077504626,0.959686855167361,0.383053399472089,0.260803852526424,2.81169193846731,NA,-0.105630252270304,0.31692767062424,0.473616963649153
"916","244385",2024-05-07 05:00:00,-28.9009358203646,38.7327007668906,-3217.23745897207,4656.71645950867,3.12590297840702,3.72052187918248,1.97364342833561,-2.42188147647012,0.669308619616578,0.794085801451593,2.52288467518179,NA,-0.117010371275752,0.314845660115451,0.470780737359596
"917","244385",2024-05-07 11:00:00,-28.9030473477791,38.6431881901005,-3217.47251312865,4644.00286547805,1.20712354460298,1.35345076160371,-1.68503879005679,-2.05450820093566,0.620112140607009,0.718154489893542,2.11947925998723,NA,-0.122996813681114,0.313906991170182,0.469289503074468
"918","244385",2024-05-07 17:00:00,-28.9725866116747,38.6150965879694,-3225.21358857564,4640.01627867028,6.74874788918727,6.50508999245963,-0.785338985751315,0.0169490064514991,1.52280972982162,1.47756107726625,1.45130004173466,NA,-0.129413920126815,0.313132543838009,0.467691599044659
"919","244385",2024-05-07 23:00:00,-28.937000902212,38.6608012419178,-3221.25220551874,4646.50320471462,6.63418247536374,1.97528836231827,0.660230430405758,1.08115424429536,0.975223650822652,0.965386204810144,1.26650903629458,NA,-0.13524604032475,0.312434839748878,0.466239934400121
"920","244385",2024-05-08 05:00:00,-28.9536302292658,38.6608295875541,-3223.1033737386,4646.50722914528,2.74208406856184,2.42226720929667,-0.781059551457732,-0.178356240551752,1.32828216941804,0.675627051793809,0.308119662892706,NA,-0.138402712287387,0.311813561915326,0.465454448562219
"921","244385",2024-05-08 11:00:00,-29.0433745191695,38.7312734935121,-3233.09366239229,4656.51361601558,1.37730969019785,1.47256302928757,-0.799911522550632,2.65495396209812,0.486601717272662,0.530055076214935,2.35667306681383,NA,-0.14060128483655,0.31099270636704,0.464907470954459
"922","244385",2024-05-08 17:00:00,-29.0541507635736,38.8111799652478,-3234.29326843201,4667.87618747821,4.10044542605204,4.6505404594282,0.0313793083357318,0.956434553576697,1.19471128436069,1.3771053266495,1.90426753415566,NA,-0.143324810211621,0.309727002952599,0.464230008760434
"923","244385",2024-05-08 23:00:00,-29.0435813936243,38.7030915109628,-3233.11669155126,4652.50924093702,1.82830701396338,1.78628410361875,0.00473990239640354,-3.28707187610791,1.33935538952583,1.42142324025273,2.5686996757356,NA,-0.146710059255961,0.308460276220932,0.46338813064663
"924","244385",2024-05-09 05:00:00,-29.1007871587624,38.6514992293932,-3239.48480819687,4645.18261886278,2.007748332451,2.29934731225053,-1.06135265739876,-1.22110366494313,0.397115037061768,0.437712597298739,1.61797189663427,NA,-0.144012421900539,0.307362545903209,0.464058989845144
"925","244385",2024-05-09 11:00:00,-29.0645738432135,38.6678090539446,-3235.45356035002,4647.498202284,2.10383475430856,1.17830674780684,1.73651785720701,1.06195966755748,0.808767619552207,0.73229806389118,0.774754866807093,NA,-0.141143061783038,0.306298902002531,0.464772696474014
"926","244385",2024-05-09 17:00:00,-28.9265924835585,38.6622156092406,-3220.09354565426,4646.70401441557,4.02083305099102,3.36734232477679,2.58922529587723,0.345591276390061,1.0612438366886,1.1835586998163,2.56374988955831,NA,-0.13581438887146,0.30517253164651,0.46609849775179
"927","244385",2024-05-09 23:00:00,-28.899979324385,38.7408074274165,-3217.13098232667,4657.86865221942,0.745893991122107,0.271294426059976,-0.700812519138346,1.73859224823206,0.551687507804341,0.278892818247707,1.92512915703689,NA,-0.132059191368217,0.303536182258937,0.467033099117463
"928","244385",2024-05-10 05:00:00,-28.9078405996953,38.7122544767703,-3218.0060954912,4653.81103120253,5.00204155282483,6.09699730953718,-0.0749929438013209,-1.02159592315214,0.988663215509428,1.19683988085158,0.691581392245598,NA,-0.126061697033691,0.302220650412646,0.468526245272344
"929","244385",2024-05-10 11:00:00,-28.8252975194128,38.69629469663,-3208.81744182565,4651.54372043888,1.28852723906081,0.488472831196228,2.10981592216973,0.299174849137277,0.936612129529263,1.25733928578321,1.57742050939326,NA,-0.117185663965932,0.301066593665625,0.470737064069672
"930","244385",2024-05-10 17:00:00,-28.7295952835766,38.7280860626771,-3198.16391766458,4656.06063443443,2.73123675353896,3.36200382883579,1.70522734734992,0.00271373114147282,1.13427232494829,1.18774774108105,1.92844654035576,NA,-0.108086189877219,0.29965693884128,0.473004728716219
"931","244385",2024-05-10 23:00:00,-28.6591590202761,38.6693074899051,-3190.32298870059,4647.71096903893,2.62568026409827,2.18694327419827,1.14785043262613,-1.50572097823437,0.992852665673641,0.985988166887415,1.90904619109848,NA,-0.100460272225574,0.297902373719697,0.474906032977708
"932","244385",2024-05-11 05:00:00,-28.5081148947364,38.622865509762,-3173.50883355819,4641.11863858906,3.60261494274326,4.10777078989415,3.58160108468019,-0.898462502909399,0.905841209332666,1.02846158032656,3.01008900607242,NA,-0.0925327053347768,0.29611047132719,0.476883315648162
"933","244385",2024-05-11 11:00:00,-28.3270778222383,38.576418505742,-3153.355878833,4634.52989845079,1.62123809852609,0.936264999445416,2.66526441045148,-1.37361653558749,0.802153695808376,0.482041034527601,3.53369739197747,NA,-0.088355661868949,0.293522606196098,0.477925443493564
"934","244385",2024-05-11 17:00:00,-28.187101209101,38.4275370740196,-3137.77375353559,4613.43921282633,4.14585251205899,4.5003642473166,2.64807349021777,-4.16489432333793,1.04919510197809,1.14791156653905,4.3707729671724,NA,-0.091099946894568,0.289901110443478,0.477240751396539
"935","244385",2024-05-11 23:00:00,-28.0950999460063,38.5685503378113,-3127.53221977555,4633.41418498788,1.51328461844743,0.608006611928588,1.27188158395617,6.68439224185014,1.19988913982095,0.871998338406305,3.74080865493625,NA,-0.100645920676199,0.285673476135824,0.47485973798502
"936","244385",2024-05-12 05:00:00,-28.1324641475925,38.5785862727363,-3131.69158367003,4634.83731145635,7.7796809799544,8.16254150205761,-0.785169935986656,-0.0739240079787067,1.30179848099236,1.4216467733365,0.732676096852886,NA,-0.095161871208842,0.284520292225919,0.47622746939474
"937","244385",2024-05-12 11:00:00,-28.3250011638233,38.5568594916915,-3153.12470627569,4631.75663968667,3.67466483104401,3.18867415121566,-3.57218712846506,-0.513445109483003,1.01590419821561,1.16723618173892,3.6084598228386,NA,-0.0826075993875201,0.285135375975947,0.479359836218157
"938","244385",2024-05-12 17:00:00,-28.6204412552247,38.715671939979,-3186.01294681041,4654.29659614771,3.24570577173504,3.08809844804336,-5.72945219846948,5.20130203559881,1.08846997336432,1.16090160950806,6.64560346574786,NA,-0.0724292062674445,0.285086682188562,0.481900610176131
"939","244385",2024-05-12 23:00:00,-28.8627415553589,38.7993864230252,-3212.98569284041,4666.19835723867,2.27207889112507,2.39139371626455,-4.07903609224384,0.567299901194459,1.51809046329835,1.55277431894202,4.91310010227649,NA,-0.0753777210323862,0.282689417580905,0.481164487200169
"940","244385",2024-05-13 05:00:00,-29.033130669032,38.8002367903413,-3231.95332221122,4666.31932696228,7.16986096181224,7.3250803716947,-3.16127152050089,0.0201616158993261,1.10623315619734,1.15616955597844,3.16127256916452,NA,-0.0903362224576426,0.280633332980929,0.477431290211837
"941","244385",2024-05-13 11:00:00,-29.1154501926848,38.7766768005107,-3241.11708966659,4662.9683188112,3.54017391066631,1.54768502456427,-0.915369660150434,-0.749881998222656,1.32653511626011,1.50894145968433,1.62642842819437,NA,-0.108696339377044,0.279794236574684,0.472852638494279
"942","244385",2024-05-13 17:00:00,-29.0717297144079,38.6959508982753,-3236.25014828757,4651.49488467015,4.68286724651423,5.5043937369295,1.30281051111294,-2.36887583448106,1.11721874189701,1.25206016790522,2.0772613436345,NA,-0.12716066738657,0.279878654578009,0.468252600813672
"943","244385",2024-05-13 23:00:00,-29.1185993166519,38.6306820919863,-3241.46764854305,4642.22788273135,2.99691422955016,1.94987199233515,-2.17204441181936,-0.829337810375579,1.29845717158915,1.08232027799161,1.77241338267962,NA,-0.143874489395125,0.280434025917855,0.464093294966338
"944","244385",2024-05-14 05:00:00,-29.3535656433964,38.65013358133,-3267.62398038982,4644.98875542445,3.98211699295538,3.84027119971622,-4.72222091479271,0.683398381851824,0.88025667122584,0.856695258347704,4.38370947502245,NA,-0.160625815594058,0.281296927168961,0.459929662482267
"945","244385",2024-05-14 11:00:00,-29.3296755418942,38.5580763420298,-3264.96454645559,4631.92915383749,1.71575320265283,0.781418560230193,3.27010949944057,-3.52212873036735,0.689387084498963,0.339179400308357,2.22139069080899,NA,-0.179539727221805,0.282418984742983,0.455235251134465
"946","244385",2024-05-14 17:00:00,-29.0403875126939,38.5006039611029,-3232.76115035243,4623.78444546133,2.216937686371,2.93614381185411,4.8438254688715,-2.20192092943395,1.36926540004613,1.54076885909874,5.53619596181748,NA,-0.185662885260895,0.284626695954739,0.453717152571878
"947","244385",2024-05-14 23:00:00,-29.076929682462,38.4664768972098,-3236.82900608349,4618.95122312465,3.56198740059139,1.5238794808409,-0.677975801598259,-0.80553710003419,0.600074859886083,0.482377440024483,1.05284823222794,NA,-0.195080075577452,0.286795659437081,0.451384061704702
"948","244385",2024-05-15 05:00:00,-29.1375493592645,38.4169991938661,-3243.5771576372,4611.94806998514,4.24327188159203,3.22316538948124,-1.21210688058134,-1.3494941217731,1.1263132277104,0.946629035951239,1.62067344731855,NA,-0.1862525322378,0.290151508165309,0.453571007904202
"949","244385",2024-05-15 11:00:00,-29.2046690403198,38.4932809037976,-3251.04888635449,4622.74712795393,2.53178544321014,2.14081903691542,-0.990682432911861,3.27765696678794,1.31036604794152,1.11885993483689,2.18883682336928,NA,-0.178641226920603,0.293327781848777,0.455458084668147
"950","244385",2024-05-15 17:00:00,-29.2266451920223,38.6239509348327,-3253.4952603716,4641.27266299445,4.69349959488729,4.63454272815609,-0.318031871318658,2.87477435132947,1.06863685075045,1.17894700103009,3.11436919798462,NA,-0.169416143837785,0.296415937410143,0.45774697731813
"951","244385",2024-05-15 23:00:00,-29.262711021957,38.6818506015194,-3257.51009019497,4649.49217365566,2.95515060113594,1.34179001157023,-0.925503785382629,0.677791590583387,1.06910332738458,0.553384669134039,1.52452430248085,NA,-0.16375027701927,0.299480233551446,0.459153661646271
"952","244385",2024-05-16 05:00:00,-29.2746515402953,38.7330942612769,-3258.8393026162,4656.77238348411,4.38075244332963,4.04633849578825,0.396238763959329,1.250796785729,1.08373888798793,1.1383377815655,1.23355529387036,NA,-0.158161215958956,0.302844098906985,0.460541915305673
"953","244385",2024-05-16 11:00:00,-29.167288780798,38.7374513123952,-3246.8877348988,4657.39163447548,1.56942654494313,1.09784048283644,2.73755168210874,-0.220205558760544,1.0861968501722,1.01827245598038,1.99479140962776,NA,-0.153245522390827,0.30597198946333,0.461763419723557
"954","244385",2024-05-16 17:00:00,-29.0674404424,38.8061246984317,-3235.77266871178,4667.1569562469,4.43453196110931,5.09092836536841,1.44316562648016,1.78928577551213,0.978118238399848,1.14150128128755,2.46576810697613,NA,-0.147299335748086,0.308929487722123,0.463241604572353
"955","244385",2024-05-16 23:00:00,-29.0101263619933,38.8159667119215,-3229.39249446562,4668.55726280288,1.30765476173511,0.989606223064433,1.46901899864037,-1.05762377733448,0.91954638165195,1.03480916701861,1.08867594439212,NA,-0.143569744741449,0.311672380914827,0.464169089053857
"956","244385",2024-05-17 05:00:00,-28.9293350777268,38.7362197559096,-3220.39884984054,4657.2165942071,5.63915586435601,5.67449437080983,1.40687964519781,-1.82216671017568,1.13801026275968,1.15164468370533,2.4124310386631,NA,-0.139475202489727,0.314560751288159,0.465187615827879
"957","244385",2024-05-17 11:00:00,-28.8958572971215,38.6793986070806,-3216.67212035066,4649.14394951891,0.648795115149645,0.589294150577081,0.402598042663533,-1.2405390921916,1.23667499992917,0.994340475612993,1.48183173115347,NA,-0.136141562014383,0.317095176857119,0.4660170813938
"958","244385",2024-05-17 17:00:00,-28.9393161352203,38.6611893352702,-3221.50993607829,4646.55830521489,2.42556213912593,2.48257995551044,-0.895394656816431,-0.370952372248947,0.437991784278262,0.44901959487805,0.914203287616692,NA,-0.13349264367381,0.319633811921686,0.466676310862411
"959","244385",2024-05-17 23:00:00,-28.9704414972104,38.6583819949882,-3224.97479552578,4646.15973301807,0.98539994119196,1.10186065122183,-0.733190721455101,-0.70871813827804,0.681223589499035,0.771131127668196,0.581339391313459,NA,-0.12983828809638,0.32210930084899,0.467585951471544
"960","244385",2024-05-18 05:00:00,-29.0414336087527,38.647173218183,-3232.87760123301,4644.56852364883,4.15965167340595,2.98081114334241,-1.43021672784336,-0.102860666435871,0.876900162028316,0.650266431840382,1.34351070585299,NA,-0.126310443897024,0.324293103198586,0.468464305449712
"961","244385",2024-05-18 11:00:00,-29.0854963062748,38.685537477105,-3237.78263828415,4650.0157941691,1.68885454832076,1.31919856840864,-0.209116368583518,2.08456382360593,1.01983337556158,0.751788589906589,1.22168180130138,NA,-0.123472177564785,0.3260552199836,0.469171112166265
"962","244385",2024-05-18 17:00:00,-29.1326430135137,38.7389495176623,-3243.03098572657,4657.60457745269,4.76089930662843,4.91738857526089,-0.856338925651736,1.17161359256482,1.27959285946816,1.42156310483477,1.53798806122061,NA,-0.120673375337863,0.327624030045403,0.469868212377991
"963","244385",2024-05-18 23:00:00,-29.0921640052814,38.7798956292938,-3238.52488314233,4663.42607666373,6.97149779246806,7.19165421265515,1.25167586045108,0.209613214880633,1.5095283219645,1.74330362239251,1.2267916878622,NA,-0.119028583166433,0.328770240450672,0.470277937287345
"964","244385",2024-05-19 05:00:00,-28.9363721809363,38.695157269297,-3221.18221658648,4651.38215239544,7.37575008671124,7.30434954873772,2.89044435280793,-2.00732060782791,1.11382159803761,1.20247213937151,3.51955016892943,NA,-0.11668708127057,0.329880937569553,0.470861284607272
"965","244385",2024-05-19 11:00:00,-28.800462323541,38.6740366865003,-3206.05280046745,4648.38250920659,2.73064310255402,1.57291894311109,2.07875870805,0.703043577164757,1.28999195058118,1.31498400617283,2.57060940112579,NA,-0.114260063891976,0.330775352534075,0.471466020727249
"966","244385",2024-05-19 17:00:00,-28.763198088879,38.7027201424948,-3201.90456484007,4652.4564838525,1.75269475491764,1.95509175305153,-0.553763556228107,0.623859814507549,0.841397910116076,0.96317822670982,0.968975146974919,NA,-0.114747414646245,0.331822376307778,0.471344581524948
"967","244385",2024-05-19 23:00:00,-28.7972980485337,38.7286697294893,-3205.70055498491,4656.14358069171,2.71293732501224,1.75219995846282,-0.129352514399325,0.304049535976989,1.00027723217348,0.929551212552883,0.881974440059177,NA,-0.11340898320711,0.333471998741289,0.471678103096366
"968","244385",2024-05-20 05:00:00,-28.8344989597671,38.757612436127,-3209.84174148045,4660.25755378844,4.45120345834022,7.87425969121993,-0.928333262086761,0.770456595347694,1.01335960916792,1.62825600862093,0.972742946485288,NA,-0.111514822165863,0.334972179277031,0.472150149175936
"969","244385",2024-05-20 11:00:00,-28.9548374733501,38.7752643628348,-3223.23776353533,4662.7674590211,7.36012225787549,11.2702446002695,-2.62201908359451,0.290677583501735,1.43104617825464,1.69918676079775,2.27169380795985,NA,-0.110122885224865,0.336096076695954,0.472497067197488
"970","244385",2024-05-20 17:00:00,-29.1150220662771,38.7340518818785,-3241.0694308529,4656.9084831681,3.94165229164204,5.25805256065422,-2.97194447268184,-0.97649600266903,0.984962195825144,1.45415693517799,3.1282379186059,NA,-0.110262170650148,0.336621387011295,0.472462351331283
"971","244385",2024-05-20 23:00:00,-29.2073309807138,38.6380250714163,-3251.34521220366,4643.27002940304,2.08779921126535,1.99454617788793,-1.62304053820024,-1.6096582036676,1.1775139848944,1.05742694885614,2.8461088374366,NA,-0.114732222747971,0.33631476502946,0.471348367026596
"972","244385",2024-05-21 05:00:00,-29.3037657252065,38.6173943687121,-3262.08027885537,4640.34230640791,3.34132689841894,3.24775248535668,-1.6565135031012,-0.858480009004517,0.87619881117537,0.899656623015973,1.85469328891847,NA,-0.121880109476371,0.336007066048776,0.469567635432775
"973","244385",2024-05-21 11:00:00,-29.3530938182016,38.5609096976036,-3267.57145704939,4632.33085304382,3.97604810370151,4.50056460167506,-0.644549196659359,-1.24212754398176,1.56931500696899,1.74446986067265,1.61859901038115,NA,-0.129691747465771,0.335927423455893,0.467622432836493
"974","244385",2024-05-21 17:00:00,-29.3478317668758,38.5583519573286,-3266.98568817527,4631.96822851692,7.42333159334444,4.68151574148261,0.0976281464476733,-0.0604373700034995,1.07240232391725,0.850609848949106,0.115238043222186,NA,-0.138162434190583,0.335749969546835,0.465514231835657
"975","244385",2024-05-21 23:00:00,-29.3147358957879,38.6503375953888,-3263.30147265841,4645.01771643184,4.78580652928166,2.67345560128819,0.806881510979333,3.07825390313785,1.43177032771861,1.05864505542347,2.25990694503917,NA,-0.145401868447628,0.335720277391281,0.463713440346261
"976","244385",2024-05-22 05:00:00,-29.2700918597921,38.7275914825271,-3258.3317213044,4655.99034902598,4.79489478539885,3.84434100194399,0.689847769630413,0.351577068583679,1.21555354389488,1.34418681313181,2.00739168586451,NA,-0.152579549449264,0.335392787188218,0.461928943491352
"977","244385",2024-05-22 11:00:00,-29.2896248215633,38.640937760569,-3260.50612066246,4643.68344037226,3.56450669392625,4.02601554919805,-0.820107990989489,-2.11585545202681,1.34983740591758,1.5323935992054,2.08291294707661,NA,-0.161789097960223,0.334846376053489,0.459640723195002
"978","244385",2024-05-22 17:00:00,-29.3781605670397,38.5450415949356,-3270.36187476589,4630.08135717038,4.15734128467791,5.57661436697266,-1.7791567006019,-2.29353725393216,0.920556575769322,1.12078477617729,2.79956774103226,NA,-0.165420170439835,0.335156459535636,0.458739002760155
"979","244385",2024-05-22 23:00:00,-29.4262211987683,38.452267907042,-3275.71195981712,4616.93956449358,0.577836941059459,0.314942794939576,-0.142747657709861,-2.10582862565877,0.696301574976088,0.977039970460185,2.36482881748464,NA,-0.1721686812826,0.334998193588981,0.45706383699397
"980","244385",2024-05-23 05:00:00,-29.3791258824643,38.3881353036824,-3270.46933318741,4607.86486221469,4.81285495752311,5.47178671120262,0.966436485400428,-1.1463032689571,1.23373688441781,1.43059383479231,1.74675522883818,NA,-0.181605938778079,0.334814026716014,0.454722886263747
"981","244385",2024-05-23 11:00:00,-29.2925733415128,38.4209126740215,-3260.83434840183,4612.50181400605,0.829442187811034,0.912047529895439,1.72705364949835,1.07909138268255,1.11513295014578,1.21264879425512,1.7819605941043,NA,-0.19082813835877,0.334845849683265,0.452437212627738
"982","244385",2024-05-23 17:00:00,-29.2021899317224,38.451854786073,-3250.77291324779,4616.88108226217,4.24188932719161,4.80462535845986,1.67244003202824,0.705981288959493,0.734760219343533,0.837852296074517,1.82891593862299,NA,-0.199176581279751,0.334944525574439,0.450369820819072
"983","244385",2024-05-23 23:00:00,-29.1654661793249,38.5534367953449,-3246.68484383089,4631.27141621687,3.31535074920675,1.07062532536746,0.244740238152338,3.19716177464129,1.05296731558093,0.838910095866416,2.49329370556905,NA,-0.20949969052538,0.334848820076668,0.447815802123841
"984","244385",2024-05-24 05:00:00,-29.1509824039636,38.6545580022185,-3245.0725173329,4645.6168469003,4.99015610876335,3.36304426207309,0.253955256113462,2.74843162803593,1.24754137233169,1.28303259958546,2.40598636586672,NA,-0.22109434982639,0.334726816004087,0.44495047755247
"985","244385",2024-05-24 11:00:00,-29.1228379038201,38.6978400331128,-3241.9394859083,4651.76323486892,0.624198049108783,0.521160645488209,0.676793513016573,-0.340361810557685,0.961811887338331,0.564999692902455,1.14981398133258,NA,-0.23559140080506,0.334747273500592,0.441373065022922
"986","244385",2024-05-24 17:00:00,-29.0765631990758,38.7503504790414,-3236.78820933955,4659.22516695965,6.84376177171558,8.50185685274026,0.861206583482798,1.26715439276997,1.15265719217977,1.43224785388102,1.51123568218003,NA,-0.25013814057555,0.335148047924477,0.43778949830244
"987","244385",2024-05-24 23:00:00,-29.00959581013,38.7866460302291,-3229.33343370235,4664.38613605539,5.73587207047015,7.81710278076851,1.33431584592912,0.559143778871687,1.41379491443827,1.62871095671056,1.51113256114239,NA,-0.265794367246637,0.335592832902256,0.433939861635686
"988","244385",2024-05-25 05:00:00,-28.9279583872916,38.7412899836749,-3220.2455973623,4657.93724168473,9.55753871893116,8.76007566824068,1.53263564573624,-1.25893640105271,1.50786634226712,1.50810467076527,1.85752839312859,NA,-0.282637292809098,0.33625028752382,0.429807327534905
"989","244385",2024-05-25 11:00:00,-28.8622129219504,38.7147633832073,-3212.92684563856,4654.16750298776,7.98596696006217,1.12068287040753,1.21136888401038,-0.59556496851842,1.2520051090659,1.47752883467227,1.37210760186319,NA,-0.299687982500967,0.337179132703499,0.425633760230469
"990","244385",2024-05-25 17:00:00,-28.8407602465532,38.7753733432413,-3210.53874473719,4662.78295675265,7.34103972264196,5.4949387712085,0.172539963540949,1.86849546213251,1.29053714318518,1.12091970215628,1.48964140647561,NA,-0.317861139906606,0.338574316837408,0.42119709270057
"991","244385",2024-05-25 23:00:00,-28.9414547256658,38.7539015100025,-3221.7480028777,4659.72998149859,3.7974800469261,3.78837798090812,-2.97132963913781,-1.30829820935003,1.32242408404011,1.25637620950517,1.93597796315255,NA,-0.334910919955027,0.340160743164188,0.417046202660588
"992","244385",2024-05-26 05:00:00,-29.0987736719275,38.7820039119551,-3239.26066786768,4663.72591220918,2.98540663711537,3.27880422212638,-2.38980529752286,2.01610631997388,1.07285076588837,1.28182802275326,2.99360241403058,NA,-0.349639789343042,0.341686173476518,0.413469773953157
"993","244385",2024-05-26 11:00:00,-29.1402123149644,38.8606067639398,-3243.87359650972,4674.91103148259,2.91542531091286,3.4710372446527,-0.234400673475986,0.986576441968283,1.13260836069087,1.26583192389446,2.01653964066357,NA,-0.368329108251586,0.344109006285471,0.408944829536565
"994","244385",2024-05-26 17:00:00,-29.1173263995885,38.820896255066,-3241.32594806373,4669.25870395209,3.43610944731453,4.22297978059913,0.602483296033267,-1.60537505952201,0.919679722352428,1.07653355795846,1.03335922651925,NA,-0.386625485255878,0.347444973103304,0.404529909680407
"995","244385",2024-05-26 23:00:00,-29.1259863513389,38.7710074093745,-3242.28996948289,4662.16211088078,1.27505590128234,2.9702604377983,-0.943061197518216,-0.594776622581691,0.798449373033587,1.36864867709295,1.19362245297213,NA,-0.401484606983707,0.350508303700143,0.400955699424261
"996","244385",2024-05-27 05:00:00,-29.185868207708,38.7702459308902,-3248.95598724165,4662.05383080639,3.18281278355329,3.92717357127917,-1.11443830384189,0.0602406022380843,0.637166572123204,0.838941443900127,1.11115623515376,NA,-0.41686856233827,0.353738979931543,0.397266317950244
"997","244385",2024-05-27 11:00:00,-29.1915449610588,38.787664713504,-3249.58792053402,4664.53102376989,3.83194078894995,3.73107976954841,0.338200119777642,0.520486759486215,1.23521301115108,1.20894466788231,0.426103108959822,NA,-0.431958059742882,0.356988929064584,0.393658862040758
"998","244385",2024-05-27 17:00:00,-29.075530917689,38.850361575835,-3236.67329630122,4673.45244408063,6.19303619411611,3.1885538500168,2.8493899955509,1.95607172371551,1.29868187988265,1.42821116713764,2.61588637049963,NA,-0.446645829766529,0.360217428162379,0.39015854538707
"999","244385",2024-05-27 23:00:00,-28.8929868432438,38.8701830976142,-3216.35258288666,4676.27458696732,2.675110255457,1.38586881072616,2.63256654262244,-1.44715055494366,1.15775329356862,0.946626720005772,3.41924557274624,NA,-0.461570592705291,0.363486794914221,0.386613301813745
"1000","244385",2024-05-28 05:00:00,-28.8944253788667,38.7667573262731,-3216.51271993969,4661.55777605041,2.24939080529814,2.12276701535926,-0.744613908715361,-2.51506597896189,0.766064009447636,0.828447835133493,2.45292551352549,NA,-0.482207992791394,0.369094284910475,0.381730875615492
"1001","244385",2024-05-28 11:00:00,-28.9524323908839,38.7507952375162,-3222.97003097988,4659.28839243475,0.857806036466504,0.512245426329342,-1.57637419980788,0.677865320870087,0.474922068623133,0.469818809767049,1.14088318936661,NA,-0.497029972153712,0.374079885653044,0.378238889802413
"1002","244385",2024-05-28 17:00:00,-29.0260469616771,38.8736738177623,-3231.16476751554,4676.77166985958,3.75022861910178,3.1464057363831,-1.19726769028728,4.40097262598502,0.902953336950809,0.79541176241542,3.21824710211464,NA,-0.510706273125967,0.379086561966638,0.37502797322355
"1003","244385",2024-05-28 23:00:00,-28.9659077398367,38.7538832639835,-3224.47009996356,4659.72738757993,0.802277121098404,0.426819482885198,1.2940642368573,-5.41303911167913,0.936212750507689,0.700936139459005,3.05223042281936,NA,-0.524465061307746,0.384158668016342,0.371808747161249
"1004","244385",2024-05-29 05:00:00,-29.0147731777949,38.6508560201186,-3229.90977563446,4645.09131027548,4.82265188628756,5.96777214036323,-1.22370901810253,-1.99272399608926,0.964034570940258,1.21270096689178,2.60164635298551,NA,-0.525987204560903,0.385430083804467,0.371453294150494
"1005","244385",2024-05-29 11:00:00,-29.0112077997178,38.7057305056191,-3229.51287956243,4652.8841478845,3.35158773695712,3.87344916282927,1.02277244187156,2.97837505675323,1.08623603075047,1.34442302600624,1.30027133286837,NA,-0.529382365012516,0.387828874052294,0.370660953104466
"1006","244385",2024-05-29 17:00:00,-29.0213602921233,38.7518082977669,-3230.6430498473,4659.4324073971,3.57835222101452,3.98869297919034,-1.5283756579443,-0.843304008807509,1.27576269387694,1.44723506028778,1.10698986227889,NA,-0.527727483914067,0.388608034344006,0.371047072110333
"1007","244385",2024-05-29 23:00:00,-29.1361414908294,38.6569397222744,-3243.4204344399,4645.95497244297,2.52272912523873,1.01421448996539,-1.21861384966291,-1.40038374255736,1.0762751169383,1.09942818062242,3.09509847378638,NA,-0.52674527272991,0.389455528298306,0.371276320874437
"1008","244385",2024-05-30 05:00:00,-29.1052535703588,38.617730083728,-3239.98200686145,4640.38994125435,4.60114749036241,5.26432301915293,0.917190639083309,-0.830861375335131,0.938176571776962,1.0613554234911,1.09025566054951,NA,-0.523655361557418,0.389319807335154,0.37199788592661
"1009","244385",2024-05-30 11:00:00,-29.0291407766744,38.5972349006886,-3231.50916942565,4637.48227678225,3.06463327349742,3.47834111458254,1.37393349902769,-0.398804043370612,1.52256941836905,1.78488338776895,1.49302739507317,NA,-0.517699698538516,0.388697709671239,0.373390278232328
"1010","244385",2024-05-30 17:00:00,-28.9787140335598,38.5953190198118,-3225.89569005977,4637.21051234704,7.08312062077399,8.09522845792268,0.935579863245134,-0.0452940758600797,1.08304622762988,1.24606803067306,0.936739001255528,NA,-0.512576840137913,0.38818833906831,0.374589648594464
"1011","244385",2024-05-30 23:00:00,-28.9957823962993,38.6033998501208,-3227.7957315086,4638.35681397756,1.66152708288232,1.59265444577429,-0.316673605874687,0.191050268430167,1.04014809355764,1.2147718580246,0.369896423434313,NA,-0.507999690796541,0.387788189948987,0.375662561643135
"1012","244385",2024-05-31 05:00:00,-29.0436773280847,38.606179963847,-3233.12737092654,4638.75121552992,4.07160502726544,4.72866317449882,-0.608069832213987,0.30437193701953,1.35500662440796,1.56716894049549,0.890963944486643,NA,-0.50275658224201,0.386950056946236,0.376893080754145
"1013","244385",2024-05-31 11:00:00,-29.0124015344008,38.6746626770635,-3229.64576549948,4648.47140245765,1.74907659564879,1.72151876990172,0.580267524350055,1.62003114045167,0.594050886436134,0.693700294705377,1.72079752625277,NA,-0.497769065773443,0.385920839730441,0.378065089676667
"1014","244385",2024-05-31 17:00:00,-29.0047341341057,38.6928113157325,-3228.79223440293,4651.04892510957,5.66348580988671,5.9172418750306,-0.00947125063332136,-0.0645096478159967,1.27733940419487,1.34220579381389,0.452420469481799,NA,-0.492014764058352,0.384415998856186,0.379419055718058
"1015","244385",2024-05-31 23:00:00,-29.0409347584559,38.6290742844956,-3232.82206947199,4641.99971025923,3.29799950133353,0.610557261235695,-0.762115135927806,-1.56682216207365,1.07480391465639,1.22718141949883,1.65091756364865,NA,-0.48594900151404,0.382756235767807,0.380848342617558
"1016","244385",2024-06-01 05:00:00,-29.0504616808265,38.615031554783,-3233.88260161911,4640.00705138841,4.49879696108719,2.70537958882345,0.269554286923478,0.290002691072033,1.07783301615462,0.779867245410579,0.376255537554308,NA,-0.479142938286022,0.380575441661151,0.382454528287522
"1017","244385",2024-06-01 11:00:00,-28.9633182357125,38.6035061674807,-3224.18183768305,4638.37189643402,3.78570740608435,2.29358176596294,2.16229992398494,-0.531436812047332,1.0545756675742,0.710371269911917,1.63979020696526,NA,-0.471955160528736,0.37820390856714,0.384153587852426
"1018","244385",2024-06-01 17:00:00,-28.8954593392937,38.6876140857677,-3216.62781988791,4650.3107319881,1.85335876450994,1.85466715746849,0.779864852161268,2.33832612323952,0.823380523917167,0.641054328866278,2.35459001983266,NA,-0.464493858765431,0.37546744749526,0.385920298591461
"1019","244385",2024-06-01 23:00:00,-28.8456457839767,38.7830454628043,-3211.08260027542,4663.87404268826,2.59158776102755,1.05586146704274,-0.783390046862404,4.51184627606482,1.3263012859709,0.883451721064739,2.4418671362491,NA,-0.457619259776201,0.372873412817597,0.38755075334841
"1020","244385",2024-06-02 05:00:00,-28.957869718544,38.8299083446528,-3223.57531152628,4670.54119083267,5.60403636566556,5.13154389322548,-2.36290758958385,0.342272031776136,0.9986238563432,1.02149221967533,2.36038527503705,NA,-0.453947850233426,0.371453295937551,0.38842254030888
"1021","244385",2024-06-02 11:00:00,-29.0963546826628,38.6997333995749,-3238.9913872145,4652.03219333689,0.300298216036626,0.273365334134072,-2.55611806098466,-3.94248850594576,1.2543527052889,0.998703378879309,4.01374718092803,NA,-0.448335699034911,0.369574471697203,0.389756541302723
"1022","244385",2024-06-02 17:00:00,-29.2100641514994,38.7193650677433,-3251.64946738376,4654.8213547771,5.66335962758467,4.58903448361745,-1.1923804111914,0.623565769579426,1.13107214626899,0.948701332774869,2.16019874217517,NA,-0.443175259969007,0.367996189053913,0.390984628992256
"1023","244385",2024-06-02 23:00:00,-29.1913496388581,38.775202768256,-3249.56617736609,4662.7586998769,6.55534051552424,4.09460954373861,0.610693157152137,1.56922979725502,1.34310159789177,1.27934209340119,1.36725996110282,NA,-0.436484770180595,0.366937601938924,0.392578896167245
"1024","244385",2024-06-03 05:00:00,-29.1489909177417,38.7247646704437,-3244.85082610076,4655.58863661172,8.21688297755396,7.19390318054925,0.77969599373049,-2.41391075251567,1.48073748963083,1.59804957656076,1.43023794707579,NA,-0.427611822902503,0.365313420690312,0.394696750163909
"1025","244385",2024-06-03 11:00:00,-29.0926162650715,38.5949113040051,-3238.57522847187,4637.15267949881,3.03523959581203,2.25156715001476,1.04593295817422,-3.07265931962072,1.07695354064173,1.03757061647639,3.24586774293082,NA,-0.416962205898011,0.362981678862326,0.397243895609777
"1026","244385",2024-06-03 17:00:00,-29.0439102929602,38.5885584453075,-3233.15330445784,4636.25159480642,2.02181214123681,2.24127776029502,0.654606898922879,0.448700404756617,0.587924010405453,0.636407572970919,0.915921763592529,NA,-0.409700285564416,0.361548481891788,0.39898398922775
"1027","244385",2024-06-03 23:00:00,-28.9387209927782,38.7299779135099,-3221.44368512468,4656.32949226752,3.08012807983612,2.09975367904246,1.66600965810895,4.4977243220596,1.27036737896044,1.3279236313317,3.87377518777087,NA,-0.400031134557053,0.359890342698144,0.401304859498637
"1028","244385",2024-06-04 05:00:00,-28.9596617763766,38.728864343788,-3223.77480249168,4656.17123793726,6.48705332037424,7.17015949163185,-0.659415262250112,-0.710160437973721,1.10972425075475,1.28293612984635,0.389337110304645,NA,-0.391450930266429,0.358309401112909,0.403368067628821
"1029","244385",2024-06-04 11:00:00,-28.9929614561604,38.6481570974511,-3227.48170588879,4644.70818610302,3.06407800686714,3.54387601058473,-0.325010513580203,-1.77412180360093,1.28080244308177,1.48170663165566,2.00804055955839,NA,-0.376261928012756,0.355744132911508,0.407028790004287
"1030","244385",2024-06-04 17:00:00,-29.0017299901801,38.6466189778832,-3228.45781463086,4644.48984964344,4.99417239626196,5.52478826930146,-0.395097646666324,0.504060725325441,1.40243355138749,1.42185465417289,0.166886230224147,NA,-0.361311320198575,0.353063178512962,0.41064216940391
"1031","244385",2024-06-04 23:00:00,-29.0687214898209,38.6762859368094,-3235.91527425835,4648.70191571179,5.53542138408579,1.62632868615395,-1.30349215099044,0.288402601115083,1.11668165386973,1.08095749184745,1.42766307396828,NA,-0.345011182514234,0.350153187269135,0.414592716809161
"1032","244385",2024-06-05 05:00:00,-29.1561451392027,38.6340787191674,-3245.64723039082,4642.70993303709,5.32118783774864,4.60943522096719,-1.70910507604428,-1.25637901013968,1.23055840637507,1.12713455041021,1.90459060983052,NA,-0.32889564203531,0.347126165835041,0.418509354699726
"1033","244385",2024-06-05 11:00:00,-29.1619661523271,38.5888394662127,-3246.29522260774,4636.29145290067,0.932950893316499,0.717079643862777,0.556358747924049,-0.803839128382964,0.846757743030404,0.631830553463513,1.0751504094454,NA,-0.313452036873495,0.344246645974058,0.422272360237768
"1034","244385",2024-06-05 17:00:00,-29.2105882423801,38.5340720456302,-3251.70780891374,4628.52658314616,2.96535395537458,3.42821608894886,-1.50654966972726,-1.43622594304768,0.844332497238901,0.938081387631596,1.57735938912027,NA,-0.297573555658213,0.341398297788438,0.426150754547441
"1035","244385",2024-06-05 23:00:00,-29.175331041854,38.521581174019,-3247.78299530437,4626.75647482133,1.57407366623724,4.75782985248945,1.76985325475232,0.163783283237129,1.17970113892166,1.74474377978607,0.717724815407194,NA,-0.282616006244749,0.338623802198142,0.429812544304645
"1036","244385",2024-06-06 05:00:00,-29.1450597973315,38.5236903922767,-3244.41321577846,4627.05535494723,8.58416009962295,12.1208826723667,0.561461545280256,0.0497974938210736,1.40546569291549,1.80193606053101,0.563833159522073,NA,-0.266315602347174,0.335587656717217,0.433811831911565
"1037","244385",2024-06-06 11:00:00,-29.1664066350678,38.5308043857781,-3246.7895348853,4628.06348610738,7.01546800754216,11.5338658553212,-0.39605317485731,0.168021866348379,1.15710147422717,1.53079627555218,0.430238729519939,NA,-0.250167263510773,0.33243442119681,0.437782330291648
"1038","244385",2024-06-06 17:00:00,-29.2157666089972,38.5510541943562,-3252.28426204869,4630.93365711058,8.25194189929456,11.6504427812819,-1.04942793705202,0.567755972341842,1.50235016518628,1.83969220586643,1.03327122048763,NA,-0.233627557520474,0.329058537008055,0.441857331483889
"1039","244385",2024-06-06 23:00:00,-29.2744253753115,38.5788628683748,-3258.81412604536,4634.87653640784,4.75242169625336,5.32265765315638,-1.08831063374334,0.657146536796446,1.13705238944915,1.56406834258549,1.27141056058004,NA,-0.217475092432014,0.325558567837197,0.445844501070682
"1040","244385",2024-06-07 05:00:00,-29.2921301668689,38.5863539692778,-3260.78501442614,4635.93893237261,2.98964543943373,3.42919016113532,-0.157144653544856,0.0617613064316514,0.879385335327601,0.979844567626565,0.37316931815726,NA,-0.20220897990427,0.322034679647918,0.449619303956587
"1041","244385",2024-06-07 11:00:00,-29.4077042498701,38.5472022520884,-3273.65066249472,4630.38762707214,1.96004491066325,3.28050617190094,-3.19007036693237,-1.460514555174,0.965764361753995,1.2010348505123,2.33540807331927,NA,-0.18667654483835,0.318371493874693,0.453465920847749
"1042","244385",2024-06-07 17:00:00,-29.5627216601791,38.4582945048466,-3290.90712167442,4617.79274013191,4.03539186001189,4.63574939622514,-2.3190711482355,-2.14950937371071,0.947044030546576,1.12287263401576,3.56019000113486,NA,-0.171707933421249,0.314510029080989,0.457178176824065
"1043","244385",2024-06-07 23:00:00,-29.5839791493317,38.5480337535162,-3293.27349454243,4630.50549362125,3.30806297086134,1.27107065883991,0.131225174141969,4.84186528601397,1.26885932533664,1.16427311495961,2.15504929123932,NA,-0.162704993288461,0.31122471167867,0.459413249662919
"1044","244385",2024-06-08 05:00:00,-29.5060159710136,38.6262005156508,-3284.59467323143,4641.59189135977,3.03950851947694,2.63240176534175,1.85526587389414,0.767377351896181,0.836771372289993,0.684653690618775,2.34642789520158,NA,-0.144713462607732,0.307973528794035,0.463884639642121
"1045","244385",2024-06-08 11:00:00,-29.3463246933585,38.5496491326466,-3266.81792151873,4630.73447991445,3.05750831584079,3.63905733541515,2.61408767766648,-0.949464531147603,1.00006782003571,1.21454352801079,3.47230679976876,NA,-0.127707044232016,0.304925760983699,0.468116559657248
"1046","244385",2024-06-08 17:00:00,-29.2803515170395,38.586353222253,-3259.47382112489,4635.93882642317,4.09188484981294,5.03199895514218,0.664403775106685,1.52318071394846,1.09523415842215,1.30638307757467,1.50033887664231,NA,-0.109797240418929,0.302040841312796,0.472578232803774
"1047","244385",2024-06-08 23:00:00,-29.2064215804894,38.7895389248985,-3251.24397823376,4664.79759903091,4.389062437991,2.88254504146963,1.67359968761711,6.09788974389663,1.18788143208765,1.16080087322053,5.0013815189925,NA,-0.0884013707525957,0.300013993588232,0.477914038557463
"1048","244385",2024-06-09 05:00:00,-29.1641734568413,38.956692382373,-3246.54093862228,4688.60087968203,4.82381430089542,3.81011987459679,0.386252057832964,1.7410944745227,1.12299148917114,1.12563994825396,4.04386731153661,NA,-0.0716320246274215,0.297960295481842,0.482099647300335
"1049","244385",2024-06-09 11:00:00,-29.1157067312701,39.0008162180006,-3241.14564741128,4694.89371458979,3.16055062436543,3.42976938185237,1.72687222189263,1.80560083530853,1.105048638406,1.22257409746328,1.38185124615445,NA,-0.0623784344446746,0.296980540185224,0.484410446063652
"1050","244385",2024-06-09 17:00:00,-28.9760667425461,39.0484076362661,-3225.60099497214,4701.68552426663,2.35868995324436,1.88579419358104,2.56725444692794,-0.0126271678604565,1.02220744164758,1.16113020165429,2.82720312715339,NA,-0.0503702520377179,0.296800964967029,0.487410098763238
"1051","244385",2024-06-09 23:00:00,-28.8845294099642,39.1588289817998,-3215.41110572055,4717.46163743153,2.73179094449766,0.802992684769272,1.63602822307571,3.70804188982181,1.18762019095743,1.02364060329276,3.12980681266928,NA,-0.0411316816011495,0.296127721083096,0.489718529087933
"1052","244385",2024-06-10 05:00:00,-28.7345591582459,39.0816473659227,-3198.71649366512,4706.43192945726,5.52901154809608,4.0589971646325,2.9580037074653,-2.90721485960115,1.17388090682391,1.02552791670838,3.33550929643083,NA,-0.0353032609355891,0.29537786054547,0.491175101301215
"1053","244385",2024-06-10 11:00:00,-28.5661207697033,39.0794356811661,-3179.96601802253,4706.11604607177,5.73767232140125,3.14767582965213,2.84052689267683,1.22218657979494,1.43475379032187,1.38741273894674,3.12541590643422,NA,-0.0256145317503481,0.295045998991171,0.493596717160335
"1054","244385",2024-06-10 17:00:00,-28.4496188789213,39.1484138226346,-3166.99708686422,4715.97253848047,7.8338224062244,6.80868083461913,1.94660066455926,1.73754902630257,1.40973678032154,1.44570001956523,2.71463199105454,NA,-0.019946094489858,0.29478085538973,0.495013641693616
"1055","244385",2024-06-10 23:00:00,-28.3486159565384,39.1461643614527,-3155.75349297593,4715.65095276057,2.33653987047928,0.562049985673367,1.88232584744992,-0.0941316879538248,1.16364797550344,1.12347585135694,1.87460473491888,NA,-0.0163504188715243,0.294677140692682,0.49591248634341
"1056","244385",2024-06-11 05:00:00,-28.2488138366048,39.0314956131845,-3144.64357180482,4699.27146779423,1.91707160636922,1.74052983016909,1.50842280721675,-3.94286088953814,0.730544706958907,0.600414781603397,3.29863947429383,NA,-0.0133866963838796,0.294609223051138,0.496653375881149
"1057","244385",2024-06-11 11:00:00,-28.3326611905089,38.988201002194,-3153.9774165458,4693.09415935917,2.60906035309949,1.20217705754134,-3.29572617527118,0.666684951018395,0.991037825798686,0.926351359544807,1.86557277460744,NA,-0.0124917108187324,0.294267498862413,0.496877112903892
"1058","244385",2024-06-11 17:00:00,-28.4135406609754,38.9785644929019,-3162.98087801376,4691.71973317058,5.09397275625571,5.66687920062777,-0.894934429730297,-0.433912998611257,1.05823067487234,1.187515214725,1.51783329627241,NA,-0.00563710346120219,0.294462193880243,0.49859072786656
"1059","244385",2024-06-11 23:00:00,-28.4509935468775,39.0271321611166,-3167.15011420112,4698.64871431347,0.970821002907315,1.0064647606232,-1.03995540796705,1.70480125621776,0.977050601520174,1.08578739926742,1.3477244987689,NA,0.000222675042763298,0.294377595232174,0.500055668760461
"1060","244385",2024-06-12 05:00:00,-28.5041920548746,39.15810220166,-3173.07214502231,4717.35771941774,5.11641481740594,5.41992011942111,-0.321480095171404,2.25105547784645,1.22008595724081,1.46013741003054,3.27092737310864,NA,0.00644431242775037,0.293981542668705,0.5016110725314
"1061","244385",2024-06-12 11:00:00,-28.4555797440855,39.1335355660211,-3167.66064733898,4713.84571705022,6.22037046305562,5.59418895708704,0.977786929972599,-1.21409447632957,1.4480835698833,1.38698653061756,1.075756498555,NA,0.00946657856167521,0.293122406886469,0.502366626966453
"1062","244385",2024-06-12 17:00:00,-28.3917614262461,39.0978954513875,-3160.55642469383,4708.75286480516,11.9030766993315,9.82451571103237,1.24504103986279,-0.464443841892936,1.98362614678809,2.13574743614518,1.45724255744173,NA,0.0202115327952356,0.292676822787017,0.505052711194719
"1063","244385",2024-06-12 23:00:00,-28.3232791149386,39.1287778673803,-3152.93300867072,4713.16570773131,19.141976175598,17.4835948068311,1.25045021544155,1.13059327440791,2.10692072485083,2.24127191220617,1.46797136027928,NA,0.029921847944663,0.291803975526745,0.507479903920741
"1064","244385",2024-06-13 05:00:00,-28.2676452561077,39.2282793819855,-3146.7398758348,4727.39693963326,24.8246469370599,23.6128820626566,0.962743556753646,2.71690891222891,2.15040117912476,2.39960698088387,2.58649350354045,NA,0.0396535757609478,0.290592535202737,0.509912095154391
"1065","244385",2024-06-13 11:00:00,-28.2462725143487,39.362526413187,-3144.36067310534,4746.6299335859,26.4590344270084,25.3415741735364,0.39653377406508,3.20549894845289,1.97285252367237,2.17384577091999,3.22988652853395,NA,0.047488702001858,0.288947810730452,0.511869944848934
"1066","244385",2024-06-13 17:00:00,-28.2750077968834,39.4495362914856,-3147.5594701249,4759.11537024641,23.932792902453,21.9603383505754,-0.533132850772793,2.08090606643059,1.92255832299588,2.13903056260381,2.14841085017251,NA,0.0511528502662155,0.287038164842206,0.512785424811234
"1067","244385",2024-06-13 23:00:00,-28.3734410338969,39.4220821188195,-3158.51700794638,4755.1741521053,17.1173697083431,14.0998809368973,-1.82625631775997,-0.656869733837975,2.04047310575963,2.28878533229649,1.94082875958797,NA,0.053872273422619,0.285250564278963,0.513464812023863
"1068","244385",2024-06-14 05:00:00,-28.5611621555746,39.2124192696936,-3179.41402762268,4725.12718165311,5.98712778549599,3.61303329027107,-3.48283662689645,-5.00782845235281,2.06533252925277,1.98508069084373,6.09916242066324,NA,0.0589367298110795,0.283285630263854,0.514729918955004
"1069","244385",2024-06-14 11:00:00,-28.7644471288869,38.9526609569551,-3202.04360733773,4688.0261245302,4.97369139621899,4.55521032611902,-2.81695807384865,-3.9933682784735,1.79435166271641,1.81084410853447,7.24207360482698,NA,0.0559987552901585,0.280909297903747,0.513996031546697
"1070","244385",2024-06-14 17:00:00,-28.7473050982517,39.0508812927763,-3200.13536521626,4702.03866785508,6.62424078571702,7.4501159366064,0.318040284177049,2.33542374334654,0.972909150026844,1.12469364748187,2.35702432087396,NA,0.0287111695981756,0.281998666151379,0.507177299366965
"1071","244385",2024-06-14 23:00:00,-28.6805357781971,39.1660412958921,-3192.70263850717,4718.49294242746,5.59927436084022,2.55310734696097,1.26790115151998,2.17510206295481,1.55490385915638,1.34308337276313,3.00882326522516,NA,0.0420230083828231,0.284374891207712,0.510504206330613
"1072","244385",2024-06-15 05:00:00,-28.6088483222273,39.1070219772035,-3184.72242741235,4710.05676727246,8.11918484127933,6.24075667492765,1.34297316096289,-2.31055539544587,1.28301033562253,1.37508089075442,1.93554000532498,NA,0.0516201132551287,0.286866793480771,0.512902163476803
"1073","244385",2024-06-15 11:00:00,-28.579577196572,38.9547694027059,-3181.46398060944,4688.32671882559,6.89654013163848,5.60298722873583,0.073696398729922,-3.80966694187833,1.45809862788979,1.50683111524021,3.66233397765877,NA,0.0673441543643047,0.289183122533774,0.516829678526031
"1074","244385",2024-06-15 17:00:00,-28.6407328823363,38.8243158827577,-3188.27180040785,4669.74532295036,5.88693625278335,4.56049526503937,-1.46990409544766,-2.77026076832811,1.25055019016159,1.26805487326987,3.29796108643353,NA,0.0795378750466687,0.291517379650326,0.519873992506756
"1075","244385",2024-06-15 23:00:00,-28.6598192881526,38.7801044256934,-3190.39648938439,4663.45577085176,0.630291203932592,1.11294506563478,0.257139264152394,-0.509288074901943,1.20761962852455,0.723891822977149,1.10648339394169,NA,0.0885238553011057,0.294359421719753,0.522116522750252
"1076","244385",2024-06-16 05:00:00,-28.7721289365068,38.7099750222233,-3202.89874225035,4653.48717145888,4.06123664956655,3.00789243874727,-2.63328813925325,-2.02239420154907,0.833916088663514,0.677213448651636,2.66497786078708,NA,0.0994362954715632,0.297440686057621,0.524838611100083
"1077","244385",2024-06-16 11:00:00,-28.9017337210464,38.6697319940007,-3217.32628086967,4647.7712462774,2.53045467262421,1.90553099801334,-2.1248760414944,-0.154779182613136,1.01543010386799,0.86083132862852,2.58638638970519,NA,0.108516936986658,0.300158601916184,0.527102642906288
"1078","244385",2024-06-16 17:00:00,-28.9792900620147,38.7384157869892,-3225.95981325405,4657.52871670467,3.7607291153614,4.36362179919151,-1.19076460071592,2.20363601296735,0.901641014527888,1.02283969170114,2.17142798222809,NA,0.114434317095335,0.302963229101472,0.528577400482723
"1079","244385",2024-06-16 23:00:00,-29.0855163606156,38.8176806608323,-3237.78487072316,4668.80114076378,2.55491680419913,2.55204407472092,-2.58159117991502,0.970140667356332,1.01113433976608,1.18510257569696,2.72286504593661,NA,0.121783229112984,0.305836998941478,0.530408234128949
"1080","244385",2024-06-17 05:00:00,-29.1987199614856,38.8058532662267,-3250.38663792796,4667.11834005346,2.92461149879612,3.83423774402485,-1.49350104722672,-0.688142479298826,1.03838468359445,1.35601135555804,2.11886114050348,NA,0.125660954935039,0.308650962061057,0.53137396491971
"1081","244385",2024-06-17 11:00:00,-29.1255534133831,38.7121527068578,-3242.24177505009,4653.79657174163,1.43797913866806,1.49469546933997,2.46704662419214,-2.77349363806977,0.764079116244869,1.11174828433361,2.6025309935796,NA,0.129442839869492,0.3116176190835,0.532315600696908
"1082","244385",2024-06-17 17:00:00,-29.0619483120502,38.630417868609,-3235.16128755787,4642.19038503896,7.32580768235023,7.20196540662685,0.706994827967417,-1.79236110565953,1.68258343671926,1.6944862952277,2.26596098050877,NA,0.138494276554308,0.314457483498769,0.534568333160084
"1083","244385",2024-06-17 23:00:00,-29.0684285329805,38.5719989189113,-3235.88266245205,4633.9031818012,9.74921414341559,3.86268806844382,-0.120229090011479,-1.38120054137949,1.22063139344698,0.972089362118466,1.3863428170289,NA,0.14531727875468,0.317444608810993,0.536265523546413
"1084","244385",2024-06-18 05:00:00,-29.0463299550132,38.5482267548734,-3233.42266000547,4630.53285204369,8.52460776816657,4.55752064317848,0.597009313462322,-0.0464484479480098,1.44765266064416,1.30627286890292,0.695500932580702,NA,0.152512814995676,0.320417945271829,0.53805446957839
"1085","244385",2024-06-18 11:00:00,-28.9978039524507,38.5856558444639,-3228.02077010999,4635.83991884164,2.61573094759637,1.24560199083029,0.974428626095938,1.08546537149725,1.57794311796458,1.13591536075303,1.26202977017038,NA,0.160004158288925,0.323132847445828,0.539915917502648
"1086","244385",2024-06-18 17:00:00,-28.9409460460547,38.6635501949313,-3221.69137692241,4646.89350050941,2.09069546981524,2.30615995858038,1.07668360664883,2.03616327407206,0.604236486554655,0.487071449945879,2.12290615858816,NA,0.167804840354815,0.325494910475195,0.541853046355293
"1087","244385",2024-06-18 23:00:00,-28.9153817339897,38.7033308996443,-3218.84557072086,4652.54324894891,0.998064507139086,0.48183746882948,0.344816672370093,0.497237975363193,0.78246179645635,0.930460458954673,1.0543415656332,NA,0.17391957517943,0.327642297759722,0.543370625910197
"1088","244385",2024-06-19 05:00:00,-28.9595836386269,38.7344250759874,-3223.76610423717,4656.96152304341,5.77286180177995,5.45527738277614,-1.05040968128139,0.788625544874134,1.14153376895494,1.09125026747506,1.10232237108721,NA,0.180253098131653,0.329771797233513,0.544941656424498
"1089","244385",2024-06-19 11:00:00,-29.0413240005233,38.7317991469581,-3232.86539970073,4656.58832118725,7.33100263279651,5.09569416326869,-1.59771718567169,-0.658759093936508,1.38283167309914,1.51374994277801,1.51813049555051,NA,0.186961828409024,0.331619176867213,0.54660478134694
"1090","244385",2024-06-19 17:00:00,-29.1092820885692,38.6426034424472,-3240.43045945728,4643.91986564764,3.96603043845865,4.56296081438795,-1.19937931202762,-2.34993324874454,1.2097664814431,1.0628054755699,2.45896975758033,NA,0.193012159117308,0.333224316300611,0.548103795415258
"1091","244385",2024-06-19 23:00:00,-29.1361667643326,38.6633928432605,-3243.42324787341,4646.87115934336,1.24341305823341,0.993270992713833,0.17161415465332,2.28483082467388,0.798607197337254,0.834972873421692,0.70049077137471,NA,0.19821940432911,0.334710951383215,0.549393231380076
"1092","244385",2024-06-20 05:00:00,-29.1731055209416,38.6787449077843,-3247.53525144966,4649.05111533865,6.63067303390918,8.08110479593931,-0.886526686365481,-0.329122221748538,1.43345855187328,1.7163333376283,0.775877013200267,NA,0.206914937783653,0.33623717817864,0.55154496259862
"1093","244385",2024-06-20 11:00:00,-29.1996754743521,38.6124057040333,-3250.49300513371,4639.634487653,10.4835813030651,12.0719758715045,-0.272283916126042,-1.88099816087801,1.55311240234631,1.81740192373664,1.64490816178459,NA,0.215341718567244,0.337477181652053,0.553628351557062
"1094","244385",2024-06-20 17:00:00,-29.1972092424636,38.5378389112529,-3250.21846545571,4629.06045459605,6.24493968396293,6.94441702778423,0.045756578209785,-1.76233878550318,1.2453155716376,1.50604832101208,1.76323244355211,NA,0.224274876242925,0.338427943603864,0.555834877458567
"1095","244385",2024-06-20 23:00:00,-29.2210435458502,38.5291566448802,-3252.87168797212,4627.82997414891,2.87158032941269,4.0653431966014,-0.772252354402934,0.383360758358921,1.31163638749435,1.38114504522171,0.487670261240374,NA,0.232094045370315,0.339287302063899,0.557764440974004
"1096","244385",2024-06-21 05:00:00,-29.2629192243023,38.568609990576,-3257.53326717403,4633.42264334145,4.89955079556568,4.04171451046394,-0.584052098070597,1.19842024742422,1.30306165287644,1.42415592048125,1.2136485765669,NA,0.241200298923418,0.340034468290544,0.560009422833427
"1097","244385",2024-06-21 11:00:00,-29.2833594295015,38.5890653582407,-3259.80866040852,4636.32349200389,2.67172666402674,1.46138761299558,-0.444090932269978,0.0540776549073255,1.09963659568224,1.18629338785122,0.614383972767797,NA,0.250245720487913,0.340484656872451,0.562236980148392
"1098","244385",2024-06-21 17:00:00,-29.3374095640945,38.6323234807017,-3265.82549386871,4642.46082621452,3.35830408341721,3.88542914626609,-1.5234671864424,2.04277819935533,1.0695155906966,1.1652613781188,1.43231562610385,NA,0.259375541591653,0.340739903683746,0.564482779903477
"1099","244385",2024-06-21 23:00:00,-29.4206424267324,38.7502424495753,-3275.09093375483,4659.20980988824,6.14127231152621,5.78285350481214,-1.27637001833225,2.4592454408051,1.599968605841,1.88171536229774,3.1904540306459,NA,0.267842617634772,0.340712291483967,0.566563194272483
"1100","244385",2024-06-22 05:00:00,-29.4312082404305,38.78762836496,-3276.26711475552,4664.52585386658,8.69581978916358,10.1760824320776,-0.160289257767997,0.833982637373665,1.24733462629642,1.48383607352912,0.90759673469223,NA,0.273160173737746,0.340549656888531,0.567868557907348
"1101","244385",2024-06-22 11:00:00,-29.3482817806222,38.7404292302014,-3267.03578347638,4657.81489644131,4.28450990404631,5.84188562983518,1.60276923202433,-1.18302037136704,1.3267986132234,1.52489249301696,1.90247566701927,NA,0.281421648669816,0.340851104480667,0.569894725535732
"1102","244385",2024-06-22 17:00:00,-29.2349287239275,38.6478590852527,-3254.41737892525,4644.66588282741,6.77260445772357,7.41926169273009,2.09457235119236,-2.34166230878374,1.30849474714849,1.49506780490147,3.03758173168318,NA,0.29134919367603,0.340890242549226,0.572326405750078
"1103","244385",2024-06-22 23:00:00,-29.1368960519922,38.5338099719935,-3243.50443180432,4628.48944094456,1.21252412977817,1.01949840109388,1.81882450862382,-2.69607363093771,1.06602155616992,1.15539984031412,3.25207213663213,NA,0.297630546645006,0.340923695424225,0.573863182328222
"1104","244385",2024-06-23 05:00:00,-29.0519564943381,38.4024039520963,-3234.04900349805,4609.88315999584,5.11525349221724,4.8651589748346,1.53840717342809,-3.33256956195821,1.08114570400586,1.19180529660458,3.47844185785463,NA,0.299621175132893,0.341429251393146,0.574349907313677
"1105","244385",2024-06-23 11:00:00,-28.9809217356076,38.2674628440401,-3226.14145032755,4590.81179031923,6.63241651900227,6.2796183848664,1.13450559041518,-2.79014100406714,1.49782730797192,1.64740391387322,3.44101572365838,NA,0.296716728204932,0.342645342996523,0.573639698232089
"1106","244385",2024-06-23 17:00:00,-28.9669664580347,38.2418188294323,-3224.58795593426,4587.19153769877,7.28141208370598,8.1986031957797,0.239228929114833,-0.554207078733943,1.17978495918113,1.34416065291516,0.656577149200593,NA,0.289100988185144,0.344970159265171,0.571776025722748
"1107","244385",2024-06-23 23:00:00,-29.0074587076388,38.2591428903754,-3229.09553254126,4589.63709303064,1.0110858045849,1.18157265059913,-0.832339577705485,0.400817732015022,1.22150885540856,1.39395693513057,0.854716469112953,NA,0.285753810033893,0.34796940196932,0.570956278993732
"1108","244385",2024-06-24 05:00:00,-29.0246717348255,38.3338531647193,-3231.01167796269,4600.19032954122,4.17458190474419,4.26388590190824,0.73472834608189,2.53684304920959,1.30086867188336,1.34103765061378,1.78760048314388,NA,0.283081591976763,0.350822540165413,0.570301554792551
"1109","244385",2024-06-24 11:00:00,-29.045047527415,38.2492085360665,-3233.27990081827,4588.23463557266,3.44733280137042,1.76853029015945,-1.72715670864437,-4.49287015536962,0.954629890484095,0.983842949663823,2.02800711138067,NA,0.279924982698493,0.353666187266711,0.569527832352385
"1110","244385",2024-06-24 17:00:00,-29.0827787727644,38.2812423539973,-3237.48012383756,4592.7576228154,3.413200199883,3.9035288343463,0.0808810759277012,0.583760729507107,1.21918264612823,1.37780679856822,1.02932316990473,NA,0.281562340864961,0.355996687060482,0.56992921092561
"1111","244385",2024-06-24 23:00:00,-29.0369658757544,38.2660672950928,-3232.38025547065,4590.61474278614,2.55395308598967,1.44175329539914,0.756459723981995,0.487841160643167,1.04298608005819,1.07591175849731,0.92222199545586,NA,0.286474639799221,0.357957778426584,0.571132848167327
"1112","244385",2024-06-25 05:00:00,-29.0129278838777,38.2981880004305,-3229.70435845523,4595.15106248904,6.08320024501194,6.40423859139486,0.363386087430729,0.235763335297654,1.33314089976704,1.5799680779374,0.877655958633381,NA,0.292896472857184,0.359525316725229,0.572705089105686
"1113","244385",2024-06-25 11:00:00,-29.0023933517571,38.2794098909722,-3228.53165970382,4592.49883553751,2.49251990539529,3.03581301075535,0.195449803561277,-0.442037756759797,0.886335240821935,0.937966222021387,0.483343801135864,NA,0.299672722442694,0.360841876983398,0.574362509144004
"1114","244385",2024-06-25 17:00:00,-28.9897999239393,38.3155199241842,-3227.1297657318,4597.59964392908,2.76063112449995,2.6732051588082,0.166739389715047,1.54223288665738,1.14004058272612,0.996188562830722,0.881634079427592,NA,0.30708883878777,0.361858008235599,0.576174521122839
"1115","244385",2024-06-25 23:00:00,-28.9902065069289,38.3379895985902,-3227.17502634317,4600.77494385148,2.97852572168182,2.26873166062668,-0.0416229854728935,-0.226313023487248,1.05992670101152,0.897484002991061,0.529271462695783,NA,0.314928222818603,0.362562079094887,0.578087726362307
"1116","244385",2024-06-26 05:00:00,-29.0022390896365,38.2752966011459,-3228.51448732311,4591.91796535492,3.15273952731047,2.77898123170799,-0.278919516650662,-1.97822668508592,0.903649354431701,0.952082160779428,1.4929260514784,NA,0.322774746067613,0.363058444870391,0.580000329786756
"1117","244385",2024-06-26 11:00:00,-29.0083660929251,38.2621796048566,-3229.19654220929,4590.06583213462,1.58320214261009,1.9008825300016,0.0760045717309192,0.524577457105831,0.872782748617653,1.02369993591479,0.32894025010076,NA,0.331484632440587,0.363195792725078,0.582120566875816
"1118","244385",2024-06-26 17:00:00,-28.9862137655397,38.296913929132,-3226.73055640485,4594.97109031727,5.97034109874855,6.69230508030384,0.316195493191569,0.688839203880393,1.40223582441558,1.67645493159459,0.914995405000444,NA,0.340942655613392,0.363158160155478,0.584419487065988
"1119","244385",2024-06-26 23:00:00,-29.0098605281683,38.30390989388,-3229.36290197958,4595.95936235001,3.09856431702665,3.04341194579846,-0.438724274169484,0.164712015914805,0.870819608202388,0.919900254248561,0.468558859232845,NA,0.350741757619244,0.362834420957839,0.586797441643443
"1120","244385",2024-06-27 05:00:00,-29.0615151664474,38.3131439239258,-3235.11307000992,4597.26393768808,5.21181928157176,4.6491451308898,-1.08601011260631,0.264748476322345,1.17577470144272,1.20167220522721,0.982711007256938,NA,0.361080122732797,0.36226999691657,0.5893018761445
"1121","244385",2024-06-27 11:00:00,-29.0976878504795,38.3370265312399,-3239.139794777,4600.63882771768,4.25221436639384,1.46446196657329,-0.373426410797138,0.662664088520302,1.2115496372783,1.24645625988962,0.875711043964818,NA,0.371067068554791,0.361518270168208,0.591716794629882
"1122","244385",2024-06-27 17:00:00,-29.0750555307317,38.3715196339215,-3236.62037646721,4605.51508459514,2.65684891264524,2.80900922352505,0.573460739493498,1.23289238994894,1.27033300757142,1.34151194784697,0.914803090959054,NA,0.380860185053598,0.360625684702469,0.594080552345723
"1123","244385",2024-06-27 23:00:00,-29.0426742822414,38.4394838484537,-3233.01571237401,4615.12998395187,2.75653501208671,2.01265219947202,0.399685436293161,1.22659135381183,1.14906967053391,1.14532876895701,1.71136848817233,NA,0.39100353957909,0.359513761041967,0.596524257659724
"1124","244385",2024-06-28 05:00:00,-29.0461320723195,38.4480864444038,-3233.40063180478,4616.34764385493,4.68427720236212,3.20380082041836,-0.0787256526632708,0.0721600076522556,1.05423536262462,1.10201940000777,0.212863984411974,NA,0.400166907588714,0.358305629119849,0.598727760793566
"1125","244385",2024-06-28 11:00:00,-29.0191588535985,38.4531173028234,-3230.3979868317,4617.05980772148,2.23654254039255,1.15637866964213,0.854922472968115,0.115693563187478,0.962461351780663,0.977265069215801,0.514244571275054,NA,0.410698422403387,0.356945447778384,0.601255335609226
"1126","244385",2024-06-28 17:00:00,-28.9696229250387,38.4348089936674,-3224.88367248845,4614.46834002001,5.42207394093314,6.7530260280117,0.770907781824044,-0.530613072985814,1.74655142850908,2.03486541231365,1.01554080502427,NA,0.421267737543736,0.355334023263801,0.603786568491527
"1127","244385",2024-06-28 23:00:00,-28.9616549843113,38.4172207172445,-3223.99668538401,4611.97941397595,11.9918369839078,14.4026717360575,0.147831188456036,-0.414820999808862,1.60779761759999,1.91586948166382,0.440291032652818,NA,0.431559359282938,0.353509973269551,0.606245967489736
"1128","244385",2024-06-29 05:00:00,-28.9811549873105,38.4163342355329,-3226.16741578835,4611.85398366747,11.882256130821,14.3696289899119,-0.36178839634053,-0.0209050438755156,1.38808396419034,1.66122868550918,0.362356889788855,NA,0.442194658676511,0.351492653941043,0.60878184954981
"1129","244385",2024-06-29 11:00:00,-29.0220077241428,38.4439405504075,-3230.71512165003,4615.76079239114,6.81707213797389,8.30824401877173,-0.757950972565654,0.651134794814224,1.62900136608269,1.91123283175154,0.999180543890034,NA,0.45298718680621,0.349219628931408,0.611349229195898
"1130","244385",2024-06-29 17:00:00,-29.0775664430018,38.5110645760594,-3236.89988994254,4625.26638521162,6.95848508153076,5.76582328813592,-1.03781124777177,1.60827335010323,1.20385021887182,1.28393707316948,1.88982370919174,NA,0.463585094463119,0.346702248815402,0.613864314838961
"1131","244385",2024-06-29 23:00:00,-29.1989433214598,38.585335443346,-3250.41150224656,4635.79447736964,5.63781700636064,4.4411790495049,-2.66022894503438,1.77278385594471,1.26569294220511,1.20997291212302,2.85487619917643,NA,0.473041857810932,0.344036938156549,0.616103470179144
"1132","244385",2024-06-30 05:00:00,-29.3000215840086,38.6603514523223,-3261.66348296376,4646.43934511636,3.69643801282522,2.21619847742602,-1.26647272938068,1.76505676474949,1.06776116790541,0.810859163619844,2.58194285221007,NA,0.479639457214005,0.341450108694796,0.617662734227003
"1133","244385",2024-06-30 11:00:00,-29.3978292857493,38.5378173649047,-3272.5513865172,4629.05740078865,1.8279920491909,1.11021702038673,-2.85308010871274,-5.74254419806927,0.862465395389562,0.749625824488807,3.41826825849609,NA,0.48401454294858,0.339282153423673,0.618695401454599
"1134","244385",2024-06-30 17:00:00,-29.4950627970838,38.4462810312357,-3283.37537148699,4616.09208336957,5.29210008401015,5.44784646445066,-1.17487968393042,-1.6334655533429,1.53502065176606,1.6840966624709,2.81527120549701,NA,0.493331590348782,0.337075420883261,0.620890955241268
"1135","244385",2024-06-30 23:00:00,-29.591606959828,38.4315250780012,-3294.12261852275,4614.00358502108,9.99252259138869,10.6460163523652,-2.43297953352206,0.24452605767006,1.56647666413031,1.81234072090095,1.82480984123261,NA,0.500420296177119,0.335486933316765,0.622558097278838
"1136","244385",2024-07-01 05:00:00,-29.7872303949534,38.4726953079612,-3315.89931970814,4619.83172945773,8.21835700741058,8.7262378033842,-3.62945006837389,0.971357297530161,1.27331756247647,1.44800963377912,3.75763581098193,NA,0.508134464384748,0.334120016849159,0.624369047651652
"1137","244385",2024-07-01 11:00:00,-29.8731357825698,38.3848695792982,-3325.46226371399,4607.4029825471,1.60075762698101,1.09488487487388,-1.09500259097754,-2.72914394121286,1.59084051620566,1.6556793519078,2.61302199261701,NA,0.511480235795853,0.332831101078051,0.625153412135842
"1138","244385",2024-07-01 17:00:00,-29.7383376232008,38.1317227624644,-3310.45660125316,4571.66350914288,7.30457252011362,3.12551522957491,2.98003856006123,-4.85075275372871,1.32230474685077,1.45905681668281,6.46090863327173,NA,0.519688883162444,0.332144307217551,0.627075013913771
"1139","244385",2024-07-01 23:00:00,-29.5362271901099,38.0613359936969,-3287.95777075748,4561.74848322749,7.26451176265268,9.0155020365871,3.42476110040631,-1.49067007069833,1.65972740435102,1.80748115902118,4.09732844912833,NA,0.525259072875367,0.331736919506747,0.628376688856296
"1140","244385",2024-07-02 05:00:00,-29.4477727261244,38.0344280261067,-3278.11106486822,4557.96063625796,12.5394125996273,14.4906058690709,1.64111766887385,-0.631307839007975,1.70398129177223,1.8803786539549,1.7579706692086,NA,0.53606509325835,0.333679742784407,0.630896584307633
"1141","244385",2024-07-02 11:00:00,-29.426144112271,38.0270145136954,-3275.70337858749,4556.91727928693,12.9663296364067,13.5876038248467,0.401281067453907,-0.173892839258666,1.43567052870199,1.67243932818259,0.437079400687862,NA,0.550308322497206,0.336592139679557,0.634207121227887
"1142","244385",2024-07-02 17:00:00,-29.4420307493235,38.0219653062918,-3277.4718709346,4556.20672892274,6.87085281021845,6.07990545443324,-0.294748703853532,-0.118425071450397,1.54685868694326,1.82322131563919,0.317475296372127,NA,0.565769588321488,0.339555872382844,0.637786457830412
"1143","244385",2024-07-02 23:00:00,-29.4624361074361,38.0049832783962,-3279.74338500915,4553.81729301489,2.66233536316233,1.29741716360449,-0.27173941855493,-0.532461698212236,1.57857486667193,0.888733981159167,0.549249033113054,NA,0.581458717725184,0.342391219329468,0.641402988149527
"1144","244385",2024-07-03 05:00:00,-29.4621646150882,37.9931192686319,-3279.71316261922,4552.14831281421,8.54949292682113,8.36235776640185,0.0467495422638682,-0.208047746607076,1.41305127758785,1.66643603579247,0.278217910118131,NA,0.597056889575902,0.345095234736173,0.644982680657522
"1145","244385",2024-07-03 11:00:00,-29.4478108748734,37.9984736320769,-3278.11531156753,4552.90150898035,5.04207813043689,6.02108205777868,0.266308505637747,0.125532689668599,1.14408011128222,1.19928755250605,0.294333096071036,NA,0.612744587275347,0.347690480917004,0.648566625042674
"1146","244385",2024-07-03 17:00:00,-29.4280952750859,38.008070488617,-3275.9205810385,4554.25163372323,9.0880079791355,10.8701537526585,0.39165573610812,0.247920515081194,1.92803696421853,2.22750688955551,0.429434239790001,NA,0.628504583060954,0.350166206530099,0.6521503036651
"1147","244385",2024-07-03 23:00:00,-29.4054438117913,38.026619627172,-3273.39903167883,4556.86170705017,14.4430908925132,16.5172081864232,0.420258221604558,0.435012224501877,1.66538988705077,1.91248906926686,0.604905883901731,NA,0.644197034730124,0.352518548494108,0.655701588835598
"1148","244385",2024-07-04 05:00:00,-29.3883600220832,38.058457515322,-3271.4972729077,4561.34321143753,13.3701332626388,14.2936616815869,0.31695979018065,0.746917401239826,1.4142367676501,1.64102059773964,0.811424792564703,NA,0.659767225135383,0.354748120895124,0.659208096868638
"1149","244385",2024-07-04 11:00:00,-29.3813911394179,38.1044477980716,-3270.721500438,4567.8202808859,10.0817254795466,9.50665463919429,0.0381337890887829,1.21871441222582,1.67332221210381,1.95968986419563,1.08721138408296,NA,0.675149937539456,0.35685609074413,0.662655355510136
"1150","244385",2024-07-04 17:00:00,-29.4019246522,38.1752606381836,-3273.0072806251,4577.80129441034,4.63290685629048,4.43808968745165,-0.543095556749357,1.81991373712048,1.48985927482186,1.4410642426482,1.70653356737072,NA,0.690188517143508,0.358833203710568,0.666008862016884
"1151","244385",2024-07-04 23:00:00,-29.447651562059,38.2494131904922,-3278.09757694616,4588.26352519593,7.1481688741248,7.895400838507,-0.925436353881674,1.64881937388998,2.15904644073486,2.37778168503962,1.93914906504708,NA,0.704429321411971,0.360632772538283,0.669169077110138
"1152","244385",2024-07-05 05:00:00,-29.5134145958574,38.3022087903545,-3285.41828438161,4595.71905026192,17.7397103507352,19.8042324874482,-1.22011790476206,1.24258750988253,2.21523185038611,2.52878410712645,1.74151981668662,NA,0.717569732549933,0.362289276319143,0.67207163128575
"1153","244385",2024-07-05 11:00:00,-29.593428471826,38.3359597371915,-3294.32538831083,4600.48805339175,23.8119477518266,26.4232126257822,-1.48451732038965,0.794833853856556,1.95945143864643,2.25133730650573,1.68396114324438,NA,0.730064012370599,0.363898040746279,0.674819319499238
"1154","244385",2024-07-05 17:00:00,-29.6860610156688,38.3489304158253,-3304.6371959223,4602.32140383332,24.4001896974818,26.7156745758198,-1.71863460076445,0.305558405812048,1.78504530943702,2.08947526431235,1.74560489536815,NA,0.741809548482608,0.365379649142616,0.6773914278665
"1155","244385",2024-07-05 23:00:00,-29.7896800530899,38.3393694574833,-3316.1720144045,4600.96997083451,19.3509143706653,20.9963602788513,-1.92246974588647,-0.225238834250992,1.89392867707189,2.22837745379289,1.93558737463446,NA,0.752669653459533,0.366681501594521,0.679760124831908
"1156","244385",2024-07-06 05:00:00,-29.9026534097932,38.3055044204244,-3328.74815094592,4596.18462364321,8.80902929900113,10.5287656249202,-2.09602275575568,-0.797557866332564,2.14258764180397,2.35256420345829,2.2425520495331,NA,0.762372240138766,0.367750959866281,0.681868551075133
"1157","244385",2024-07-06 11:00:00,-30.02141237462,38.2514552504969,-3341.96833843758,4588.55179291071,5.44341353120568,4.93912745038958,-2.23224807102034,-1.42105931203733,2.22942699096796,1.71543188605413,2.54412514347671,NA,0.770487559595294,0.368533584388957,0.683626353229409
"1158","244385",2024-07-06 17:00:00,-30.1344982418979,38.1880525546226,-3354.55699959887,4579.60534719856,14.7576164252098,6.5538936939599,-1.98462638774991,-1.38166939653025,2.0005187545115,1.98773055528619,2.57385215628262,NA,0.776563615660168,0.369008715296655,0.684939022298256
"1159","244385",2024-07-06 23:00:00,-30.2076345985267,38.1507691945539,-3362.69850157727,4574.3481398816,17.4008086748329,14.3565425617191,-1.35691698165909,-0.876201216328589,1.65338698293115,1.98143819997271,1.615138410912,NA,0.780741141275183,0.369290673972602,0.685839824865737
"1160","244385",2024-07-07 05:00:00,-30.2261402468422,38.1398553063037,-3364.75854092455,4572.80972018527,14.5468405325013,15.0283994162592,-0.343339876472695,-0.256403279557097,1.64376245425114,1.66697116472908,0.428484468781355,NA,0.785261877177897,0.369818957224037,0.686813059411132
"1161","244385",2024-07-07 11:00:00,-30.1692173357397,38.1601884757203,-3358.42191144614,4575.67606664899,7.2157952298056,7.2307362812878,1.05610492780928,0.477724413784222,1.7353438819398,1.75004433037643,1.15906168856447,NA,0.790799271256158,0.370435353499539,0.688002923850287
"1162","244385",2024-07-07 17:00:00,-30.0603552180214,38.2055011200853,-3346.30343593506,4582.06664553258,6.33098610770806,4.34395951413852,2.33519171054432,1.48319254244736,1.45866109210056,1.57287642682912,2.28327010303139,NA,0.796900083293567,0.370879485542484,0.689310988682956
"1163","244385",2024-07-07 23:00:00,-29.9405136566994,38.2979097974252,-3332.96273435283,4595.1117639462,2.9314441745676,2.42366817900916,2.01993437583808,2.26195658295167,1.19024295887229,0.979801854612524,3.10973784213326,NA,0.801405743997521,0.370811429453255,0.690275103067264
"1164","244385",2024-07-08 05:00:00,-29.8287357457703,38.3828806931743,-3320.51967422627,4607.1216996494,4.63947239125557,5.06307677896919,2.15056374106995,1.8783100243772,1.19495680811828,1.30527562255118,2.88230287187122,NA,0.803068866324349,0.370267916596624,0.690630558379644
"1165","244385",2024-07-08 11:00:00,-29.7090904367727,38.4554889799694,-3307.20081935284,4617.39555760394,7.22108073057875,4.46570069459076,2.1946224764834,1.71394875615829,1.70305304017304,1.39884890345549,2.80328332766324,NA,0.802713208386559,0.369724134747248,0.690554563356531
"1166","244385",2024-07-08 17:00:00,-29.604598066678,38.4628918051878,-3295.56878192213,4618.44362077535,14.6564084018724,11.1645214818314,1.84977404896652,-0.404579169119697,2.02979553164655,2.25004992744849,1.94620057099984,NA,0.800263562187196,0.369108054067115,0.690030856812028
"1167","244385",2024-07-08 23:00:00,-29.5226799144779,38.3650517095299,-3286.44969493249,4604.6005418781,18.4222395556747,17.7094857532487,1.51984783556345,-2.30717978868844,1.73190493781707,2.00891078793468,2.76284851286993,NA,0.79833128934333,0.368892456070911,0.689617414625798
"1168","244385",2024-07-09 05:00:00,-29.4532343101202,38.2294760763574,-3278.71904561756,4585.44952835173,16.1198474983487,16.5937195355752,1.28844155644543,-3.1918355602074,1.61152329603774,1.73458239592414,3.44218027501518,NA,0.796399008172894,0.368710147808734,0.68920366758075
"1169","244385",2024-07-09 11:00:00,-29.3909511358394,38.0993224738122,-3271.78571437162,4567.09824928455,7.42813595995615,6.03369265034676,1.15555521161246,-3.05854648367659,2.00175138330493,2.12408271620225,3.26965319831025,NA,0.791133888125726,0.368294428152514,0.688074746482215
"1170","244385",2024-07-09 17:00:00,-29.3293375167208,38.0138962308496,-3264.92691766541,4555.07130971859,13.0228882290702,12.5295173985434,1.14237398221622,-1.68841933545697,2.67119638187387,2.85158596952181,2.30757789050188,NA,0.78329583082051,0.368146581364932,0.686390005863736
"1171","244385",2024-07-09 23:00:00,-29.2691592091097,37.9931103536751,-3258.22789910534,4552.14705879703,26.5063101334006,25.9419247296081,1.11546388246299,-0.472037690289944,2.86990022243103,2.90747956213389,1.2180887288679,NA,0.775295892924912,0.368595404068805,0.684665386710126
"1172","244385",2024-07-10 05:00:00,-29.212225904053,38.0098595032983,-3251.89011257726,4554.50333927769,38.7821519101699,36.233384947353,1.0562977540876,0.392713406362148,2.8725271435548,2.81828369420781,1.12670585948321,NA,0.768377767520576,0.369421403251663,0.683169867845869
"1173","244385",2024-07-10 11:00:00,-29.1592468550519,38.0522992197205,-3245.99251181974,4560.47621582736,48.4165417564389,42.6712407376599,0.982933458993647,0.995479417865082,2.73790763443433,2.70622491917258,1.39880263416023,NA,0.761432052651084,0.370234695818359,0.681664567139968
"1174","244385",2024-07-10 17:00:00,-29.1109873279164,38.1092282741791,-3240.6202858331,4568.49377793516,54.655864760077,45.6508535091109,0.895370997181146,1.33626034421886,2.57141043517335,2.72418529922673,1.60840124251817,NA,0.753980664296714,0.370994061741577,0.680045446645126
"1175","244385",2024-07-10 23:00:00,-29.0670853447034,38.167996068049,-3235.73313941701,4576.77690923398,58.7056427304274,48.4555773550808,0.790559242055186,1.35875668728317,2.52175674050404,2.9210547851782,1.60286039617139,NA,0.745770549346378,0.371761150920287,0.678256425502107
"1176","244385",2024-07-11 05:00:00,-29.0309999679485,38.2216769559109,-3231.71613365157,4584.34894375184,57.5262351068313,49.1054349040212,0.669500959746095,1.26200575336231,2.49522460121983,2.86826028972897,1.42864641593648,NA,0.736856134200215,0.372621894573748,0.676307997155097
"1177","244385",2024-07-11 11:00:00,-29.003083918442,38.2718228861342,-3228.60853323554,4591.4274404285,52.8019967837932,47.2112194381867,0.517933401509978,1.17974944649595,2.56459056361431,2.75889148656678,1.28851524010313,NA,0.727472599351002,0.373618029117958,0.674250407060938
"1178","244385",2024-07-11 17:00:00,-28.9849816131162,38.319056627565,-3226.59339382449,4598.09936702629,44.8549655305191,41.668659948821,0.335856567346834,1.11198776668409,2.69319375465712,2.75177568837633,1.16166981267864,NA,0.717701835807826,0.374740429272086,0.672100745039753
"1179","244385",2024-07-11 23:00:00,-28.9783374689036,38.3639989378511,-3225.85377107399,4604.45169130754,34.3535039515408,32.3419558692568,0.123270457256665,1.05872071392674,2.80578600558255,2.85612061057064,1.06589366371926,NA,0.707625229630945,0.375983743112641,0.669876210186354
"1180","244385",2024-07-12 05:00:00,-28.9847959027365,38.4072687812473,-3226.57272063959,4610.57138103457,22.4141666399705,20.0738791125523,-0.119824928760531,1.0199482882239,2.79803953822884,2.92869059348211,1.02692533420086,NA,0.697292504593513,0.377342528286307,0.667587212473595
"1181","244385",2024-07-12 11:00:00,-29.0060013315472,38.449483494216,-3228.93329817685,4616.54540396971,10.6288621500963,6.27402138729114,-0.393429590704754,0.995670489575557,2.50882907211106,2.68404421950514,1.07052589194264,NA,0.686708400945245,0.378817956546995,0.665234294579512
"1182","244385",2024-07-12 17:00:00,-29.0410053861546,38.4910098200459,-3232.82993171144,4622.42544853943,6.10122809213806,6.05815001111472,-0.700559029769303,0.976434468177459,1.50716722155217,1.32171850448279,1.17565882031129,NA,0.675816616573214,0.380427490152771,0.662804370933675
"1183","244385",2024-07-12 23:00:00,-29.0758047160549,38.4986518711839,-3236.70377539589,4623.50791981447,2.36891672910396,3.28987994860206,-0.547333238687041,-0.218316107512772,1.2814944897241,1.53381407229754,0.670457608489346,NA,0.664504748605904,0.382215105545175,0.66027159056412
"1184","244385",2024-07-13 05:00:00,-29.043552153667,38.4365010452127,-3233.1134365741,4614.70781533429,3.09674396111716,3.97306326962446,1.29094301664407,-1.88108225978106,0.95806272958329,1.14354845304108,1.58406606659462,NA,0.653435690045526,0.384131585856349,0.657784269390463
"1185","244385",2024-07-13 11:00:00,-28.9921481471043,38.3598756099345,-3227.3911687388,4603.86871818954,6.43910400887435,3.708263715566,0.672729277390638,-1.68510819085239,1.39718810646037,0.980846666204742,2.04299679506531,NA,0.643274887070754,0.385981365772104,0.655493377652236
"1186","244385",2024-07-13 17:00:00,-28.9914521423156,38.3277912968775,-3227.31368984013,4599.33364879428,8.19927237571949,4.22789568592103,-0.175371001665034,-0.393641519933011,1.355744573424,1.23005568655651,0.755916734825373,NA,0.631722429824178,0.388293939808335,0.652879915275972
"1187","244385",2024-07-13 23:00:00,-29.0304049483277,38.3348968777037,-3231.64989637037,4600.3378373791,8.21556892446317,5.10959131280169,-0.885923415632458,0.21597145364792,1.63047624524006,1.70173745110211,0.742025221471257,NA,0.621411563317325,0.390737560482781,0.650539518499834
"1188","244385",2024-07-14 05:00:00,-29.0950550063644,38.3411548178299,-3238.84670791078,4601.22231628303,6.39598040346098,5.01930632235725,-1.19946855358574,0.147413131867166,1.11491186195852,0.912654156020902,1.20854723950409,NA,0.611536277367032,0.393136525012359,0.64829116801771
"1189","244385",2024-07-14 11:00:00,-29.1313329480708,38.3245555843807,-3242.88514990855,4598.8763980917,2.82653698780186,2.08938705358195,-0.35469019124322,-0.499825751414511,1.15455381913646,1.17536621573385,0.778288316981855,NA,0.601115067332338,0.395715909777575,0.645911374604717
"1190","244385",2024-07-14 17:00:00,-29.133180642394,38.3296554672981,-3243.09083429975,4599.59709107254,3.3168590338216,4.80333534875897,0.136131337853979,0.466607647564412,1.24055487722504,1.44241884802288,0.124945980040926,NA,0.590880652787258,0.398397430246351,0.643567182815674
"1191","244385",2024-07-14 23:00:00,-29.1117625764391,38.3394540369156,-3240.70658610388,4600.98192527397,4.39549549771637,2.81250434767925,0.347983055409228,-0.199165947405696,1.40953132046721,1.6323494302203,0.459511384108068,NA,0.581047956402271,0.401027573056451,0.641308505424876
"1192","244385",2024-07-15 05:00:00,-29.0968538499552,38.2811794169159,-3239.04695426332,4592.74873449629,8.12405016577094,8.83311511263562,0.276605350399719,-1.37219838692254,1.23762458477273,1.40785201810807,1.39991704179984,NA,0.571214110244547,0.40365285275728,0.639043277527283
"1193","244385",2024-07-15 11:00:00,-29.024905219726,38.2922475191604,-3231.03766938292,4594.31195195004,2.81098366758936,3.27323365952629,1.33488085703795,0.260536318314414,1.13034927143668,1.29628817759544,1.35995310740799,NA,0.561675408579705,0.406195788403587,0.636840108804492
"1194","244385",2024-07-15 17:00:00,-28.8456318940645,38.3744757123312,-3211.08105405747,4605.93309156394,5.0980611439923,5.79568159382892,3.98145776839279,2.28038947655411,1.16730127313234,1.30535664504553,3.84855690545076,NA,0.553159536960133,0.408535272682803,0.634868316591295
"1195","244385",2024-07-15 23:00:00,-28.7576724525419,38.2829616883191,-3201.28945381671,4593.0004396238,0.889836394247793,0.660152974090545,0.882860414266623,-3.14884053433706,1.03635469457135,1.0926596889403,2.70408417453412,NA,0.540800165547655,0.41236648266177,0.631998536995674
"1196","244385",2024-07-16 05:00:00,-28.9192078368928,38.1610476111841,-3219.27149054775,4575.79719585537,5.5499795317579,5.6597821647216,-3.9384996296607,-1.02755176098857,1.24584696903827,1.56693611087366,4.14722342522365,NA,0.535799941074379,0.414963003488381,0.630834837214103
"1197","244385",2024-07-16 11:00:00,-29.1155217966122,38.2567660605697,-3241.12506057932,4589.30153247351,7.80895047305289,9.70891736506489,-3.00213492838873,2.72769195345622,1.58007271771159,1.76459611457347,4.28229342708166,NA,0.534809414812906,0.416597010161507,0.630604131354691
"1198","244385",2024-07-16 17:00:00,-29.1581883964232,38.4107969494979,-3245.87468474417,4611.07053561979,7.67239199935031,5.88079804507485,-0.791604058789662,3.62816711919999,1.1540487487764,1.2776323606314,3.71322874200386,NA,0.538561898530945,0.417876094028242,0.631477815312737
"1199","244385",2024-07-16 23:00:00,-29.1537259343185,38.50037358254,-3245.37792573499,4623.7518105155,8.01006189535152,6.27926906263726,0.273008395943316,1.20390567383209,1.93084694409024,2.04228448786056,2.1147847709107,NA,0.543698702201994,0.420260729802208,0.632672409878787
"1200","244385",2024-07-17 05:00:00,-29.1400665138547,38.4315632012854,-3243.85736600443,4614.00898028308,16.5850327508126,11.3958054330774,0.253426625432121,-1.62380498812896,2.20948619760334,1.58730616204543,1.64369369501166,NA,0.549905526432663,0.423284066102564,0.63411367214335
"1201","244385",2024-07-17 11:00:00,-29.1227907788364,38.3221412288705,-3241.93423997911,4598.53522984098,22.9798754176405,5.74794811043163,0.320521007891301,-2.57895835640942,2.00511957542802,1.4819899419262,2.59884021241493,NA,0.561544128499984,0.424657702733346,0.636809746486932
"1202","244385",2024-07-17 17:00:00,-29.0983411736937,38.2548387630754,-3239.21252238453,4589.02944496155,26.5808791799475,10.4232761617917,0.493173901445611,-1.25361872762753,1.95125775263966,2.27327646122908,1.64794640756591,NA,0.570961646495585,0.426977326845162,0.638985040436029
"1203","244385",2024-07-17 23:00:00,-29.0673026969992,38.2502623746967,-3235.75733496389,4588.38339942293,23.9378964494441,16.2694956641133,0.575864564447068,-0.107674271260436,1.93821187942108,1.89520712250872,0.5853112427077,NA,0.580434492657197,0.429775526828473,0.641167376960486
"1204","244385",2024-07-18 05:00:00,-29.0398444022931,38.2688729310538,-3232.70069157916,4591.01089446302,18.4743863348185,15.3185809440378,0.506134729036457,0.464856487684599,2.04677499291716,1.72865120445564,0.671315063589931,NA,0.591020685555962,0.432384019281744,0.643599304071577
"1205","244385",2024-07-18 11:00:00,-29.0230752123421,38.2977548129009,-3230.8339538928,4595.08987112865,10.2145287369433,4.12993020303257,0.311122942639858,0.679829434119308,2.17567956605771,2.03016403993406,0.747415761005189,NA,0.601571851671623,0.434989479621716,0.646015838727568
"1206","244385",2024-07-18 17:00:00,-29.0212339072429,38.3188172539812,-3230.62898074677,4598.06554364944,12.9553953504119,10.6048185351238,-0.0457203459925383,0.439428539672003,2.17377922814122,2.40026449747669,0.497124788141313,NA,0.611982652653341,0.437630138601582,0.648392939187711
"1207","244385",2024-07-18 23:00:00,-29.0382271451726,38.3300192461109,-3232.52065934002,4599.6485006451,16.8297423309546,16.981922001371,-0.315279760477274,0.263826169177953,1.74632174498116,1.90791583608041,0.411161685385722,NA,0.622414672776884,0.440263327754797,0.650767528800654
"1208","244385",2024-07-19 05:00:00,-29.0626246788113,38.338807262891,-3235.2365803613,4600.89051072479,15.4315035113266,14.882584867398,-0.452653498479729,0.207001683183333,1.62399761012738,1.7282465857057,0.497664460087468,NA,0.6328834749337,0.442858164651149,0.653142993569242
"1209","244385",2024-07-19 11:00:00,-29.0873018433475,38.3502238342502,-3237.98362975169,4602.50424119551,10.97356989603,6.05623734018297,-0.457841559999902,0.268955081688142,1.94974008890869,2.18394676245357,0.530881759493038,NA,0.643265424261042,0.445443405012974,0.65549124074028
"1210","244385",2024-07-19 17:00:00,-29.1051551655755,38.3690855246022,-3239.97105249108,4605.17090006745,15.8413573863443,14.5103177821525,-0.32114078910212,0.45840531492722,2.14295769512488,2.41626775323555,0.554256161152486,NA,0.653550055108325,0.448027857340981,0.657810012973208
"1211","244385",2024-07-19 23:00:00,-29.1163125003943,38.3938271054678,-3241.21308132172,4608.66991841945,20.2105598093651,19.7485923601241,-0.20700480609081,0.583169723406546,1.88923209565522,1.95767671382979,0.618812261723374,NA,0.663759895628885,0.450606757085916,0.660104490404945
"1212","244385",2024-07-20 05:00:00,-29.122688936562,38.4208351015216,-3241.92290294898,4612.49083746952,20.5497707632722,16.4323455706097,-0.118303605527365,0.63681983975272,1.88097337433136,1.83005155317997,0.647715348119323,NA,0.673865049807079,0.453185833646189,0.662368067547514
"1213","244385",2024-07-20 11:00:00,-29.1256553813078,38.4470926665702,-3242.25312606755,4616.20697146488,20.7601009758939,6.07427697957834,-0.0550371874117841,0.619355663965744,2.40533649861024,2.55750120378394,0.621795488907443,NA,0.683851457461561,0.455770942626667,0.664597759989895
"1214","244385",2024-07-20 17:00:00,-29.1267036825728,38.4696179943748,-3242.36982243057,4619.39598249423,31.0278164103426,22.3325030531777,-0.0181214097629684,0.528216505981054,3.20245986127234,3.65647287099465,0.53185503106691,NA,0.693736254670553,0.458358161532322,0.666797559169897
"1215","244385",2024-07-20 23:00:00,-29.1258774251112,38.4884251641007,-3242.27784387068,4622.05936676659,46.5869283408206,43.8244579252594,0.0153297598467857,0.443897378920903,3.62370402896486,4.22059668204323,0.444158375937363,NA,0.703560907843304,0.460933795154965,0.668976797895475
"1216","244385",2024-07-21 05:00:00,-29.123440188445,38.5039607064805,-3242.00653192606,4624.25996693568,63.6515011007513,65.7793540801568,0.0452186573021486,0.366766695041739,3.8399291307263,4.51248438423679,0.369540070164691,NA,0.713347186781708,0.463483818849311,0.671140343436092
"1217","244385",2024-07-21 11:00:00,-29.1195839751856,38.5165311549237,-3241.57726022964,4626.04091366058,80.602240508242,87.0703298237197,0.0715452826031205,0.296824454343562,3.92408987557557,4.63284895737828,0.305322860786763,NA,0.723107693989851,0.46599837879958,0.673290985033944
"1218","244385",2024-07-21 17:00:00,-29.1145007879444,38.5264424338231,-3241.01140241433,4627.44533760038,96.5673204849536,106.944595335059,0.0943096357497012,0.234070656826371,3.91921270809673,4.63833595160005,0.252356057418084,NA,0.732851312889751,0.468470912200219,0.675430661436619
"1219","244385",2024-07-21 23:00:00,-29.1083826293326,38.533999978111,-3240.33033211307,4628.51636941416,110.975093212955,124.833109517099,0.113511716741891,0.178505302490167,3.85570738716265,4.56789592395134,0.211544406386673,NA,0.742583523544198,0.470897254740197,0.677560543175005
"1220","244385",2024-07-22 05:00:00,-29.1014215019616,38.539508839929,-3239.55542295879,4629.29713976101,123.414982128213,140.294849422406,0.129151525579689,0.130128391334949,3.75777580760843,4.45202375092849,0.183349995989756,NA,0.752307342720031,0.473275007847402,0.67968124961227
"1221","244385",2024-07-22 11:00:00,-29.0938094084428,38.5432737823807,-3238.7080485844,4629.83077930001,133.583093539938,152.989538952816,0.141229062263097,0.0889399233607186,3.64616707031556,4.3166557927193,0.166916627184443,NA,0.762024118832716,0.475603019349901,0.681793030487454
"1222","244385",2024-07-22 17:00:00,-29.0857383513875,38.5455993603474,-3237.80958262284,4630.16041869025,141.256553794045,162.661666387124,0.149744326792113,0.0549398985674746,3.53921089143638,4.18469247770864,0.159524610436475,NA,0.771734188451091,0.477880964672533,0.68389591407561
"1223","244385",2024-07-22 23:00:00,-29.077400333407,38.5467899883486,-3236.88139870703,4630.32918859082,146.279820987388,169.130516663473,0.154697319166738,0.0281283169552173,3.45273052389163,4.0760314923175,0.157256201819281,NA,0.781437400638706,0.480109017324563,0.685989823971681
"1224","244385",2024-07-23 05:00:00,-29.0689873571128,38.5471499954362,-3235.94487046991,4630.38021966081,148.556969081091,172.283995982918,0.156088039386972,0.00850517852394679,3.39912202691879,4.00648488609223,0.156342849969708,NA,0.791133515118065,0.482287598636128,0.688074666424362
"1225","244385",2024-07-23 11:00:00,-29.0606914251162,38.5469836671164,-3235.02137154438,4630.35664255929,148.047476547954,172.075175180078,0.153916487452815,-0.00392951672633704,3.3860028556189,3.98606563027763,0.153989401591399,NA,0.800822480024323,0.484417197641067,0.69015039008428
"1226","244385",2024-07-23 17:00:00,-29.0527045400284,38.5465952742922,-3234.13227556339,4630.30158794535,144.764432126387,168.521042275059,0.148182663364267,-0.00917576879563415,3.41507211185427,4.01745851985323,0.148487694803278,NA,0.810504594839315,0.486498252786058,0.692217019978794
"1227","244385",2024-07-23 23:00:00,-29.0452187044609,38.5462890892277,-3233.29895615986,4630.25818647809,138.774720584753,161.703292809258,0.138886567121327,-0.00723357768394454,3.48181200134232,4.09553060946851,0.139093577004048,NA,0.820180563950872,0.48853108782663,0.694274667478776
"1228","244385",2024-07-24 05:00:00,-29.038425921025,38.5463693885305,-3232.5427869667,4630.26956881658,130.201128886776,151.771286621639,0.126028198723997,0.00189705660873178,3.57620569489288,4.20817596038718,0.126057915621591,NA,0.829851446160075,0.490515894872728,0.696323517979344
"1229","244385",2024-07-24 11:00:00,-29.0325181923321,38.5471404431552,-3231.88514161686,4630.37886561991,119.226644145432,138.947614574406,0.109607558172275,0.0182161340823948,3.68404886137451,4.33797980131213,0.111122102305757,NA,0.839518505359555,0.492452758074747,0.698363797976587
"1230","244385",2024-07-24 17:00:00,-29.0276875209935,38.5489064954248,-3231.34739374326,4630.62920754717,106.101599744647,123.537180202009,0.0896246454661628,0.0417236547370446,3.78816367884965,4.46379426850975,0.0988666632182072,NA,0.849182967530439,0.494341711893443,0.700395723186771
"1231","244385",2024-07-24 23:00:00,-29.0241259096206,38.5519717230713,-3230.95091697882,4631.06372525745,91.1549486454748,105.941508612891,0.066079460605659,0.072419618572681,3.86896324930665,4.56148813010893,0.0980373901563852,NA,0.85884568915542,0.496182828274539,0.702419429323893
"1232","244385",2024-07-25 05:00:00,-29.0220253608246,38.5566401902908,-3230.71708495647,4631.72554940982,74.8120547820985,86.6814839045023,0.038972003590764,0.110304025589304,3.90403385237172,4.60343526208826,0.116986013276886,NA,0.86850674211925,0.497976327361929,0.704434887125158
"1233","244385",2024-07-25 11:00:00,-29.021577877217,38.5632157858078,-3230.66727130913,4632.65781066338,57.623488205441,66.4347619022578,0.00830227442147798,0.155376875786914,3.86634768220146,4.55624096001787,0.155600445921003,NA,0.878164920160312,0.49972270665855,0.706441803189698
"1234","244385",2024-07-25 17:00:00,-29.0229754614091,38.5720021479391,-3230.82284966974,4633.90363967722,40.3127048936215,46.0997087133829,-0.0259297269021992,0.207638169165511,3.72001077166983,4.37527224131178,0.209257151988489,NA,0.887817171936048,0.501422883826421,0.708439508169038
"1235","244385",2024-07-25 23:00:00,-29.0264101160123,38.5833025766437,-3231.20519367121,4635.50616711041,23.8451165486588,26.8962047388887,-0.0637240003802675,0.267087905725094,3.40977429094439,3.99092398363035,0.274596124079719,NA,0.897457965752323,0.503078348673615,0.710426833810912
"1236","244385",2024-07-26 05:00:00,-29.0320738436379,38.5974199325398,-3231.83567694648,4637.50852362204,9.24086321429998,10.1728568743122,-0.105080546012727,0.333726085465664,2.82770607640344,3.26338900675689,0.349896100693185,NA,0.90707859095512,0.504691320393636,0.712401980300634
"1237","244385",2024-07-26 11:00:00,-29.039729137534,38.6141050881901,-3232.68786036487,4639.87559990494,2.30315028899275,2.38720381466499,-0.150643428927025,0.408852391671611,1.61448683995859,1.67611408731089,0.419323426753584,NA,0.916666400856434,0.506264906910296,0.714362375252807
"1238","244385",2024-07-26 17:00:00,-29.0495163088703,38.617113598342,-3233.77736329434,4640.30246786961,6.60663063488084,5.41849181430439,-0.189963042795495,-0.180195334799121,1.61940964881345,1.8084105394024,0.195037742915075,NA,0.926208083957246,0.507803092053196,0.71630535510379
"1239","244385",2024-07-26 23:00:00,-29.0620934274871,38.5763604833915,-3235.17744173441,4634.52167037712,11.5554119249435,11.022469194395,-0.23334640738519,-0.963466234356335,1.52405553931402,1.56621663830469,0.991284918846148,NA,0.935802721494538,0.509305859756745,0.718251047562404
"1240","244385",2024-07-27 05:00:00,-29.078156091308,38.5249827546657,-3236.96552929174,4627.23848944995,10.4182370786715,5.43989037715764,-0.29801459359622,-1.21386347346926,1.37194673512504,1.40885723141954,1.24988458989818,NA,0.945434927024458,0.510764745268071,0.720196178922535
"1241","244385",2024-07-27 11:00:00,-29.0978889936446,38.4858327052015,-3239.16218593172,4621.69219310853,10.9884825441817,7.38375241691977,-0.389137858643606,-0.80194768277787,1.70788148587951,1.94965332812962,0.994256430383584,NA,0.954662132935119,0.512265107318213,0.722051803383106
"1242","244385",2024-07-27 17:00:00,-29.1268224741379,38.45675427523,-3242.3830462471,4617.57468549742,8.72805355768879,7.99283960295806,-0.536810056146247,-0.686251286494309,1.3844885662352,1.2139985495586,0.871404090751308,NA,0.963804664975318,0.513837169158721,0.723882915410993
"1243","244385",2024-07-27 23:00:00,-29.1659620574808,38.4071383568756,-3246.7400447347,4610.55292945939,9.08902501265387,9.00332641229257,-0.797109443597531,-1.39783875591489,1.8196214885267,2.05892366797274,1.37743516975018,NA,0.972845914404164,0.515435778428761,0.725686385326382
"1244","244385",2024-07-28 05:00:00,-29.2200663729373,38.3123570267574,-3252.76290958104,4597.15275904625,10.9514680692262,12.3339305136985,-1.00381080021422,-2.23336172946532,1.41373515686173,1.63368988541446,2.44867083441029,NA,0.981381279886432,0.517046806812927,0.727382206468442
"1245","244385",2024-07-28 11:00:00,-29.2747637628061,38.1913919989825,-3258.85179516896,4580.07636391589,4.81089644808075,5.30605143331344,-1.01481425714411,-2.84606584900171,1.31862316112113,1.49171718368436,3.02147614961733,NA,0.988404100444303,0.518755655686661,0.728772587085639
"1246","244385",2024-07-28 17:00:00,-29.3126157758055,38.0907601684393,-3263.06546198154,4565.89214583023,5.05976586928509,6.01600959980672,-0.461857809260124,-1.72668957952666,1.62963579103404,2.01958530961926,2.46598772484989,NA,0.993145583225822,0.520865523166633,0.729708786018095
"1247","244385",2024-07-28 23:00:00,-29.3065138826829,38.1058508110973,-3262.38620234626,4568.01793967289,4.30308198426309,8.36317914628917,0.113209913758774,0.354298944048374,0.800602900291857,1.22199990301179,0.3718401170067,NA,0.997305751469607,0.523595936622582,0.730528527566163
"1248","244385",2024-07-29 05:00:00,-29.3089447199197,38.1460866537587,-3262.65680190966,4573.68806136178,6.2905971650813,10.4373291111933,-0.135259526525664,1.07182738041108,1.58619422060863,1.84511379560931,0.946066624275339,NA,1.00551808358437,0.526689372615368,0.732142115451867
"1249","244385",2024-07-29 11:00:00,-29.3274900881285,38.2062815729661,-3264.72126285524,4582.17675027723,6.87719055007697,6.89676626810401,-0.344076813696894,1.41478147769709,1.06877436601511,1.37990164236756,1.45609095765392,NA,1.01356286662506,0.529732382977452,0.73371682883966
"1250","244385",2024-07-29 17:00:00,-29.3412113593917,38.2658756529898,-3266.24870778529,4590.58768376558,10.601525352155,9.99203792926156,-0.205005685250072,1.37564033108165,2.05480752400508,2.44352955367043,1.42483811454238,NA,1.02109205434442,0.532779096662606,0.735185263822969
"1251","244385",2024-07-29 23:00:00,-29.3383860648256,38.3187666844761,-3265.93419743286,4598.05839821612,18.9056147802245,20.1507237998497,0.0524183962083698,1.24511907383499,2.16733286760358,2.44527348182229,1.2463012281496,NA,1.02824552573524,0.535919133216908,0.736575613046221
"1252","244385",2024-07-30 05:00:00,-29.315828197105,38.3640764739688,-3263.42306708481,4604.46265400458,24.0687648583615,24.9502241514831,0.418521728810856,1.06737596348785,1.95780444567225,2.10774625178398,1.14652864093812,NA,1.03523505137486,0.539142902421581,0.737929560207341
"1253","244385",2024-07-30 11:00:00,-29.2676800622875,38.3998163901938,-3258.06324123429,4609.51712001234,24.4686261090461,22.6923903506958,0.893304312557387,0.842411000040233,1.83395102377202,1.99330442523289,1.22784796715371,NA,1.04207322620029,0.542412204776755,0.739249838341992
"1254","244385",2024-07-30 17:00:00,-29.1880839664311,38.4239984716821,-3249.20264437442,4612.93846512082,20.3341024405443,12.7161991794447,1.47676614744796,0.570224183492142,1.93127369747442,2.22748238657234,1.58302341114886,NA,1.04865915599295,0.545709034808961,0.740517337216293
"1255","244385",2024-07-30 23:00:00,-29.0815600300769,38.4384616194525,-3237.34445402218,4614.98530162528,17.4425481480343,3.93143110822367,2.17873761376963,0.257973137545851,2.15736087084605,2.52679564062674,2.00562748368178,NA,1.054650046202,0.549049907225194,0.741666835455162
"1256","244385",2024-07-31 05:00:00,-28.9363940584093,38.4429779830525,-3221.18465197563,4615.62454580453,15.0345435927669,12.1566107333063,2.69330031648244,0.10654069972333,1.86057586120222,1.88127228369259,2.695479412204,NA,1.0595561251829,0.552519185515981,0.742605711111142
"1257","244385",2024-07-31 11:00:00,-28.7982995278211,38.4462648477342,-3205.81203914921,4616.08979258598,11.1185521097825,12.9121663677942,2.56210211312775,0.0775411334233794,1.89275595026252,1.71541965992375,2.56333478000397,NA,1.06242102840463,0.556240898729227,0.743152935068351
"1258","244385",2024-07-31 17:00:00,-28.6994492175911,38.4535203106433,-3194.80807294966,4617.11685931772,16.6741986393228,19.7171341977714,1.67168715301492,0.192485071235517,2.39930834136251,2.60040636006816,1.84199061725522,NA,1.06399324859274,0.560525723527853,0.743452920447994
"1259","244385",2024-07-31 23:00:00,-28.6536058912112,38.4650048503435,-3189.70481720078,4618.74279737735,24.8876411840074,27.5394470657097,0.850542629871284,0.270989675136595,2.34319466073105,2.54548095051532,0.892661095364395,NA,1.06571439924776,0.565331638993307,0.743781059097722
"1260","244385",2024-08-01 05:00:00,-28.6448590473276,38.477468165227,-3188.7311229936,4620.50760214952,30.2556593656994,31.086529498981,0.162282372920145,0.294134127224144,2.15040641481878,2.27728760355515,0.3359500296319,NA,1.06822317827606,0.570372330201997,0.744258866637924
"1261","244385",2024-08-01 11:00:00,-28.6660463678999,38.4885645793388,-3191.08968473098,4622.07911272332,31.7036952128347,28.5453011340865,-0.393093617838503,0.261918427498165,2.07219934321432,2.21087401192165,0.472425061183948,NA,1.07105596855311,0.575407639312123,0.744797679974092
"1262","244385",2024-08-01 17:00:00,-28.7100055348876,38.495949807429,-3195.98319681576,4623.12516818789,29.9599686782669,19.9325004793317,-0.815585342404659,0.174342575958658,2.19422326829125,2.48854471038146,0.834060128123756,NA,1.07395091042832,0.580375943637094,0.745347543375149
"1263","244385",2024-08-01 23:00:00,-28.7695742302506,38.497280122561,-3202.61435365078,4623.31360763234,27.5743072875777,9.35753099127631,-1.10519280077832,0.0314065726056223,2.38313442867704,2.88266706222163,1.1056583863826,NA,1.07667482664018,0.585291020809189,0.74586420954512
"1264","244385",2024-08-02 05:00:00,-28.8368213146101,38.4905227785134,-3210.10026483901,4622.35646464063,28.9005049213572,19.6658526067163,-1.25520681400862,-0.169684655114727,2.37099114700133,3.02376545303266,1.25778706529699,NA,1.07906635365018,0.590201876438232,0.746317258775528
"1265","244385",2024-08-02 11:00:00,-28.9090791044378,38.4768508163083,-3218.14396520848,4620.4201783326,29.6960991629796,30.655298875713,-1.34061672564654,-0.322714383281266,2.14257964220253,2.76722667032542,1.37886286264011,NA,1.08106505272415,0.595163116129009,0.746695481759704
"1266","244385",2024-08-02 17:00:00,-28.982283651328,38.458849594156,-3226.29305809205,4617.87132683577,27.2578464739571,36.7505246916549,-1.35818214466511,-0.424808581416031,2.01509349682883,2.48039371494341,1.42301177321732,NA,1.08260775473541,0.600214144576755,0.746987159420385
"1267","244385",2024-08-02 23:00:00,-29.0527782106011,38.4386751471069,-3234.14047653403,4615.01552333032,20.7089214806731,37.5045329054916,-1.30790307106433,-0.475967249519023,2.10582813610268,2.38561888036528,1.39177203448342,NA,1.083702938453,0.605389793637229,0.747194090238488
"1268","244385",2024-08-03 05:00:00,-29.1169060375771,38.4184855519639,-3241.27915357868,4612.15838099644,10.7460518930489,33.7100401732363,-1.18977950484419,-0.476190387590242,2.26047943783498,2.48277409982675,1.28151689448701,NA,1.0844130882013,0.610705557049452,0.7473282104835
"1269","244385",2024-08-03 11:00:00,-29.1730211874936,38.4001920666848,-3247.52586349317,4609.57026289377,10.0778850520832,30.3873747775172,-0.986921169275147,-0.412797302409237,2.17875748215711,2.61586587831659,1.1269546371476,NA,1.08484731920526,0.616155172887924,0.747410196977485
"1270","244385",2024-08-03 17:00:00,-29.2167843220628,38.3852226441719,-3252.39755334894,4607.45291639228,13.6572049399119,22.7271191063935,-0.811948312361983,-0.352891084340259,1.64175813891949,2.52817550565112,0.885387904209409,NA,1.08510303637324,0.621711762638919,0.747458470305539
"1271","244385",2024-08-03 23:00:00,-29.2554426859668,38.371626018464,-3256.70098273363,4605.53012769993,13.9628442045907,11.9968362780871,-0.717238233849352,-0.320464782816683,1.89925577853622,3.08842186393542,0.785665191946923,NA,1.08531965363189,0.62733788538062,0.747499357720042
"1272","244385",2024-08-04 05:00:00,-29.2939608849814,38.3580646027669,-3260.9888090342,4603.61268110335,25.1596433816624,26.4379220911327,-0.714637719829175,-0.319574433520612,3.27133633354785,4.42848060142999,0.782928356246855,NA,1.08544623999959,0.632991076695322,0.747523249397468
"1273","244386",2024-02-29 07:00:00,-29.3328,38.6342000000002,-3265.31235954094,4642.72714567352,9.99999999941859e-06,9.99999999749469e-06,-4.78148008435998e-11,-1.5948399197229e-10,9.99999999983176e-06,9.99999999957187e-06,0,NA,3.60264603296987,1.04521133306748,0.973471425396877
"1274","244386",2024-02-29 13:00:00,-29.3840850073459,38.502381076551,-3271.02138044401,4624.03619145929,4.81324486919763,3.36598043734957,-1.1193521115821,-3.95570178042741,1.37189670812673,0.892422743751496,3.25699368090522,NA,3.60264603296987,1.0263822139717,0.973471425396877
"1275","244386",2024-02-29 19:00:00,-29.4496905084388,38.3026566737085,-3278.32455141891,4595.78232145324,2.3841468960546,0.865289617343791,-1.22072247689954,-4.73559683847436,0.737844481294516,0.531152401010978,4.86394185421376,NA,3.60264603296987,1.00720115545117,0.973471425396877
"1276","244386",2024-03-01 01:00:00,-29.6459926132546,38.1635101089004,-3300.17680176865,4576.14439051509,2.70461393396162,1.30405492858252,-5.05277802117928,-2.42573049825669,1.20861934828136,0.743691155462413,4.89668419502448,NA,3.59761904663683,0.992098880667084,0.973341294979466
"1277","244386",2024-03-01 07:00:00,-29.7715079396767,38.0128611811838,-3314.14910399271,4554.92567448698,4.97614469154266,1.96967915949272,-2.32871715005124,-3.5364525056859,0.826442000740107,0.354360239854421,4.23433295855922,NA,3.59683057595034,0.973677128346494,0.973320828090028
"1278","244386",2024-03-01 13:00:00,-29.9552408798447,37.8946495919963,-3334.60216133416,4538.30649174964,7.05420038795546,3.39599968272955,-3.87002082293909,-2.72016221920895,1.48719746121579,0.913917100484038,4.39244165765848,NA,3.59718755722425,0.954333932986373,0.973330096397176
"1279","244386",2024-03-01 19:00:00,-30.1995121173876,37.7959891510721,-3361.79431111288,4524.45656700004,3.86718800717761,2.11316357919301,-4.68165869226203,-2.16003745222364,1.27746340609451,0.71067399446073,5.08582446697577,NA,3.5984278718877,0.934237191428931,0.973362274358905
"1280","244386",2024-03-02 01:00:00,-30.4617453738827,37.7693102392639,-3390.98598369498,4520.71459426171,5.63184252017884,2.80357139692936,-4.90477310082334,0.00857203976158625,1.82113565332831,0.950161945749935,4.90548604547723,NA,3.59857925841378,0.914839929247013,0.973366199251285
"1281","244386",2024-03-02 07:00:00,-30.7379711788914,37.7747773484186,-3421.73529965251,4521.4812977072,8.08198163163063,0.62026155517535,-5.12488604954158,0.127783606136837,1.1203027407707,0.456519616205254,5.12697223187764,NA,3.60125344589486,0.893468889159809,0.973435438378954
"1282","244386",2024-03-02 13:00:00,-31.0367716269322,37.6995914719504,-3454.99761337721,4510.9422913616,4.77168067257056,2.29472745752754,-5.81993037120739,-2.39560490735927,1.62590978569533,0.743783652789642,5.81481681151583,NA,3.60340634833571,0.872249949773884,0.973491053329474
"1283","244386",2024-03-02 19:00:00,-31.3736508167608,37.5735888755139,-3492.49883324778,4493.30430410793,6.31511659872644,5.07136208630757,-6.353824430938,-3.03769746100189,1.47961359263045,1.05017521119946,6.90702252717889,NA,3.60435205186101,0.851614995195945,0.973515447439923
"1284","244386",2024-03-03 01:00:00,-31.8123357267683,37.4114259302096,-3541.33301404851,4470.64877456284,10.285155681421,8.3435136257709,-9.08945185534613,-4.04609689784175,1.78177354367295,1.18834245990584,8.9725060528845,NA,3.6008527636567,0.833743658381505,0.973425075217037
"1285","244386",2024-03-03 07:00:00,-32.5340613727516,37.2033246971402,-3621.67514545182,4441.64760744144,13.2240648990529,8.2835722138477,-13.3903551065752,-4.83352777587406,1.7665507864947,1.05662943840395,14.2354547211791,NA,3.58826246884977,0.82173980417135,0.973097432071977
"1286","244386",2024-03-03 13:00:00,-33.2864071226076,36.9784594333646,-3705.42589122627,4410.40068958091,16.8574163758212,7.9163392192123,-13.6987437462918,-5.21816297267027,2.35844145598393,1.49001333744619,14.8975264141132,NA,3.54857012404659,0.827839737824056,0.97203858902172
"1287","244386",2024-03-03 19:00:00,-33.8906159276991,36.7482482116896,-3772.68610774187,4378.50723098537,29.7239431834664,16.3995461577692,-11.2100360924671,-5.31557643343494,3.2528214587525,2.08838113784993,12.4057997682445,NA,3.49959704903718,0.842896795217982,0.970676301900487
"1288","244386",2024-03-04 01:00:00,-34.371569835006,36.5140825297865,-3826.22565179831,4346.16477666537,45.9584751909443,27.3449209071706,-8.92325734927496,-5.39040905417803,3.64851094552975,2.35156893041866,10.4244802942007,NA,3.46727391467689,0.849503578050564,0.969742131168189
"1289","244386",2024-03-04 07:00:00,-34.740152594132,36.2769196628299,-3867.2560968594,4313.50881166104,62.3568524763864,38.2925262240489,-6.83840751671544,-5.44266083489954,3.79241920317406,2.44779068476777,8.73951532941248,NA,3.4460038652745,0.85026590320576,0.969111743643271
"1290","244386",2024-03-04 13:00:00,-35.0072479546807,36.0377288960453,-3896.98901638892,4280.67482101251,77.5054234291874,48.3641521583901,-4.95548659478854,-5.47233177559945,3.78670425275629,2.44500341005949,7.38234628565965,NA,3.43274898939515,0.846623539108341,0.968712493208212
"1291","244386",2024-03-04 19:00:00,-35.1837396662556,35.7974916845987,-3916.63598385068,4247.79828975991,90.5576485502492,57.0381345607285,-3.27449458349426,-5.47942187627778,3.69398727722762,2.38445829282121,6.38313114863293,NA,3.42489781117413,0.840002499762315,0.968473657321943
"1292","244386",2024-03-05 01:00:00,-35.2805114784605,35.5572016809757,-3927.40857270847,4215.01470294337,100.943799922979,63.9589961749169,-1.79543148283259,-5.46393113693452,3.56139584270372,2.29707111989884,5.75131743938392,NA,3.42030030819221,0.831661822045694,0.968332981632177
"1293","244386",2024-03-05 07:00:00,-35.3084471408989,35.3178646318579,-3930.51835642608,4182.45954560302,108.275032576015,68.8819042967873,-0.518297292803541,-5.42585955756968,3.42826301431449,2.20865620927898,5.45060951538904,NA,3.4172706804611,0.822617733329027,0.968239948534878
"1294","244386",2024-03-05 13:00:00,-35.2784304031744,35.0804981467903,-3927.17690846732,4150.26830277899,112.302139454481,71.6492604650128,0.556907986592894,-5.36520713818325,3.32742409366569,2.14087324399049,5.3941426522834,NA,3.41456707892437,0.813620809282047,0.968156703804501
"1295","244386",2024-03-05 19:00:00,-35.2013450148907,34.8461313411825,-3918.59580229597,4118.5764595114,112.895572613278,72.1793268621589,1.43018435535671,-5.28197387877523,3.28263708557538,2.10956411023225,5.47231003664775,NA,3.41135621948846,0.805165650201226,0.968057566316652
"1296","244386",2024-03-06 01:00:00,-35.0880747256513,34.6158043563891,-3905.98661137584,4087.51950084039,110.036321521394,70.461106246031,2.10153181348791,-5.17615977934562,3.30435035267959,2.12191109308414,5.58665184743687,NA,3.40716883572039,0.797517289477905,0.967927829469411
"1297","244386",2024-03-06 07:00:00,-34.9495032850599,34.3905677597596,-3890.56090917071,4057.2329118061,103.813995174815,66.5535277217917,2.5709503609865,-5.04776483989443,3.38713890962497,2.17463402975884,5.66491873944866,NA,3.40184972236714,0.790743775333102,0.967762293705382
"1298","244386",2024-03-06 13:00:00,-34.7965144427201,34.1714818276198,-3873.53026914439,4027.85217744863,94.4311761358326,60.5885248370639,2.83843999785247,-4.89678906042165,3.51105830526515,2.2548119785869,5.66010368044219,NA,3.39550407930083,0.784749442195964,0.967563730844148
"1299","244386",2024-03-06 19:00:00,-34.6399919482354,33.9596157141416,-3856.10626476067,3999.51278280814,82.2148719278459,52.7786388403025,2.90400072408582,-4.72323244092728,3.64569425859624,2.34257448662071,5.54468241048351,NA,3.38844022878768,0.779307643123232,0.967341304140289
"1300","244386",2024-03-07 01:00:00,-34.4908195512096,33.7560465089579,-3839.50046948334,3972.35021292474,67.6379292066399,43.4310633340975,2.76763253968655,-4.52709498141133,3.75356866583851,2.41341346964993,5.3061854935995,NA,3.38110767590345,0.77409469500256,0.967108857849804
"1301","244386",2024-03-07 07:00:00,-34.3598810012462,33.5618581861828,-3824.9244567762,3946.49995283856,51.3567722851021,32.9723252823115,2.42933544465467,-4.30837668187378,3.79025183743604,2.43831537625391,4.94619915757642,NA,3.37402896663323,0.768728245210184,0.96688294290672
"1302","244386",2024-03-07 13:00:00,-34.2580600479489,33.3781404471937,-3813.58980010306,3922.09748758974,34.2783730802912,21.992068403424,1.88910943899017,-4.06707754231466,3.69907958534462,2.38032851271861,4.48451244799581,NA,3.36772387918904,0.762813115290984,0.966680456608356
"1303","244386",2024-03-07 19:00:00,-34.1962404409212,33.2059874591144,-3806.70807292769,3899.2783022184,17.6657562676834,11.3118077645303,1.14695452269306,-3.80319756273394,3.39422076565701,2.18347131112195,3.97249315287466,NA,3.3626251138258,0.75599600654813,0.966515837328991
"1304","244386",2024-03-08 01:00:00,-34.1853059297667,33.0464964904122,-3805.4908487139,3878.17788176468,1.73625815417465,0.993063061574791,0.20287069576333,-3.51673674313164,2.69751057362694,1.73111169887234,3.52268816682295,NA,3.35898567374314,0.74802764281872,0.966397854037502
"1305","244386",2024-03-08 07:00:00,-34.2315613969301,32.8996095323741,-3810.63998376494,3858.77904915181,2.74969036906188,1.38465753786974,-0.960940619319517,-3.20570474527266,0.517092400832265,0.256460869044513,3.34517616847469,NA,3.35677923445037,0.738827809462955,0.966326130462136
"1306","244386",2024-03-08 13:00:00,-34.3098137425633,32.6974913151085,-3819.3509950342,3832.13902045803,1.29239179895546,1.02800858773904,-1.7182161990434,-4.85825716848716,1.08334518449017,0.771492358685521,4.67125260009577,NA,3.35546375103263,0.728620119690513,0.966283298441707
"1307","244386",2024-03-08 19:00:00,-34.375099911549,32.4712324289737,-3826.61861812153,3802.38928326849,12.1882218672682,7.67855157913541,-1.18432991965088,-4.96358822758096,2.10624456603051,1.28646508335549,5.10407446916913,NA,3.34801687893664,0.721142825125083,0.966039835938372
"1308","244386",2024-03-09 01:00:00,-34.4156905721717,32.2407449823784,-3831.13714979302,3772.16105214324,18.4540227283488,10.5050608883247,-0.753088615630338,-5.03803851965017,1.91111505402374,1.10645561876695,5.09402739821827,NA,3.33661476295548,0.715407401886774,0.965663773927419
"1309","244386",2024-03-09 07:00:00,-34.4396999218966,32.0078650181365,-3833.80985837867,3741.6975840444,18.304525918698,8.87330700909905,-0.445451434657771,-5.07724468191617,1.717110339876,1.06541003445786,5.09676936820171,NA,3.32373040960942,0.710203934714043,0.965233991554237
"1310","244386",2024-03-09 13:00:00,-34.4537900890985,31.7742037350408,-3835.37836861678,3711.21034375078,11.3081683492023,2.88812050747659,-0.261418376733172,-5.08120671437896,1.83736195843301,1.17589438865805,5.08795964316923,NA,3.3093670698108,0.705530317062793,0.964748762062468
"1311","244386",2024-03-09 19:00:00,-34.466235568779,31.5413362465561,-3836.76379307749,3680.9039399462,2.70723748376774,0.968965343227659,-0.225633013889232,-5.04289781865902,1.79773371148669,0.397239566235817,5.05638305542088,NA,3.29362199499083,0.701339464093695,0.964209358351987
"1312","244386",2024-03-10 01:00:00,-34.4998209146896,31.3826981292704,-3840.50249668238,3660.30179048517,3.55721909565589,0.926714222564987,-1.00346122698704,-2.81771561920317,1.35289660086721,0.545682026949608,3.48981256310113,NA,3.27665351659961,0.697553497798744,0.96361914684372
"1313","244386",2024-03-10 07:00:00,-34.567278418521,31.1718015482017,-3848.01183165908,3632.96720436687,11.8360985466136,4.33629824345261,-1.2748257093651,-4.7535972931211,1.94933053828362,0.794527560909374,4.72451332195915,NA,3.27041488232303,0.688063957320279,0.963399803547158
"1314","244386",2024-03-10 13:00:00,-34.64564634958,30.9500389593302,-3856.73570983908,3604.29047037908,21.6637571567196,9.53541917618138,-1.50219960130567,-4.73915278273899,2.55903757318256,1.53502822717406,4.99564143037338,NA,3.25736596239323,0.681215285746207,0.962936897952922
"1315","244386",2024-03-10 19:00:00,-34.7346526233145,30.7370762617557,-3866.64384290861,3576.81487843159,30.471336347408,16.0779726318395,-1.65135550837508,-4.57926532654851,2.56992562893157,1.6485893288371,4.86784426307799,NA,3.2412722966728,0.675407336074779,0.962358225396535
"1316","244386",2024-03-11 01:00:00,-34.8256826874823,30.5291181413031,-3876.77726329865,3550.04407920602,35.9724245543204,20.6812685531674,-1.68890339512455,-4.46179987289428,2.38156922788818,1.53883653715625,4.77069714246791,NA,3.22499184776247,0.669317664012599,0.961764008444783
"1317","244386",2024-03-11 07:00:00,-34.9127209906542,30.3242184536201,-3886.46632288726,3523.72354068717,36.8904924554826,22.2798504196005,-1.61484326155408,-4.38675642177629,2.25336976825904,1.42551941332596,4.67451441356158,NA,3.20809759696173,0.663073003497765,0.961137869541858
"1318","244386",2024-03-11 13:00:00,-34.9897519814013,30.1204134909006,-3895.04137355253,3497.5987308598,33.0561032254015,20.6604102213247,-1.42917510766367,-4.35413497319455,2.30943405465505,1.43041633503478,4.58267961184886,NA,3.19042924140962,0.656689126930048,0.960472519845648
"1319","244386",2024-03-11 19:00:00,-35.0507601082945,29.9157226646297,-3901.83276717253,3471.41511770871,25.1767657288554,16.2133289324443,-1.13189893345331,-4.36393552714905,2.4769900369657,1.53514011055348,4.50835000071441,NA,3.1718115348263,0.650194130250239,0.959759606352805
"1320","244386",2024-03-12 01:00:00,-35.0897298199049,29.708148780442,-3906.17085562536,3444.91816921867,14.9805332095111,9.9961327318004,-0.723014738923025,-4.4161580836398,2.5227866622506,1.5878224886133,4.47499453250227,NA,3.1520147208547,0.64364880369839,0.958988034055525
"1321","244386",2024-03-12 07:00:00,-35.1006455648033,29.4956779163021,-3907.38599078908,3417.85335337447,4.08556850916149,2.95000798763035,-0.202522524072795,-4.5108026426668,2.02134067623102,1.30680848754091,4.51545496057024,NA,3.13070822009183,0.637172591221471,0.958141806095661
"1322","244386",2024-03-12 13:00:00,-35.1235130293119,29.2933884269715,-3909.93158529391,3392.1387013632,1.67408235209352,0.476225854097674,-1.43299226436106,-3.97461555012805,0.984927524330984,0.439325276008081,4.30682843410241,NA,3.10740592266065,0.630977696869659,0.957197200525977
"1323","244386",2024-03-12 19:00:00,-35.1320344213677,29.0458983139569,-3910.88018231841,3360.74809402154,2.69318594348555,1.23273992432157,0.20003652671633,-5.44399597421024,0.593101127666932,0.263225960305978,5.23415808579886,NA,3.08425646734886,0.624125656707394,0.956238648296391
"1324","244386",2024-03-13 01:00:00,-35.1032447639049,28.837349465621,-3907.67533230954,3334.35566168523,1.67751568448635,0.871354075693102,0.209150407142624,-4.06726317448439,1.09779465845258,0.657912563107683,4.43104187499996,NA,3.05199334634565,0.620680187799652,0.954868506993485
"1325","244386",2024-03-13 07:00:00,-35.1587642367213,28.6221866407257,-3913.85573175257,3307.18215663895,2.84016172150871,0.89428393948428,-1.15958956254079,-4.57405672743532,0.585430740282036,0.232705555677877,4.64456322264063,NA,3.02577689244274,0.614388932309921,0.953725149214098
"1326","244386",2024-03-13 13:00:00,-35.3261605356531,28.3827612662745,-3932.49020251034,3277.01050977646,1.73855622856893,0.97665522243902,-3.41243318242178,-4.92934209772694,1.1028498891883,0.728359115009163,5.91030764071028,NA,2.99726080159025,0.608541427984881,0.952450225466099
"1327","244386",2024-03-13 19:00:00,-35.3866140914874,28.1337612086299,-3939.21986156246,3245.70520928759,2.76081769766787,1.29250715506642,-1.03715281906095,-5.22807411523107,0.5446192914846,0.279823202190372,5.33678821527685,NA,2.96004712186832,0.606232860470358,0.950736201004006
"1328","244386",2024-03-14 01:00:00,-35.4798016811876,27.8993571800822,-3949.59345659613,3216.30208731227,2.93912128561176,1.10523348863393,-1.63274372907622,-5.19886903674794,1.25452267806403,0.628047899666906,5.19656543646378,NA,2.92322775269172,0.603973276352036,0.948982795611525
"1329","244386",2024-03-14 07:00:00,-35.6441266278639,27.7010214536861,-3967.88602598478,3191.4735338062,0.853876903559166,1.22874521818437,-3.13395483310717,-4.07339883288057,0.537005533960983,0.275803854996461,5.13984461524182,NA,2.88616097879003,0.602121336566255,0.947158069364418
"1330","244386",2024-03-14 13:00:00,-35.7191922726092,27.5010994713196,-3976.24229533389,3166.49251008761,4.01870126473663,1.79292823009933,-1.19837833495009,-3.81434449692872,1.14399671551699,0.674005142133885,4.39029810861475,NA,2.85229063228063,0.598953022935051,0.945436967767836
"1331","244386",2024-03-14 19:00:00,-35.8039726318942,27.2849306159217,-3985.68000175877,3139.53291331632,3.82860708342318,1.96045262831612,-1.64246915758632,-4.64105378732394,0.831426782386718,0.4101504276519,4.76067027633792,NA,2.82045263357049,0.594648586625529,0.943771091256802
"1332","244386",2024-03-15 01:00:00,-35.8346747549985,27.0400025731832,-3989.09774646901,3109.050577782,3.01597447814912,0.632131056810267,0.227267864080683,-4.76470363311238,1.51272543865811,0.69686396449132,5.11225409405214,NA,2.78237720227446,0.593169087178779,0.941716058866549
"1333","244386",2024-03-15 07:00:00,-35.7627806185198,26.7677212035897,-3981.09452780517,3075.24277617968,5.24408078887641,3.5441404723823,1.36406102890991,-5.65852236613697,0.884263400413882,0.60128357684154,5.7907093045316,NA,2.73597583007821,0.596182764797824,0.939116413803417
"1334","244386",2024-03-15 13:00:00,-35.8609567661942,26.5589445918473,-3992.02344657233,3049.37551449529,2.40652762925714,1.8841196402669,-3.5899254315005,-3.22917155125033,1.23583186047758,0.870069627268732,4.67992399162054,NA,2.67886502507869,0.606163771436297,0.93576793817796
"1335","244386",2024-03-15 19:00:00,-35.8899068708966,26.3689891224175,-3995.24615748622,3025.88152840707,1.69298959321416,0.460464060216174,0.817692245347853,-4.45755921304907,0.453016413415041,0.343472923093035,3.952279097777,NA,2.64171166242248,0.607278766975891,0.933498301973534
"1336","244386",2024-03-16 01:00:00,-35.8283170418454,26.1227236925238,-3988.3900090782,2995.48103166625,4.65513286324625,3.0592772493772,0.382902733690785,-4.83646121406356,1.39827301229216,0.939048667606932,5.19413313949185,NA,2.60841884030148,0.606843390957015,0.93140144044422
"1337","244386",2024-03-16 07:00:00,-35.8924975693152,25.9305777643154,-3995.53455271497,2971.80635167744,2.60893767165666,2.92656063654617,-1.55390305089746,-3.7317865865749,1.01982391127056,0.666241781718714,4.12151621041292,NA,2.55930885519887,0.615988202070253,0.928196408060842
"1338","244386",2024-03-16 13:00:00,-35.9677525756843,25.7587153715561,-4003.91190170363,2950.66389224962,1.75769528147896,1.31366477303153,-1.14661665483216,-3.58903433523547,0.890910229357766,0.745722082541599,3.79026821661478,NA,2.52557826701456,0.617992836951757,0.925915611321973
"1339","244386",2024-03-16 19:00:00,-35.9332602296269,25.535039394063,-4000.07223130426,2923.19359421257,2.02790253508559,1.52871857062882,1.00303946759401,-4.75924237607709,0.507763112653576,0.363495392205764,4.62290940697939,NA,2.49298113024458,0.620033289424512,0.923648303953696
"1340","244386",2024-03-17 01:00:00,-35.906399425221,25.2578236243421,-3997.08210023549,2889.21965300874,4.69909449671988,1.83704761373705,0.120332123024363,-6.02840605463164,1.29255105300026,0.570522779524774,5.68424523162622,NA,2.44827816445761,0.630183182665382,0.920435445098332
"1341","244386",2024-03-17 07:00:00,-36.0163133326783,25.1557856124935,-4009.31766044474,2876.73425117767,2.61461195234887,1.77166297111468,-2.18405253437459,-1.8144720190682,0.782788037332794,0.388942617721056,2.91387195124312,NA,2.38016385486711,0.658404236742621,0.915302137840429
"1342","244386",2024-03-17 13:00:00,-36.1344399328141,25.0835760273872,-4022.467453421,2867.9050441567,1.91634951459048,1.1474344705063,-1.4076641394393,-1.54761626767554,0.771713801948484,0.522088432569318,2.63989625930527,NA,2.3794838705032,0.645275827549219,0.915249407752386
"1343","244386",2024-03-17 19:00:00,-36.0915223449406,24.9105638672031,-4017.68988939284,2846.77188769713,2.63548766853776,1.29505255640485,1.07817953013788,-4.27741890170832,0.687124020907306,0.34514794343288,3.61111384158684,NA,2.38116783593829,0.630567435501679,0.915379938158027
"1344","244386",2024-03-18 01:00:00,-36.0446169384097,24.7283459966194,-4012.46840342237,2824.54663689802,3.46280767962395,2.09330002224514,-0.757177726302605,-2.49698207956424,1.52911720973696,0.986955006129817,3.80511427339399,NA,2.38013845036681,0.61707711002367,0.915300168357757
"1345","244386",2024-03-18 07:00:00,-36.2129396566648,24.6108022955764,-4031.20600270747,2810.2272140488,6.97625990417832,4.91683424584516,-3.47941459236047,-2.43384056505715,1.2080992732717,0.841608664213433,3.93029698662765,NA,2.37250375802332,0.608491937685673,0.914706403193332
"1346","244386",2024-03-18 13:00:00,-36.3882236005155,24.4882098745645,-4050.71852208117,2795.30723184004,7.83670928665155,5.6208620865713,-2.97622467045781,-2.51851287734064,1.63985079890809,1.06722982860201,4.09363369468241,NA,2.38411951449914,0.589675447251176,0.91560829357902
"1347","244386",2024-03-18 19:00:00,-36.4772973309768,24.3468549193789,-4060.63416439918,2778.12200906085,1.34106309839954,1.10545731243021,-1.65260702271914,-2.86420385153378,1.17645884206752,0.831460594382228,3.3069301891642,NA,2.39114744327262,0.573973741155092,0.916149756084628
"1348","244386",2024-03-19 01:00:00,-36.5609032434768,24.1514586527166,-4069.94113200598,2754.39860755238,2.13257858087269,1.38777614380558,-3.17254270940138,-4.86714308194331,1.29950626725933,0.879131536477698,4.24710715506281,NA,2.39916277395558,0.558136700693047,0.916763438551077
"1349","244386",2024-03-19 07:00:00,-36.6804856103895,23.9863877781341,-4083.25298019856,2734.38564293556,2.95301838539418,2.37867094241366,-2.19922589088008,-3.30457250585501,0.573821764815187,0.432449296956502,4.00611510582686,NA,2.39281720606219,0.548980686866768,0.916277937128602
"1350","244386",2024-03-19 13:00:00,-36.7590536167174,23.8348805558162,-4091.99913065562,2716.03993946044,4.35527841759804,3.5254858045789,-1.76255465285247,-2.68755251832365,1.30088257254763,0.881458929471631,3.38751431032872,NA,2.3888240656784,0.539360960564602,0.915971103002668
"1351","244386",2024-03-19 19:00:00,-36.9508503689345,23.6844725731752,-4113.34984744823,2697.84876500261,2.40190259715316,1.75060707605456,-4.2033658296059,-3.3446628430084,0.96452644737378,0.724833823622428,4.67489581157735,NA,2.38667234452252,0.52890779175875,0.915805340937502
"1352","244386",2024-03-20 01:00:00,-36.9899516380335,23.5008787642324,-4117.70258081371,2675.6725874772,2.83604708878017,1.89907138960936,-0.230720740010447,-4.2124039668851,1.4040223646493,0.9089453656855,3.76661266870969,NA,2.37689214727672,0.520868422553046,0.915048156672146
"1353","244386",2024-03-20 07:00:00,-37.1157328001541,23.287919149424,-4131.70447573236,2649.98842848232,1.464291374909,0.558116789035167,-2.33364905445518,-4.28069262611278,0.479779338979611,0.309222023049191,4.87532796853839,NA,2.37000595330501,0.511292502755274,0.914511325997874
"1354","244386",2024-03-20 13:00:00,-37.2373518727304,23.0993006715403,-4145.2430489623,2627.27463992792,1.81989457764541,0.663130043130434,-1.99579566232764,-5.86456362278708,1.01279930388101,0.465318444755231,4.40710382802603,NA,2.34826197163132,0.506466145519193,0.912795980628394
"1355","244386",2024-03-20 19:00:00,-37.304836767851,22.8903890896286,-4152.75543312336,2602.15472361443,3.31622110341721,1.6054790128588,-1.11851455707254,-3.89113886330503,0.7169056423317,0.361372798338665,4.36986028730834,NA,2.32802556278945,0.501433972262632,0.911171659693284
"1356","244386",2024-03-21 01:00:00,-37.3116894656923,22.6735181584591,-4153.51827195762,2576.11909757952,4.79642133321968,2.45393385880793,-0.056991972841114,-4.54207077287943,1.5849389081338,1.00011456141444,4.34119770333377,NA,2.29929073937765,0.498890153034667,0.908818281290226
"1357","244386",2024-03-21 07:00:00,-37.3503978611023,22.4634928216607,-4157.82727082409,2550.94495609799,2.3416976556266,1.7421347377577,-0.718166440970601,-4.19569006892164,0.713433940437544,0.401148777755603,4.25664907524261,NA,2.26320731319285,0.49888752931047,0.905783698300187
"1358","244386",2024-03-21 13:00:00,-37.4118595667006,22.3480511758961,-4164.66915659457,2537.1242953212,1.3219660039059,1.44401836422458,-2.41444113584597,-0.80172909218339,0.939757527376109,0.678676237387193,2.5702366916365,NA,2.22193989481719,0.501203471703785,0.902202492339984
"1359","244386",2024-03-21 19:00:00,-37.586678645862,22.2422719648134,-4184.12992746776,2524.47058370473,3.28100255562424,1.38258615534224,-3.60759724281797,-3.03782945025785,0.873256745808146,0.455576586875533,3.86884892468332,NA,2.20764953066165,0.494460148924235,0.900934341152154
"1360","244386",2024-03-22 01:00:00,-37.6846225760331,22.0431373919554,-4195.0329959007,2500.67551154866,7.20188178473533,4.16855923953058,-1.00592845183281,-4.14635635849484,1.68166582932268,1.10286660240682,4.362135949288,NA,2.1885780246225,0.487471987910706,0.899219114333232
"1361","244386",2024-03-22 07:00:00,-37.6400702519467,21.829280171842,-4190.07345386976,2475.158877669,6.27717123606506,4.37683464133986,0.826590343986491,-4.25277233416427,1.02699590584678,0.658806019150662,4.33222705480576,NA,2.15578254058074,0.483343510013546,0.896207898437883
"1362","244386",2024-03-22 13:00:00,-37.5419306993387,21.6034157708661,-4179.14860884675,2448.25145298005,2.88933867283773,2.60279906677502,1.67829381906853,-4.51535958992018,1.65449398923923,1.09180373237606,4.84030998339529,NA,2.11792752450179,0.481063519777486,0.892633467180614
"1363","244386",2024-03-22 19:00:00,-37.5966708708158,21.3887825960674,-4185.24225686152,2422.7213654291,6.27343750627858,1.38372819019849,-1.20590334030981,-4.23651828712384,1.07162176608522,0.474122335758772,4.37451268924706,NA,2.06398369292172,0.485233659244611,0.887352985452056
"1364","244386",2024-03-23 01:00:00,-37.6830126342664,21.1870874075933,-4194.85377800304,2398.76473858732,2.23787856382244,4.32004045671457,-1.57679104748229,-3.69923378204899,1.43900772597676,0.880608402391702,4.30193030314898,NA,2.01296048305798,0.490876820666856,0.882151143868301
"1365","244386",2024-03-23 07:00:00,-37.7367809564951,21.092687048694,-4200.83924025434,2387.56358138817,4.33277864241373,1.90083920343926,-0.957513944619104,-1.74095302037638,0.798242370072836,0.669557882692153,2.11679894308757,NA,1.95493517992415,0.501726777314392,0.87598377659351
"1366","244386",2024-03-23 13:00:00,-37.7260621010587,20.976700567721,-4199.64602272527,2373.81095657355,1.83107368121957,2.84281806289197,0.82776557028691,-2.75299623035515,1.20514893992414,0.818623030213415,2.30070154845506,NA,1.93454023768149,0.499659365101338,0.873751104460847
"1367","244386",2024-03-23 19:00:00,-37.55435817875,20.8041918391656,-4180.53202952666,2353.37638061086,2.93308216733945,2.72145321297681,4.16199982079737,-3.49261045877029,0.799357021346571,0.777269889204215,4.66358846369032,NA,1.90943584631247,0.497649465612555,0.870955754857903
"1368","244386",2024-03-24 01:00:00,-37.3624411205009,20.6865065284533,-4159.16792032782,2339.44950716701,6.17482617338304,4.97584425486027,2.86900973425526,-1.81583026832608,1.66375825268872,1.05933611526672,4.25048400133132,NA,1.86427651116953,0.502285659710592,0.865794631995895
"1369","244386",2024-03-24 07:00:00,-37.262620712067,20.6471702637311,-4148.05596329019,2334.79689533619,4.32279940777385,2.39611830478882,1.85199291543012,-0.775435325283393,0.873355302461843,0.693000455908912,2.00768914181726,NA,1.82606796468998,0.50670394181841,0.861292642895166
"1370","244386",2024-03-24 13:00:00,-37.148573315792,20.5945279598441,-4135.36026521056,2328.57237734828,3.23246465674584,2.8368376124568,2.10562932602707,-1.41451625729431,1.54969802657975,0.987949830339232,2.35645687440832,NA,1.81550512201493,0.500627345110409,0.860025902700934
"1371","244386",2024-03-24 19:00:00,-36.9269081499892,20.491360780461,-4110.68461182678,2316.38000820819,2.05828177694803,1.34513105003485,4.2958338927697,-2.08630945232573,0.649828188444072,0.509573680190576,4.58732308132101,NA,1.80086864640497,0.494070228637443,0.858254641960775
"1372","244386",2024-03-25 01:00:00,-36.6915482452445,20.4466568026566,-4084.48446707745,2311.09944081875,2.0168415522803,1.81669873860056,3.5750225170778,-0.459594196621082,1.13628038152106,0.795822858449338,4.45443178658131,NA,1.7671972047346,0.492676638635662,0.854108769722707
"1373","244386",2024-03-25 07:00:00,-36.5454359401066,20.3930375552096,-4068.21931967087,2304.76782442702,2.78413998257132,1.77246993609222,2.71085785923806,-1.05526943010033,0.510668315824901,0.356567611237102,2.90901738650448,NA,1.73618144739515,0.49134020370475,0.850201388543486
"1374","244386",2024-03-25 13:00:00,-36.4796588452539,20.3120936404071,-4060.897046966,2295.21379976713,3.64576583686685,3.55964102321073,0.160581775233246,-1.90551747422583,1.41989166601967,1.03024479955455,2.00642185779138,NA,1.71428018364591,0.486657820218727,0.847390619937747
"1375","244386",2024-03-25 19:00:00,-36.6069215493305,20.1675893368486,-4075.06386638078,2278.17012217104,2.2148843364324,1.31333576535946,-2.36113633038475,-2.84061285320758,0.595619548500858,0.528474794171953,3.69361071954775,NA,1.69481560315847,0.479435678876451,0.84485640926851
"1376","244386",2024-03-26 01:00:00,-36.5644751157334,19.9967075999436,-4070.33875100677,2258.03593060055,0.704980862100214,0.525692853024308,2.36373170838321,-3.05412688663608,1.09892898369798,0.636929076395052,3.4468264640426,NA,1.66973213922128,0.471982998606415,0.841540105092384
"1377","244386",2024-03-26 07:00:00,-36.4942123818529,19.81296152841,-4062.51713924944,2236.41064534017,0.928799126815115,1.10863765602455,0.9428253001069,-4.10672654529233,0.588987102776738,0.307997121063945,3.83281117478152,NA,1.64265265319826,0.465930536758893,0.837895561279616
"1378","244386",2024-03-26 13:00:00,-36.5126969443343,19.7338295946823,-4064.57483133241,2227.10531810186,0.604293912117926,0.404051920054771,1.25754391758893,-0.212219023303985,0.868787964657059,0.545057302077262,1.58825195750401,NA,1.59529550925967,0.468169326531755,0.831359840251296
"1379","244386",2024-03-26 19:00:00,-36.4417929361838,19.5716864460205,-4056.68183324989,2208.0530326669,2.2662156312792,1.6416477150043,1.31549963779859,-3.1753807574269,0.383580947376604,0.27689868564361,3.4371180384184,NA,1.59117646178069,0.458831940596494,0.83078155862013
"1380","244386",2024-03-27 01:00:00,-36.4439010733997,19.4056608589969,-4056.91651001129,2188.56463689742,4.49758450204893,2.98319029326608,-0.651886277944852,-3.14526951872671,1.55381792885027,1.00518930491746,3.24820457891969,NA,1.56700513451451,0.453304413914776,0.827356247306229
"1381","244386",2024-03-27 07:00:00,-36.4972734587715,19.2397289358841,-4062.85789677331,2169.10733834649,2.51407133924312,2.04108857155413,-0.990231165213739,-3.24288289747046,0.695491442091576,0.473771313488884,3.39073676146863,NA,1.5321367377776,0.452229683159914,0.822318729375657
"1382","244386",2024-03-27 13:00:00,-36.6217572504578,19.1708352113098,-4076.71536907583,2161.03466551395,1.91474950621674,0.880432116225668,-2.06350510078722,-0.411062014683416,0.986721911958811,0.712737801141938,2.67303899628364,NA,1.4828190333469,0.457247312894867,0.814998001496828
"1383","244386",2024-03-27 19:00:00,-36.7852328288589,19.0615301291901,-4094.91338722058,2148.23376213788,4.34401594998509,0.708982930448705,-3.52977626924703,-2.40000811707783,0.967050327503363,0.3812519880743,3.70779904360589,NA,1.462481914497,0.454964656877404,0.811911983661637
"1384","244386",2024-03-28 01:00:00,-36.9782801044867,19.0199012897486,-4116.4033116425,2143.36078596571,4.38119250765186,1.9395616057656,-3.38726211224933,-0.587280058102332,1.35281123908118,0.75073065561743,3.67302613524577,NA,1.4228643156544,0.45707013256686,0.80578705805581
"1385","244386",2024-03-28 07:00:00,-37.1454268451514,18.9830049242624,-4135.01000170105,2139.0428147344,4.36508931271734,2.13400063979267,-3.05125681770957,-0.692842388202797,1.036855838727,0.581021904166402,3.18336246192479,NA,1.38865382414314,0.458214365124581,0.800377246878689
"1386","244386",2024-03-28 13:00:00,-37.2946156509383,19.028482907877,-4151.6176235933,2144.36522928668,1.63815263954218,1.35553824971661,-2.88854180088813,1.65141280779788,0.991702763200628,0.61834565872854,2.90666215205232,NA,1.35133955279228,0.459873585815638,0.794348542401492
"1387","244386",2024-03-28 19:00:00,-37.3966947736758,19.0872983156868,-4162.98101955707,2151.25074697171,5.85025635016643,4.17728655813128,-1.48350753522427,0.895540569032648,1.43492561321798,0.993859967276782,2.21436274640341,NA,1.3200689194264,0.458231337104888,0.78919317269028
"1388","244386",2024-03-29 01:00:00,-37.4540682452682,19.1505244798188,-4169.36780519977,2158.65539294586,6.30741474644633,5.07661582282333,-1.1414808932917,1.49564840226651,1.42661371881229,0.938234042696306,1.62961323710025,NA,1.28792911602129,0.455376734549425,0.783796464325173
"1389","244386",2024-03-29 07:00:00,-37.5343913182876,19.3154427111457,-4178.30932878725,2177.98311115985,4.29444905139467,2.33873412650515,-1.49025390208227,3.22128627591326,0.958497299466123,0.697382371428443,3.54948285839449,NA,1.25499481484075,0.450623217166533,0.778163289836921
"1390","244386",2024-03-29 13:00:00,-37.5660409725362,19.4820332334272,-4181.83255218198,2197.52685854143,3.55647698242546,2.24717523684242,-0.331952916420889,3.27321543595549,1.32357417230364,0.81460521709689,3.309801920579,NA,1.19428673452422,0.453535673132962,0.76750686646093
"1391","244386",2024-03-29 19:00:00,-37.591397681686,19.6427365913565,-4184.65524813274,2216.39923095772,4.12914028679122,3.02030105678694,-0.481407206619741,3.13113508693293,0.818631091051081,0.563999593595632,3.18042857096317,NA,1.11279928667252,0.471380264364417,0.75265061659522
"1392","244386",2024-03-30 01:00:00,-37.5209053328121,19.6816108276277,-4176.80807575127,2220.96733483295,2.15662552553004,3.54246565829706,1.98330118096052,-0.351973802079511,1.28920424470879,1.00210773391384,1.51336998516589,NA,1.00922751140433,0.509188608514375,0.732868944766837
"1393","244386",2024-03-30 07:00:00,-37.4222056595584,19.5734074293378,-4165.8208783832,2208.25515101085,2.62044914404784,1.16835019451534,1.83119953934852,-2.11869705619958,0.497619882833208,0.50897510516582,2.80038230138215,NA,0.958543029175454,0.530023188695011,0.722830000483263
"1394","244386",2024-03-30 13:00:00,-37.4591765999825,19.5500458822507,-4169.93646464536,2205.51167494316,0.719880022545092,0.672231266989079,-4.56327232582743,0.903065759935212,0.873526432042261,0.638995804638163,0.824403566693711,NA,0.924660142779182,0.540471866575961,0.71599068959542
"1395","244386",2024-03-30 19:00:00,-37.6565806041875,19.5824916002775,-4191.91137787402,2209.32206425044,2.48570145744959,1.70475616109482,-3.92650755457221,0.244662469093825,0.659999763207209,0.451015014959254,3.71711776717578,NA,0.929267661233518,0.534229849566109,0.716926686217465
"1396","244386",2024-03-31 01:00:00,-37.8036680844396,19.5774183327045,-4208.28508127775,2208.72621411089,3.98283175793047,3.09556705838353,-2.12981468017431,-0.0762034536827529,1.51183364553571,1.03142567533545,2.73077058026472,NA,0.929927187752544,0.527698220134282,0.717060513233022
"1397","244386",2024-03-31 07:00:00,-37.8976424901111,19.5821926175245,-4218.7462642647,2209.28694850224,3.16537119403736,1.84005432340758,-1.74353054583389,0.0934557097280616,0.680171353614385,0.483713336427265,1.74605995479123,NA,0.932843655682632,0.52334373953286,0.717651845290137
"1398","244386",2024-03-31 13:00:00,-38.0207369529187,19.6005487644486,-4232.44907718391,2211.44301404017,2.41955392484006,3.19168475173318,-2.53257027260142,0.716040601830055,1.04383174394198,0.87698345900429,2.31183129154913,NA,0.938259517343517,0.518095826217589,0.718747954000716
"1399","244386",2024-03-31 19:00:00,-38.1365108107177,19.6730070947846,-4245.33696408127,2219.95621529313,4.04161352111812,1.77592757318901,-2.04252343336234,1.55895529161127,0.870997544803628,0.654237603814774,2.57432944348372,NA,0.936277283578645,0.514601848857467,0.718347073073502
"1400","244386",2024-04-01 01:00:00,-38.2496760507534,19.7203685499992,-4257.93446097754,2225.52286406593,4.82817343832922,3.99896450505199,-2.2408924558061,0.467036822764053,1.48486036762672,1.03215263014933,2.29545513160034,NA,0.9252809460541,0.51443997725143,0.716116911784531
"1401","244386",2024-04-01 07:00:00,-38.4110515211657,19.668681281598,-4275.89869617036,2219.44786202723,5.7484410955441,2.78101937803768,-3.04998832292432,-1.12192578335615,1.00191144790766,0.624148991234417,3.16071368816814,NA,0.910828334346514,0.516859088123997,0.713169635669809
"1402","244386",2024-04-01 13:00:00,-38.5103165014432,19.5729372639376,-4286.94882322845,2208.19993291297,3.91997557905797,1.0008952820207,-1.07335164854311,-1.4750558700172,1.43803488878385,0.785821240184274,2.62758424085032,NA,0.900444174374277,0.516927169476136,0.711040772042136
"1403","244386",2024-04-01 19:00:00,-38.436861829473,19.5671820304764,-4278.77188654834,2207.52402857461,3.13517293144869,0.976409929028257,2.32883527330842,0.316803556286893,1.00261561231097,0.477043130887607,1.36752471213564,NA,0.8809213111725,0.52332645817355,0.707013103018478
"1404","244386",2024-04-02 01:00:00,-38.2504191403589,19.6668735412583,-4258.01718133404,2219.23542730692,6.02659021636056,3.76856770228649,3.21035525786598,2.57810443458989,1.55137597330971,0.990735301734602,3.97152623295736,NA,0.905991308625081,0.511290661279397,0.712179160590636
"1405","244386",2024-04-02 07:00:00,-38.1822516654281,19.8207635366473,-4250.42881273608,2237.32835694989,2.14570305081313,1.48215213961918,1.26472807314432,3.01548806317703,0.878611773815562,0.542546736207725,3.27012843522565,NA,0.919919213905119,0.502205056047847,0.715025644691359
"1406","244386",2024-04-02 13:00:00,-38.1850112592621,19.8800266939359,-4250.73600931648,2244.30067827995,5.52035505805089,2.00969375643583,-0.508853487105079,0.489496023618683,1.41075324017378,0.515581803878324,1.16322799838803,NA,0.9167789620231,0.506797673713845,0.714385342666447
"1407","244386",2024-04-02 19:00:00,-38.1880000374308,19.8807255597682,-4251.06871858031,2244.38291569949,4.82218723193405,3.01891684066094,0.00391144408202641,-0.0429204274042249,1.08992968326324,0.594350608430808,0.0571876427313428,NA,0.950450776343448,0.502595789718838,0.721205823750412
"1408","244386",2024-04-03 01:00:00,-38.0190822884,19.8925929337109,-4232.26488077226,2245.77943751135,0.971589278842713,0.877113440489076,4.60041348206606,0.225898155886886,0.773449797815889,0.594081981956795,3.14233324153428,NA,0.994191284067569,0.493319008632067,0.729914984096823
"1409","244386",2024-04-03 07:00:00,-37.8387714090458,19.8078105006359,-4212.19276549806,2235.80478040818,1.76660498260453,1.34770602367261,2.99944166480311,-2.05786283405901,0.430600204705614,0.337435779712732,3.73567328578512,NA,1.03857941282536,0.481866695075725,0.73857580983992
"1410","244386",2024-04-03 13:00:00,-37.6497767355581,19.7567083664305,-4191.15397468276,2229.79521134494,6.16537315292174,3.88968355883878,3.77463487127497,-0.423281442864982,1.66977257671092,1.09258513029182,3.64674991397567,NA,1.07507261363434,0.474350569817682,0.745560389185373
"1411","244386",2024-04-03 19:00:00,-37.4427786580577,19.7928409746308,-4168.11105410023,2234.04417436883,5.6416121931058,4.12158716120719,3.84048669671272,0.708160378386958,0.966334570306885,0.641470980515301,3.90518950351331,NA,1.10290973767255,0.472898960465514,0.750804905689291
"1412","244386",2024-04-04 01:00:00,-37.2941635175376,19.814813323332,-4151.56729233337,2236.62845868676,1.13410560140653,1.07010860155508,2.27905729506154,0.0923041164245579,1.30455906044796,0.983437606332407,2.79072176988816,NA,1.12956213810803,0.473312807187448,0.755758084181903
"1413","244386",2024-04-04 07:00:00,-37.1717954901488,19.7769195280073,-4137.94534583507,2232.17179420561,0.607186656847507,0.491143178420081,2.35956942521772,-0.899227466269864,0.434056226388484,0.389272327681771,2.38875787110114,NA,1.15894406772174,0.474855966933691,0.761140793501476
"1414","244386",2024-04-04 13:00:00,-37.0263128703097,19.8136861013674,-4121.75029467531,2236.49587135136,2.1049498871737,0.506386653696398,2.57535011792976,1.26411730964956,0.7098157311951,0.404862624876034,2.79363986526846,NA,1.19102902060744,0.475107380678147,0.766925053227843
"1415","244386",2024-04-04 19:00:00,-36.931306670736,19.8660602534517,-4111.17425291655,2242.65728665191,7.17744080699953,5.42385207504757,1.57583433058785,0.972406156659529,1.48371650795684,1.11235632168696,2.0400137823353,NA,1.22447096857296,0.474029174701043,0.772849399640207
"1416","244386",2024-04-05 01:00:00,-36.8295050917588,19.9272799388399,-4099.84175298287,2249.86192185882,12.1055319972279,8.58347632325014,2.04903262991902,1.2983747411222,1.77100295653044,1.09936449805282,2.23812798643418,NA,1.25780230214566,0.472623856237126,0.778647554350471
"1417","244386",2024-04-05 07:00:00,-36.7076028875047,20.0035956532965,-4086.27166167872,2258.84708857076,10.2824727308735,6.06637175278241,2.26168185389289,1.497527747106,1.30711652769127,0.91169006367895,2.71246233734326,NA,1.28435493331881,0.47125484183495,0.783190170529756
"1418","244386",2024-04-05 13:00:00,-36.6135067463864,20.0716859803241,-4075.79692716382,2266.86754617635,4.10588026336729,2.4998471022739,1.53617406447275,1.26499346549409,1.61223581822396,0.920989269700286,2.1988269416496,NA,1.30006765460342,0.470595974542317,0.785846368981341
"1419","244386",2024-04-05 19:00:00,-36.5563194719955,20.1463788814159,-4069.43086889877,2275.66978490267,3.0030342529546,2.00408226278495,0.877723985020125,1.57926928732201,0.882054062028595,0.578553618452659,1.81070240526081,NA,1.31391908820566,0.469579753335569,0.788168222187019
"1420","244386",2024-04-06 01:00:00,-36.4014618664326,20.2408947803115,-4052.19219910204,2286.81418813748,4.7864849152694,3.44370583944464,3.1926588944651,1.81293967128333,1.63909701684092,1.13179928505755,3.4210023482143,NA,1.32476108508606,0.46744808086426,0.789972736410613
"1421","244386",2024-04-06 07:00:00,-36.2607497257501,20.3273832552433,-4036.52819525284,2297.01808562402,7.2570525807178,4.86815280065507,2.610667305844,1.70064958965484,1.12093690337423,0.727238366396943,3.11586183431264,NA,1.31974491218722,0.466118474802918,0.78913926342698
"1422","244386",2024-04-06 13:00:00,-36.1506891344586,20.4142996519842,-4024.27630627386,2307.27828717691,0.95354997099436,1.60158597981371,1.90653679190509,1.69101165685736,1.4552266403822,1.0244611464409,2.66339321073588,NA,1.30775258871447,0.466834951745543,0.78713683964415
"1423","244386",2024-04-06 19:00:00,-36.1527264606756,20.4592128193607,-4024.50310039092,2312.58243790762,4.01497553373453,4.22395911708947,-0.129374787961573,0.850096240024583,0.716665470240188,0.740135335635847,0.884857366986563,NA,1.29038260012826,0.468909462237078,0.784211941178337
"1424","244386",2024-04-07 01:00:00,-36.2727853981862,20.5169179511966,-4037.86800017977,2319.39959727289,8.19955069231395,8.00241984491971,-2.72443409664919,1.22691657466706,1.56598992015815,1.23955887797753,2.50055144663629,NA,1.29097150918715,0.466700571294982,0.784311581792929
"1425","244386",2024-04-07 07:00:00,-36.4687954106599,20.5737145495453,-4059.68773495874,2326.11196337931,5.16972518653901,9.27508628598575,-3.63662240066639,1.11872764995988,1.14625822019591,1.02465973756161,3.80481542991299,NA,1.28785146298463,0.462100150691906,0.783783304985221
"1426","244386",2024-04-07 13:00:00,-36.5959646673427,20.5899635454812,-4073.84415185722,2328.03277553138,7.11231849982715,8.58836389855912,-1.91338941564275,0.0608626571294791,1.50285571742592,1.07383962534496,2.38098381136567,NA,1.2684899007227,0.459611798925993,0.780484134228177
"1427","244386",2024-04-07 19:00:00,-36.7248890942327,20.5797923712712,-4088.19595340943,2326.83040531919,6.61803081629729,4.66036461171243,-2.73905733741547,-0.226720736133894,1.31287335516122,1.17658003922863,2.40045456769014,NA,1.26046140197052,0.455137882282456,0.779105525333693
"1428","244386",2024-04-08 01:00:00,-37.0013971647742,20.5902513027686,-4118.97669102234,2328.06679351047,1.09333427874968,0.833686528741247,-6.045995817895,0.628848150309197,1.49470066778465,0.836231629428091,5.13446208716075,NA,1.24931650792017,0.449036129187999,0.777181522999507
"1429","244386",2024-04-08 07:00:00,-37.2273473969104,20.5268233943163,-4144.12935580837,2320.57006609663,1.57060653571402,1.92275403766365,-4.1227586322413,-1.32052144949213,0.327123629241651,0.350763652874577,4.37437921151693,NA,1.2123068006954,0.447630647075371,0.770706856329427
"1430","244386",2024-04-08 13:00:00,-37.4118737419818,20.4307558299966,-4164.67073457965,2309.22154530291,1.69996880402498,1.53414648887488,-3.33259285657435,-2.00969842587623,1.03380905249068,0.741206181378296,3.91128030539374,NA,1.17372622679776,0.451335147551466,0.763817888180845
"1431","244386",2024-04-08 19:00:00,-37.4767056113549,20.377037212584,-4171.88778526544,2302.87885969246,4.63867792433122,3.01098356227904,-0.986317759038855,-0.957972070314034,0.870520143074793,0.557822047611773,1.60124911494868,NA,1.12091138257762,0.464302689573549,0.75415772942397
"1432","244386",2024-04-09 01:00:00,-37.6385661182597,20.4421295112688,-4189.90601447363,2310.56475035871,6.2186491582425,2.24049491979356,-4.00744467244657,2.39103243364436,1.57888036306358,1.03771430917156,3.2648838588991,NA,1.09193415643417,0.472868256497555,0.74874576087377
"1433","244386",2024-04-09 07:00:00,-37.8671854809401,20.6189091311517,-4215.3558055127,2331.45497897421,2.87867771328165,1.19690370212137,-4.2416316598367,3.48170421841092,0.876078285756491,0.353265779607633,5.48779700415591,NA,1.07504545675256,0.474527572635583,0.745555237487956
"1434","244386",2024-04-09 13:00:00,-37.8975957362786,20.6327174430252,-4218.74105965187,2333.0877516897,2.34051970386708,1.56692033754617,0.188337914292483,-0.423606738403361,1.36576093007791,0.766301080161611,0.626197588981504,NA,1.00398979076911,0.503285622623143,0.731842295577358
"1435","244386",2024-04-09 19:00:00,-37.9404403094468,20.628752578838,-4223.51049572021,2332.61890843775,4.37938119071875,3.38124941531603,-0.991959480813049,-0.00673466678160606,0.8500726568541,0.63822892811821,0.798767281865233,NA,1.05492039263346,0.489327399036291,0.741718629674187
"1436","244386",2024-04-10 01:00:00,-38.0990480330199,20.6330450489883,-4241.16662674425,2333.12649148745,5.33186866175614,4.05842690202688,-3.28092169539565,-0.116318275873892,1.76756805764693,1.20047044731435,2.94405162828037,NA,1.10581040555486,0.473626798730855,0.751347216743441
"1437","244386",2024-04-10 07:00:00,-38.1984406007492,20.5679704477719,-4252.23095677251,2325.43299612288,9.30746154146901,6.95450622921365,-1.84405506064242,-1.28224919884077,1.37256228361159,0.983211968797797,2.2461976281476,NA,1.14999253494127,0.458589665845778,0.759509553423006
"1438","244386",2024-04-10 13:00:00,-38.3254333665699,20.485543537929,-4266.36772679809,2315.69277005095,8.8462065482888,6.79232475133794,-2.7453622171762,-1.63650433607418,1.57328252348479,1.03037819005354,2.86133353253271,NA,1.1993639277319,0.441427649881479,0.7684116104524
"1439","244386",2024-04-10 19:00:00,-38.5718536930351,20.4136702268764,-4293.79911206132,2307.20396452658,2.93372821834495,1.9524568383103,-4.74217534565484,-1.39375338183357,1.3424296489339,1.01981018803208,4.78559594171642,NA,1.23515534860986,0.427850295004426,0.774719606930928
"1440","244386",2024-04-11 01:00:00,-38.9850792987531,20.409634521124,-4339.79917607259,2306.72743483935,5.03682152219216,3.96818216412191,-8.14775036070689,0.234059766505297,1.39664725989662,0.98323886071579,7.66699338674674,NA,1.24652678149457,0.420679407682651,0.776698051413283
"1441","244386",2024-04-11 07:00:00,-39.1954893636397,20.3610623437828,-4363.22191735354,2300.99310010298,6.26990227515839,3.38544438773783,-3.02747279762244,-1.19819544948871,1.14080668447758,0.73120320052676,4.01903457766522,NA,1.20701462195267,0.432117085699385,0.769770294596029
"1442","244386",2024-04-11 13:00:00,-39.2636367209529,20.3286433635268,-4370.80804646855,2297.16679562268,3.78681672695937,1.11237032064695,-0.808386085980709,-0.192353705723428,1.47915485115953,0.662172625755287,1.41648501683889,NA,1.21996727388904,0.43638197529753,0.772057790187862
"1443","244386",2024-04-11 19:00:00,-39.4001608547558,20.3351314214203,-4386.00584352449,2297.93249453131,0.88231564100627,0.588202010735959,-2.8603301424413,0.161205004817506,0.863264818891892,0.276317362149376,2.53599079930011,NA,1.25731482256862,0.431840430688988,0.778563523131793
"1444","244386",2024-04-12 01:00:00,-39.5198489213909,20.4804143285488,-4399.32945815634,2315.08683672355,3.29022813022972,1.12977377553947,-2.50229810332484,2.85999739733174,1.30272591142826,0.845445477694653,3.62016691814771,NA,1.29162216332845,0.424751642596403,0.784421630591254
"1445","244386",2024-04-12 07:00:00,-39.7376775700609,20.6395703415846,-4423.57803240647,2333.8981327386,5.43114359496788,3.61599865139311,-4.04142898605796,3.13521600136182,0.910005433649191,0.584976671605972,5.11476231405646,NA,1.32087813527627,0.416198291115931,0.78932776824816
"1446","244386",2024-04-12 13:00:00,-39.9332368742802,20.7954139619344,-4445.34759457205,2352.33722838464,4.21779545573377,1.01718645550135,-3.38565403738325,3.0344722487277,1.28968558961385,0.894301483738043,4.7547604188745,NA,1.3119904892496,0.420643304784056,0.787846046134875
"1447","244386",2024-04-12 19:00:00,-39.9357311072131,20.9416490933116,-4445.62525131206,2369.65699799332,1.28071361722871,1.53183565563492,0.790986818046754,2.86495909798659,0.891991987505672,0.411330709731842,2.8868628791159,NA,1.28094243092627,0.438731386252654,0.782610156313617
"1448","244386",2024-04-13 01:00:00,-40.0700316180604,21.0347359935765,-4460.57551579286,2380.69091704713,3.65859136776202,3.39066502215429,-3.47224223850194,1.14258406424784,1.29772463985707,0.963606628584446,3.09702111283586,NA,1.27069725230428,0.454965478403018,0.780862082644145
"1449","244386",2024-04-13 07:00:00,-40.2228642985509,21.0642977781554,-4477.58877196163,2384.19643753164,3.65932887209141,2.67683986321885,-2.71778812030117,0.508971028992177,0.831787577050344,0.623504618623648,2.89489627714341,NA,1.27068854574267,0.468710942454103,0.780860592804234
"1450","244386",2024-04-13 13:00:00,-40.4715669870931,21.2086999457883,-4505.27422860906,2401.33021018042,4.39437937308362,1.77169147493477,-5.63527666773311,4.33492589572156,1.65630730040955,0.860193096582388,5.42700863698618,NA,1.27706671498353,0.479789879855143,0.781950052752302
"1451","244386",2024-04-13 19:00:00,-40.572833031296,21.2791072959743,-4516.54711308438,2409.69040624932,4.75761577252475,1.99762973962319,-1.87881410288512,1.39336608095889,0.787591612814767,0.365251947639807,2.33898512939478,NA,1.24847553774487,0.507217371095386,0.77703585790893
"1452","244386",2024-04-14 01:00:00,-40.588858845756,21.294929926576,-4518.33109858962,2411.56974811156,2.13442319267435,0.784967245422008,0.778511592278596,-0.166731141738539,1.34433549414933,0.81855242176498,0.431660943903871,NA,1.26760718873984,0.519924416029081,0.780332862932483
"1453","244386",2024-04-14 07:00:00,-40.32101883706,21.3041364316204,-4488.51528520751,2412.66335010726,4.75437710638298,2.0323602905126,5.39234951649669,0.222077102876674,0.877866458971072,0.394027269111456,4.97290513741372,NA,1.30359694472596,0.523133099121877,0.786439720547457
"1454","244386",2024-04-14 13:00:00,-40.085253933491,21.3735477201818,-4462.27005619528,2420.91065927666,3.17873274016254,2.3488083958864,3.44488898177262,1.50261410536047,1.63054439305252,0.983031786879688,4.5847372994138,NA,1.34484427355274,0.520863804796687,0.793285451738615
"1455","244386",2024-04-14 19:00:00,-40.0636407364592,21.4543515115084,-4459.86408610729,2430.51658771268,3.95216277350458,4.12734976804542,0.400995151987149,1.60098812266866,0.695174938990615,0.649055734146538,1.65067193690126,NA,1.37731545206792,0.527178170473522,0.798559504004742
"1456","244386",2024-04-15 01:00:00,-39.9879147917792,21.5364974472599,-4451.43431250567,2440.28759216961,3.13761082879408,3.91191982239496,2.19742497571612,1.64096840364222,1.51793870167424,0.988994671442616,2.15079069521164,NA,1.44666657049143,0.518475040005022,0.809484885743189
"1457","244386",2024-04-15 07:00:00,-39.7848448840189,21.5870251728958,-4428.82867377836,2446.30048561453,9.84561370039762,3.69784677133696,4.10416083762621,0.83850029867068,1.71873568030806,0.823889642030243,3.89823094470747,NA,1.51051696662698,0.512638256862219,0.819137808637497
"1458","244386",2024-04-15 13:00:00,-39.5640060314559,21.573092251721,-4404.24500516368,2444.64223034325,14.5260639315399,3.75847664373208,3.90410579559685,-0.701395305744785,1.86368819113076,0.871935999076893,4.10648591344047,NA,1.56781004928647,0.509855582472079,0.827471189339024
"1459","244386",2024-04-15 19:00:00,-39.3829290554654,21.5022763186712,-4384.08760840203,2436.21641669382,16.0913176809223,5.79364129102527,3.23102093334144,-1.55213306131088,1.85381667496884,1.03905836733214,3.64149005051209,NA,1.6228758666548,0.509217089716901,0.835191365188333
"1460","244386",2024-04-16 01:00:00,-39.2217219131731,21.4204935206305,-4366.14211140981,2426.49090648592,17.3596814050252,7.8092557460298,2.91738008887147,-1.58832672477268,2.11595658525502,1.21735159770569,3.40217419056299,NA,1.67634893737843,0.510127111234663,0.842420464747796
"1461","244386",2024-04-16 07:00:00,-39.064801577846,21.3613838605065,-4348.67381958608,2419.46508855096,17.4155401977479,9.34271813252201,2.91128013967896,-1.16370338573522,1.88874378058697,1.12907938593277,3.13827620457666,NA,1.72423709715808,0.513792872972405,0.848673796545434
"1462","244386",2024-04-16 13:00:00,-38.8962992142193,21.3609263164551,-4329.9162222697,2419.41071572238,12.1719321048116,6.76255947773392,3.12626623686452,-0.0090620747436214,1.69257769279159,0.965363694062843,3.12637503204491,NA,1.77149551567799,0.517783521496426,0.854643554462087
"1463","244386",2024-04-16 19:00:00,-38.7080320080798,21.4386642722105,-4308.95841274918,2428.65127317894,4.37466662446248,1.67624597993057,3.62005733881045,2.06654505598099,1.87149022077399,1.15253336230863,3.8172823774813,NA,1.82162872906687,0.520023080758529,0.860761446859767
"1464","244386",2024-04-17 01:00:00,-38.4929523299018,21.6214619620415,-4285.01585249443,2450.39974365704,2.65824174499094,2.18459278230241,3.88473864700962,3.49694143927794,1.36128052596145,0.793297812787354,5.39058735377292,NA,1.86596765552608,0.523524255900002,0.86599101177936
"1465","244386",2024-04-17 07:00:00,-38.3465324024776,21.7475426886624,-4268.71646073158,2465.41648222935,2.46542731017874,1.69886650022446,2.44567545391905,2.3195695896703,0.722138358935209,0.502379973096904,3.69382126818906,NA,1.88170147438508,0.538355938375239,0.86780643909889
"1466","244386",2024-04-17 13:00:00,-38.2285155667178,21.8257851749414,-4255.57888666976,2474.74218941152,6.37078611409164,4.18998019870054,2.12909484071637,1.26889045191465,1.68956956833861,1.09809092915853,2.68526175386347,NA,1.91784610455223,0.54926822932871,0.871898053784705
"1467","244386",2024-04-17 19:00:00,-38.1115844745023,21.8560855193445,-4242.56217702642,2478.35506671083,5.30682460458089,3.67127322302574,2.16945162831571,0.602146273248637,0.907070968010077,0.606797306870116,2.25147079510456,NA,1.96402508596571,0.556868557659061,0.876967899271687
"1468","244386",2024-04-18 01:00:00,-37.9766885149135,21.8898173973813,-4227.54562749494,2482.37801674237,4.12624993530673,3.22511925268768,2.71233582647711,0.764370979674072,1.78556898245202,1.17891606271926,2.59097798677953,NA,2.01555524418264,0.561655377966401,0.882420629170228
"1469","244386",2024-04-18 07:00:00,-37.7840802265643,21.9342674778827,-4206.10457091334,2487.68071747126,7.85276786457178,4.69077444631029,3.58419375733785,0.885263499085198,1.17954913815929,0.712624710207421,3.68109297474343,NA,2.06405158247041,0.566529938501576,0.887359771354346
"1470","244386",2024-04-18 13:00:00,-37.5941601731983,21.9612356199745,-4184.9627672812,2490.89871579562,4.47456351697577,1.35799331882054,3.50399465154178,0.461962880365401,1.43694894000067,0.957857514981488,3.56423795900224,NA,2.10494209427902,0.573439306388243,0.891382597044462
"1471","244386",2024-04-18 19:00:00,-37.4302115401932,21.9478067676286,-4166.71208893882,2489.29622848276,6.85354963118719,3.43465674472296,2.93500647992046,-0.501174210174877,1.41917896897876,0.717701921855756,3.05375706479808,NA,2.14463724416334,0.580450153450463,0.895166583236027
"1472","244386",2024-04-19 01:00:00,-37.2364453729891,21.9142870185365,-4145.14213787269,2485.29692871341,8.94650833734053,3.39881977042685,3.83276917135109,-0.57915779406627,1.6701222432067,1.09371723023726,3.65649759431088,NA,2.18697178808142,0.585803558348606,0.899073457224418
"1473","244386",2024-04-19 07:00:00,-37.0046445371837,21.9036664383613,-4119.33818686538,2484.02996744268,3.84555935793262,3.31381602597778,4.30065849964157,-0.211160259193446,1.23686498378501,0.624396391221201,4.3054638244117,NA,2.22413469093277,0.592381102545953,0.902395975250998
"1474","244386",2024-04-19 13:00:00,-36.7583898432703,21.8845986926432,-4091.92523973348,2481.75555776747,5.10270644034994,3.80953261851401,4.36614659246722,-0.366367542832201,1.72635685129075,1.10495942342589,4.58442397326889,NA,2.25591598887383,0.600689582605166,0.905159615962939
"1475","244386",2024-04-19 19:00:00,-36.5981425318137,21.9029947836985,-4074.08659062115,2483.94984692944,7.67133137372516,3.48639122648327,2.97310823902743,0.365714926087069,1.17310897578276,0.698827270315387,2.99569542340631,NA,2.28263976635178,0.611055988910622,0.907429030059523
"1476","244386",2024-04-20 01:00:00,-36.4336148181066,21.9656553164014,-4055.7714493099,2491.42615903324,8.70404218076443,5.48761150264505,3.07734303832483,1.52796358937638,1.68037310751017,1.11339586378138,3.29693768663737,NA,2.31932111896895,0.617109804206682,0.910464614518413
"1477","244386",2024-04-20 07:00:00,-36.3127002395076,22.080855294921,-4042.31129999077,2505.17990499562,4.2916706724617,4.12270814761411,2.24335813583866,2.29229097826322,1.23469376209332,0.738250112123029,3.20724885855824,NA,2.35297900015534,0.623660020651875,0.913170723255792
"1478","244386",2024-04-20 13:00:00,-36.3059662090513,22.2287566741902,-4041.56167114938,2522.85453039354,1.25407412649264,0.39889997199888,0.13309023983078,3.06854844547583,1.096814076399,0.944944940696538,2.94885121107519,NA,2.38342220226557,0.631117136778662,0.915554396822066
"1479","244386",2024-04-20 19:00:00,-36.118778398362,22.3298211234742,-4020.72401938075,2534.94285565239,3.30991012734095,2.18053580216692,4.35916952894347,1.71405200611467,0.726077717584173,0.479268609382463,4.01484932826749,NA,2.41281450059883,0.6388897582667,0.91779926825121
"1480","244386",2024-04-21 01:00:00,-35.9101616032896,22.3329159786387,-3997.50090398236,2535.31317105735,4.37944271962752,3.6972410076948,3.21613656779286,-0.0249639689726886,1.51135374334848,1.04543755573666,3.87143754805966,NA,2.44936751634191,0.643419439328881,0.92051518620451
"1481","244386",2024-04-21 07:00:00,-35.7463473677505,22.3678188894067,-3979.26518669746,2539.49006036819,8.59661845162786,6.41562502540091,3.03873812018574,0.69838511808065,1.30708290329016,0.926031491389068,3.11790271081346,NA,2.49594214533926,0.643398840942014,0.923856859229241
"1482","244386",2024-04-21 13:00:00,-35.6359973152852,22.4533136235384,-3966.98107504801,2549.72583641214,4.3996456429671,4.63541268186164,2.03175008971561,1.71718483830965,1.35972311944663,0.916796523370463,2.66474107725661,NA,2.54523513846806,0.641838379672299,0.927252754114332
"1483","244386",2024-04-21 19:00:00,-35.6207412373732,22.6040430403977,-3965.28277622334,2567.78734657288,2.57839858060427,1.95569451207765,0.283050052412414,3.01025166336211,0.684250900031296,0.651563687174322,3.02376784910962,NA,2.59510562081494,0.639442070902263,0.930545920705334
"1484","244386",2024-04-22 01:00:00,-35.4673886098916,22.7552908083482,-3948.21163982028,2585.93109251214,2.17120381056907,1.50989595631735,1.92878511884741,3.42619793103689,1.15450101319798,0.804029307479613,4.15186817203821,NA,2.64126937073552,0.638049200876418,0.933470839584637
"1485","244386",2024-04-22 07:00:00,-35.4458543605871,22.9611532674241,-3945.81445815309,2610.6591398579,4.36417591192856,2.87834333032463,0.244454636223058,4.19156780649263,0.816044231161709,0.536270363593827,4.14068769918541,NA,2.68456043231555,0.637715801405482,0.936109419619442
"1486","244386",2024-04-22 13:00:00,-35.4494585971697,23.190453836217,-3946.21567993416,2638.24742848796,2.71917668334636,2.33145158533693,-0.0434762853201908,4.70995053242196,1.0383277862675,0.846163651602827,4.59862783429864,NA,2.72369955947295,0.639093162141667,0.938410700807099
"1487","244386",2024-04-22 19:00:00,-35.3771754371991,23.4034843854581,-3938.16915537331,2663.92107948638,3.78468957581547,1.17399474717594,1.60847032282092,4.19018697652789,0.797426559897015,0.529280666599937,4.48403289524285,NA,2.75439840038443,0.644360251854323,0.940161274848598
"1488","244386",2024-04-23 01:00:00,-35.3366233658098,23.5887444710341,-3933.65491943564,2686.28191393408,1.58642062558066,1.4637763023053,-0.350115949977672,3.87379089637019,0.805002665881882,0.576596819075428,3.80199570530476,NA,2.78586171166013,0.64998471043544,0.941907018754321
"1489","244386",2024-04-23 07:00:00,-35.2344353476997,23.8048176642987,-3922.27940129445,2712.40226561319,2.68434673410958,1.65906728979412,2.88439533918124,4.46332769566625,0.665132112393743,0.429053314942677,4.74837984845069,NA,2.82166659220815,0.654174536978855,0.943835477970853
"1490","244386",2024-04-23 13:00:00,-35.1315275805513,23.9807806744599,-3910.82376105681,2733.70630202332,3.55088160551569,3.22763676317536,1.78482889703578,3.44191711609283,0.735935549832128,0.612501347238792,4.03142790897195,NA,2.84840735884162,0.662142402580343,0.945236298726645
"1491","244386",2024-04-23 19:00:00,-35.0870061435455,24.155214865032,-3905.86765735995,2754.85430905266,3.30701561658234,2.57779155437675,0.544962721542393,3.58611939697468,0.893402634936716,0.695379085199204,3.62013569631893,NA,2.88128213687252,0.667864061885478,0.946913351586166
"1492","244386",2024-04-24 01:00:00,-35.0856202491733,24.3522859902185,-3905.71338030414,2778.78193217912,1.78586618480038,1.6144810982628,0.902624756928233,3.83320602320752,1.33685675662812,0.905632106976525,3.98810233589414,NA,2.91461167080793,0.673231659744963,0.94856403538064
"1493","244386",2024-04-24 07:00:00,-34.95699409217,24.5367125512353,-3891.39478200384,2801.2084370737,1.57835726098955,1.42388421252197,2.57710791585953,3.77155548666071,0.562362588854214,0.427515146385477,4.43465870096009,NA,2.94313007752751,0.68042396478648,0.949937790539303
"1494","244386",2024-04-24 13:00:00,-34.6862359025879,24.7030894139571,-3861.25411821145,2821.46867503583,4.13636585388736,2.70375362808463,6.02010509779972,3.05617391695689,1.5528690711117,0.970493867226845,6.05266190253827,NA,2.97211556407152,0.687340488137523,0.951298384226004
"1495","244386",2024-04-24 19:00:00,-34.4985718232267,24.8903333929172,-3840.36344845677,2844.30272846398,9.98309535992287,7.93414807755927,3.16835608477077,3.89507099140051,1.56634889431888,1.2469552046566,5.15797030021338,NA,2.99670194993025,0.696240385452558,0.952424909348099
"1496","244386",2024-04-25 01:00:00,-34.4312089155496,25.0965653944946,-3832.8646438758,2869.49289054679,9.18924684286445,9.70648124526529,1.23661266807787,4.19502278613761,1.46356885305675,1.04886325316246,4.38050499957676,NA,3.02272814648008,0.704729991221437,0.953590411139948
"1497","244386",2024-04-25 07:00:00,-34.4165404723615,25.2899266182863,-3831.23176024937,2893.14997645204,7.55415980981758,6.97791456780225,0.272147302826326,3.94284763872022,1.30016821976587,1.07107380264006,3.9524038776966,NA,3.0503858871029,0.712548117929312,0.954799183440694
"1498","244386",2024-04-25 13:00:00,-34.3929630286285,25.4599854994052,-3828.60713121881,2913.98763128081,7.8001042485483,6.40406310874048,0.617715188767844,3.29285035031862,2.17157683637588,1.447053419756,3.5005490771409,NA,3.07965101864863,0.719664334446886,0.956045521875052
"1499","244386",2024-04-25 19:00:00,-34.3219124433025,25.5885710575749,-3820.69781623975,2929.76324070035,18.5025591937821,10.394883423872,1.31821915972649,2.6292682606025,2.44947762163097,1.2912981502415,2.94138697617677,NA,3.11129489466684,0.725538261184733,0.957356251511052
"1500","244386",2024-04-26 01:00:00,-34.2256470040975,25.7008966193093,-3809.98159656646,2943.55800984023,26.4835827028842,10.6493440185391,1.78603660876433,2.299128213994,2.33475177793018,1.06049678333979,2.91151252306356,NA,3.14740136346909,0.728977552797283,0.958806206086781
"1501","244386",2024-04-26 07:00:00,-34.1167082625567,25.8132762366076,-3797.85459133048,2957.37259095911,31.2183202116419,6.42206061446379,2.02116753588139,2.3024302104931,2.40900278133621,1.3038570302195,3.06378844993091,NA,3.18409532343089,0.731617917516448,0.96023134968983
"1502","244386",2024-04-26 13:00:00,-34.0095108839872,25.9408910077901,-3785.92143373375,2973.07607304603,37.6939029991415,10.9141633703969,1.97455914058636,2.70946738904464,3.04188904269827,1.99219901848625,3.28711974834392,NA,3.21999075467333,0.7340490503079,0.961579672938643
"1503","244386",2024-04-26 19:00:00,-33.9024499998055,26.0830582344816,-3774.00347062277,2990.59055897285,49.7845594699313,22.5683033011415,1.98998526007339,2.96205000080323,3.86967602193455,2.52409949174904,3.53066645009138,NA,3.25418775514179,0.736673751380104,0.962823302514001
"1504","244386",2024-04-27 01:00:00,-33.7943689719603,26.2383767474095,-3761.97194563862,3009.74983653949,67.4584963673503,36.6594904317602,2.00525416361899,3.1932129266159,4.41038963692674,2.86818713414849,3.77046045953405,NA,3.28651302793919,0.739597385332044,0.963963218998155
"1505","244386",2024-04-27 07:00:00,-33.6858346357102,26.4040698349765,-3749.88995859368,3030.21741775057,88.1894885458323,51.7483557556413,2.01366450708466,3.41126353402332,4.76371448594593,3.09373328274363,3.96105959091338,NA,3.31690151613026,0.742880633475993,0.965004102629632
"1506","244386",2024-04-27 13:00:00,-33.5772166600161,26.579455050464,-3737.79866084842,3051.91462869566,110.262248180798,67.1554633916642,2.01521629047037,3.61620182302547,4.98859688555783,3.23760038124687,4.13958578485638,NA,3.34551851468882,0.746480978001027,0.965957776922299
"1507","244386",2024-04-27 19:00:00,-33.4688847138389,26.7638507618561,-3725.73920376332,3074.76279546434,132.659428079446,82.4631803958221,2.00990951377615,3.80802779362237,5.11913747867765,3.32127128405367,4.30566170170658,NA,3.37236501869373,0.750425502233939,0.966829621353635
"1508","244386",2024-04-28 01:00:00,-33.3612084661393,26.9565766856053,-3713.75273869887,3098.68324414616,154.707141737985,97.3615715176173,1.99774417700198,3.986741445814,5.17815842431042,3.35918145765548,4.45901125391594,NA,3.39745681875719,0.75473753114799,0.967624960003471
"1509","244386",2024-04-28 07:00:00,-33.2545575858782,27.1569543971417,-3701.88041701555,3123.5973008307,175.915553284368,111.603368267226,1.97872028014787,4.15234277960038,5.18252646172893,3.36202355767967,4.5994338001822,NA,3.4208225929209,0.759437542417406,0.968348993168284
"1510","244386",2024-04-28 13:00:00,-33.1493017420163,27.3643078178207,-3690.16339007383,3149.42629160753,195.906514908546,124.984917194493,1.95283782321382,4.30483179498149,5.14566091480557,3.33831481401679,4.72678647847101,NA,3.4425021963676,0.764543802943808,0.969006751723793
"1511","244386",2024-04-28 19:00:00,-33.0458106035145,27.5779636777458,-3678.6428092342,3176.09154256622,214.377586701553,137.336061850533,1.92009680619982,4.44420849195735,5.07886052605739,3.29523081442102,4.84097199854241,NA,3.46254513984074,0.770072762338638,0.969603069255723
"1512","244386",2024-04-29 01:00:00,-32.9444538393336,27.7972519536762,-3667.35982585712,3203.51437979633,231.082354232775,148.513976962482,1.88049722910588,4.57047287052794,4.99205486527892,3.23908005966774,4.94193019195576,NA,3.48100924240729,0.776039237689937,0.970142567752732
"1513","244386",2024-04-29 07:00:00,-32.8456011184344,28.0215062810313,-3656.35559130309,3231.61612938743,245.818741286152,158.399082840074,1.834039091932,4.68362493069328,4.89423175080996,3.17557611473856,5.0296322217373,NA,3.49795944122703,0.782456424055062,0.970629653382998
"1514","244386",2024-04-29 13:00:00,-32.7496221097777,28.2500643388406,-3645.67125693259,3260.31811742909,258.421600359262,166.892195435838,1.78072239467817,4.78366467245335,4.79365124155191,3.10997689745916,5.1040767364659,NA,3.51346673963323,0.789335763729829,0.971068519523863
"1515","244386",2024-04-29 19:00:00,-32.6568864823243,28.4822682063549,-3635.34797410608,3289.54167001088,268.75778596209,173.912478604567,1.72054713734441,4.87059209580816,4.69789736672312,3.04712258724194,5.1652875022233,NA,3.52760727456942,0.796686705274987,0.971463154769782
"1516","244386",2024-04-30 01:00:00,-32.5677639050351,28.7174646899304,-3625.42689418406,3319.20811322236,276.722778953936,179.395954991144,1.65351331993069,4.94440720075772,4.61379309879688,2.99138799917598,5.21331221250247,NA,3.54046148488438,0.80451638104716,0.971817354107667
"1517","244386",2024-04-30 07:00:00,-32.4826240468708,28.9550056187263,-3615.949168527,3349.23877315312,282.238339895376,183.294429319617,1.57962094243704,5.00510998730201,4.54720209374062,2.9465631865887,5.24822229223339,NA,3.55211336289106,0.812829229869203,0.972134731827801
"1518","244386",2024-04-30 13:00:00,-32.4018365767923,29.1942481077089,-3606.95594849539,3379.5549758927,285.250901329606,185.574733227219,1.49887000486344,5.05270045544104,4.50275581102048,2.91568419467518,5.27011359713585,NA,3.56264977275307,0.82162658961124,0.972418735043378
"1519","244386",2024-04-30 19:00:00,-32.3257711637604,29.4345547864392,-3598.48838544969,3410.07804753069,285.730516870964,186.218235021362,1.4112605072099,5.08717860517482,4.48356342028187,2.90084864555957,5.27910797630807,NA,3.57215982055146,0.830906282861497,0.972672656934248
"1520","244386",2024-05-01 01:00:00,-32.2547974767358,29.6752939921235,-3590.5876307504,3440.72931415665,283.670258995616,185.220579837813,1.31679244947642,5.10854443650333,4.49097758506497,2.90306087010013,5.27535572287508,NA,3.58073426222318,0.840662217506501,0.972899649022417
"1521","244386",2024-05-01 07:00:00,-32.1892851846794,29.915839925437,-3583.29483575798,3471.43010186015,279.086012739621,182.591643845757,1.21546583166299,5.11679794942658,4.52448246869616,2.92214920850608,5.25903899090626,NA,3.58846493690941,0.85088402284117,0.973102731939142
"1522","244386",2024-05-01 13:00:00,-32.1296039565521,30.1555727676776,-3576.65115183293,3502.10173673076,272.016644607871,178.355702633129,1.10728065376962,5.11193914394458,4.58173730639827,2.95677989465754,5.23037631160186,NA,3.59544421458395,0.861556740705964,0.973284804265784
"1523","244386",2024-05-01 19:00:00,-32.0761234613145,30.393878757873,-3570.69773033571,3532.66554485804,262.524538116079,172.55182373363,0.99223691579631,5.09396802005731,4.65876255655233,3.0045633553452,5.18962840229723,NA,3.60176444814768,0.872660590014674,0.973448649131476
"1524","244386",2024-05-02 01:00:00,-32.0292133679276,30.6301502285474,-3565.47572262682,3563.04285233157,250.696536346015,165.234514735188,0.870334617743054,5.06288457776478,4.75021440466615,3.06222177616991,5.13710553228961,NA,3.60751742147967,0.884170821812284,0.973596938337136
"1525","244386",2024-05-02 07:00:00,-31.9892433453522,30.8637855989456,-3561.02628006672,3593.15498524092,236.64536178959,156.474678410617,0.741573759609855,5.01868881706699,4.84967364803373,3.12577303933871,5.07317679400912,NA,3.61279378624119,0.896057680615551,0.973732233853283
"1526","244386",2024-05-02 13:00:00,-31.956583062549,31.0941893246221,-3557.3905540159,3622.92326967564,220.511611271597,146.360958619615,0.605954341396714,4.96138073796395,4.94988378898074,3.19068831619151,4.99828173074486,NA,3.61768248154848,0.908286486175901,0.973856986612991
"1527","244386",2024-05-02 19:00:00,-31.9316021884788,31.320771802413,-3554.60969583484,3652.26903172532,202.466508127353,135.001612987603,0.463476363103629,4.89096034045564,5.04289060547775,3.25199220831249,4.91294489658552,NA,3.62227013197441,0.920817847910615,0.973973532594436
"1528","244386",2024-05-03 01:00:00,-31.9146703921026,31.5429492299302,-3552.72485688402,3681.11359747951,182.715687943678,122.527138059149,0.314139824730602,4.80742762454207,5.12005485506655,3.30428639885054,4.81779407226003,NA,3.6266404207135,0.933608022029113,0.974084086261799
"1529","244386",2024-05-03 07:00:00,-31.906157342381,31.7601434188421,-3551.77718852392,3709.37829302779,161.504479827967,109.094042125956,0.157944726277631,4.71078259022324,5.17191579971704,3.34168309064497,4.71358302962378,NA,3.63087343614681,0.9466094188045,0.974190731509571
"1530","244386",2024-05-03 13:00:00,-31.9064327082749,31.9717815613288,-3551.80784211502,3736.98444445972,139.125499282902,94.8905016598501,-0.00510893225528266,4.60102523749915,5.18786935054278,3.35762926484569,4.60121991556448,NA,3.63504499146137,0.95977126449219,0.974295410332878
"1531","244386",2024-05-03 19:00:00,-31.9158661587452,32.1772959492306,-3552.85796901779,3763.85337786488,115.930108669579,80.1454117793457,-0.175021150868139,4.4781555663698,5.15558447995104,3.34458112030562,4.48180248202392,NA,3.63922591838873,0.973040419088384,0.974399909523605
"1532","244386",2024-05-04 01:00:00,-31.9348273627526,32.3761236455299,-3554.96872059272,3789.90641933284,92.3471535964214,65.1443068235294,-0.351791929560939,4.34217357683519,5.05998437986173,3.29343918260277,4.35666145579866,NA,3.64348133749348,0.986362347496792,0.974505845765707
"1533","244386",2024-05-04 07:00:00,-31.9636859892579,32.5677061079329,-3558.18124820028,3815.06489495315,68.9179760949765,50.2614658454315,-0.535421268333682,4.19307926889532,4.88139071711294,3.19253842977716,4.22741318943863,NA,3.64786990871739,0.999682237820771,0.974614649569192
"1534","244386",2024-05-04 13:00:00,-32.002811707222,32.7514887644373,-3562.53670320096,3839.25013081539,46.3792937587218,36.0381634115934,-0.725909167186367,4.03087264255019,4.59181244388611,3.02568904662058,4.09602212710868,NA,3.65244306700704,1.01294625655987,0.974727548535897
"1535","244386",2024-05-04 19:00:00,-32.0525741856056,32.9269205408877,-3568.07623695524,3862.38345300913,25.9655406121278,23.4241777479629,-0.923255626118996,3.8555536977998,4.14633654353845,2.76783877921913,3.9648721622325,NA,3.65724424875526,1.02610292665995,0.974845550486163
"1536","244386",2024-05-05 01:00:00,-32.1108868735138,33.0953371965332,-3574.56757567997,3884.6353276614,15.2374814796166,16.015631467433,-1.12900912730184,3.66416201860567,3.461607812319,2.3759487727566,3.86354519551987,NA,3.66230811539155,1.03910461089546,0.974969426988263
"1537","244386",2024-05-05 07:00:00,-32.1682898401464,33.2601616879528,-3580.95764469554,3906.45429493256,18.2520879806884,15.0720023237469,-1.06501146926607,3.63649459567775,2.64707068560967,1.89164355043831,3.78954905599896,NA,3.66751771476828,1.0520214826252,0.975096248184438
"1538","244386",2024-05-05 13:00:00,-32.1810793768241,33.4452882804782,-3582.38136940598,3931.01040380453,24.9439857720433,17.4389444684315,-0.0969901218995143,4.17027405503661,2.42304870770758,1.64657642947631,4.09974938338478,NA,3.67267263491558,1.06500010014961,0.975221121868586
"1539","244386",2024-05-05 19:00:00,-32.1484182879696,33.6510409574554,-3578.74555362594,3958.36461185888,28.7030865903652,18.5624243111241,0.605969282364107,4.55903465549662,2.46596192184226,1.63576202926462,4.59902165439536,NA,3.67627825260389,1.0792618792585,0.975308102074737
"1540","244386",2024-05-06 01:00:00,-32.0965952118797,33.8651391837652,-3572.97663518428,3986.89849866358,34.6096072100416,21.4213527712961,0.961486392634451,4.75564778055651,3.16270573836082,2.07344697608478,4.8516001965971,NA,3.67771890926512,1.09544483105524,0.975342772521471
"1541","244387",2024-07-03 19:00:00,-28.5090999999997,38.6503999999992,-3173.61849497448,4645.02657515354,9.99999999761575e-06,9.99999999637273e-06,2.67809542776397e-12,1.45426809970535e-11,9.99999999942382e-06,9.99999999910148e-06,0,NA,-1.19638680178009,0.913833604724401,0.23211860791705
"1542","244387",2024-07-04 01:00:00,-28.6279011536274,38.7310600914095,-3186.84337890197,4656.48328774952,2.89473187936596,2.13089399392617,-3.20671404158669,2.13867505165166,1.63125641404296,1.22053370306206,2.91626203684698,NA,-1.19638680178009,0.883622295164691,0.23211860791705
"1543","244387",2024-07-04 07:00:00,-28.788529068376,38.7360882562614,-3204.72439657897,4657.19790443319,5.32647757019083,4.01146308000188,-2.98016950325605,0.119102863645265,0.8738500612309,0.658161550832865,2.98278991079196,NA,-1.19638680178009,0.852340814405035,0.23211860791705
"1544","244387",2024-07-04 13:00:00,-28.8176694490404,38.6839052998033,-3207.96828891606,4649.78398437048,4.96505017071134,1.86455568407503,0.139116350878435,-2.20985654987805,1.80021775042409,1.42115294472477,1.34907860761579,NA,-1.21971424269264,0.819388062174326,0.227986742460948
"1545","244387",2024-07-04 19:00:00,-28.8802245392667,38.5637532287344,-3214.93188970658,4632.73401094245,4.1565994290626,2.55540037416108,-1.16060001762066,-2.8416619787613,0.851641524016511,0.473746660480658,3.06930631196772,NA,-1.23920530782147,0.794931274779633,0.224574343698537
"1546","244387",2024-07-05 01:00:00,-28.939714991364,38.5361898700474,-3221.55433654111,4628.82673532572,4.1720776921252,2.48490689562518,0.132475609152651,-0.648428055007822,1.70648670544769,1.21217926957958,1.28165982098098,NA,-1.29487132874813,0.762206414327868,0.215029429224363
"1547","244387",2024-07-05 07:00:00,-28.7972365674424,38.4994934153193,-3205.69371094112,4623.62712883527,1.82061451016695,1.6211707656014,2.64343739316618,-0.866600984861801,0.668533013599506,0.432217510333953,2.78198328196619,NA,-1.35688385246331,0.74767029627308,0.20474722469076
"1548","244387",2024-07-05 13:00:00,-28.8493825079491,38.5450810089325,-3211.49857048527,4630.08694396209,2.43841474190299,1.99857950245427,-2.0479280726507,0.53840597816903,1.09997078433107,0.92604396263664,1.44750942466382,NA,-1.40765892905546,0.74261522515465,0.196603567314705
"1549","244387",2024-07-05 19:00:00,-28.9632531039969,38.5680992705479,-3224.17458725363,4633.35022696766,1.89337194017957,0.694417951219825,-1.90060617855925,0.851536974857292,0.479299651091537,0.452010510009166,2.18130222846029,NA,-1.42895891498717,0.743587395484786,0.19326094916713
"1550","244387",2024-07-06 01:00:00,-28.9195679714113,38.608166232527,-3219.31158053897,4639.03300748491,1.28780067016609,1.01273902899641,3.00479572155512,-1.32420171993419,1.33997706438985,0.981760013653394,1.24624885785895,NA,-1.46262768273571,0.749217120155951,0.188065756949436
"1551","244387",2024-07-06 07:00:00,-29.0897615286476,38.5901619875536,-3238.25744066681,4636.47903244632,1.47271056631909,1.55754207304977,-3.15764286632592,-0.425662186653906,0.305183294775704,0.291404368766428,3.18605886641003,NA,-1.4884890454274,0.757040473026923,0.184148621746292
"1552","244387",2024-07-06 13:00:00,-28.9368571570172,38.5868863392629,-3221.23620387685,4636.01443790728,2.22613858820386,1.1621540640399,4.41268239831219,-0.0498277205441605,0.994382939022944,0.790152997623627,2.83781268911668,NA,-1.49677324062642,0.760810881396773,0.182907276770417
"1553","244387",2024-07-06 19:00:00,-28.9240242305493,38.5940393379481,-3219.80764903705,4637.02899573029,2.45410575083844,1.6647137458616,-0.0495211011191424,0.185687687294472,0.546717292014702,0.354395543973857,0.292102202345967,NA,-1.45529120678514,0.751488175592232,0.189188579564346
"1554","244387",2024-07-07 01:00:00,-29.0080652480351,38.6207384529889,-3229.16305230932,4640.81681097729,2.18580237551915,1.2130154115535,-1.13586224985113,0.161638995600963,1.4788570287636,0.94673309412692,1.68221176394418,NA,-1.40966449339145,0.743748624027024,0.196286979958732
"1555","244387",2024-07-07 07:00:00,-29.0485937581776,38.6012551888958,-3233.67466542099,4638.05257158357,4.19994000698609,1.38164970979951,-0.751935314046333,-0.460706239186011,0.713561419918875,0.287220690504308,0.881623038918416,NA,-1.36313518150741,0.734441891733506,0.2037312256072
"1556","244387",2024-07-07 13:00:00,-28.941724356912,38.5827766084779,-3221.77801809072,4635.4315732896,1.0946141422814,0.440903070225606,2.41448286840955,-0.55359993059654,1.13995123427745,0.488857976529429,2.03000306725536,NA,-1.31636642923006,0.725803427879125,0.21142346018571
"1557","244387",2024-07-07 19:00:00,-28.8876045411998,38.5636217847592,-3215.75342776382,4632.71537436614,1.23749648418344,0.273857350048882,0.579792637688888,-0.419286038393225,0.596320622025898,0.414165843085435,1.10145508727411,NA,-1.26287458763018,0.715207897384255,0.22047944489698
"1558","244387",2024-07-08 01:00:00,-28.8502002502838,38.5379358567769,-3211.58960114557,4629.0741948921,3.46491396061236,0.694515753928613,-0.36220845035018,1.30453987565059,1.55754087012319,0.42775799232633,0.921675774864574,NA,-1.21696101234247,0.707657651169983,0.228471698081477
"1559","244387",2024-07-08 07:00:00,-28.8670442975236,38.5500411305221,-3213.4646719072,4630.79004792448,2.53070855593543,0.557558350413664,-0.312280201675948,0.281254881137607,0.586506237767576,0.131389690310918,0.423501714546002,NA,-1.17600778524566,0.699997964307108,0.235770766171024
"1560","244387",2024-07-08 13:00:00,-28.8575027748151,38.5223605130136,-3212.4025144579,4626.86690756877,1.41876963727595,1.02081765662388,0.606967661197877,-1.34088838169416,0.792719821023156,0.507924359980468,0.677432145473566,NA,-1.13038775458561,0.690855669482594,0.24408954926898
"1561","244387",2024-07-08 19:00:00,-28.8251411449297,38.5319987058942,-3208.80003429781,4628.23274426136,1.37931746647334,1.58519139605714,0.67832501110556,0.577948638963308,0.500106840109959,0.453304877636996,0.642084000889377,NA,-1.08201437158577,0.680121614239584,0.253125004853609
"1562","244387",2024-07-09 01:00:00,-28.9742996535816,38.6064449457387,-3225.40428352843,4638.78880805862,1.39996441893699,1.28604709392372,-1.36686818637826,-0.267509953944785,0.846852958754058,0.894806251925375,3.27922395558881,NA,-1.03128454743868,0.668575037845282,0.262835143652428
"1563","244387",2024-07-09 07:00:00,-29.033987552588,38.6439614592173,-3232.04871005234,4644.11262533482,1.61351565487377,1.27358725054243,-0.876974059607411,0.916797655332716,0.371203714248971,0.4287440129382,1.41910967607788,NA,-0.974563472883449,0.65624860663715,0.273971840334975
"1564","244387",2024-07-09 13:00:00,-29.0245543403577,38.6345524874592,-3230.99860967032,4642.77717219916,0.288163839717786,0.427242773172016,2.65657745559477,-0.572925388097181,0.66426940347032,0.49979206728561,0.283142474090237,NA,-0.932309409667247,0.652929688432225,0.282456420323944
"1565","244387",2024-07-09 19:00:00,-28.9590290504842,38.5864195404084,-3223.70436776751,4635.94823223396,2.41076715385,0.92813782050117,0.72154783536355,-1.16761766257327,0.487920168075379,0.189426749795422,1.66556943236233,NA,-0.881555815190062,0.650708891783182,0.292855479548025
"1566","244387",2024-07-10 01:00:00,-28.9931384163635,38.6443298288766,-3227.50140500848,4644.16491311519,10.0748858768938,7.31400302740126,-0.587536181235879,1.55392122128717,2.65649864278598,1.89425256439654,1.50904014743152,NA,-0.835080639674309,0.646482213035186,0.302571868577136
"1567","244387",2024-07-10 07:00:00,-28.9812764697638,38.6896546319207,-3226.18093915319,4650.60055630622,25.4956383084909,18.4378556531882,0.220077636782256,1.07260719685167,3.13522007745521,2.31392988147337,1.09482285775376,NA,-0.755909156347405,0.652026108595098,0.31953509081448
"1568","244387",2024-07-10 13:00:00,-28.9369938999338,38.7170115271183,-3221.25142602869,4654.48693568847,38.0163102336875,27.0974363698382,0.821585514982931,0.647729895387137,3.07464758955224,2.24886582441937,1.04578966967837,NA,-0.6863057718427,0.661887412231815,0.334855375930946
"1569","244387",2024-07-10 19:00:00,-28.8713995938265,38.7288040655444,-3213.94950127389,4656.16267159976,46.0046839695918,31.872305244601,1.21698745336615,0.279289316893574,2.84639368269816,2.06112546193653,1.24831724824454,NA,-0.621971536130222,0.673388585789483,0.349333189216753
"1570","244387",2024-07-11 01:00:00,-28.7956024383952,38.7274228487385,-3205.5118005277,4655.96638437791,48.6947784386845,32.1597406705736,1.4062834519319,-0.0327145386290191,2.67596149092887,1.96297869811651,1.4065703141867,NA,-0.563468762361691,0.684042828442771,0.362745235554585
"1571","244387",2024-07-11 07:00:00,-28.720711320593,38.7152503530623,-3197.17495942902,4654.23669436075,45.9823557336005,27.9815527822505,1.3894735106802,-0.288281671180642,2.68846018895623,2.04324632828838,1.41918081932284,NA,-0.512829737420871,0.691662373226074,0.374530403659869
"1572","244387",2024-07-11 13:00:00,-28.6578351273731,38.6946649579179,-3190.17561361676,4651.31222188611,38.3757001227035,19.9552596581571,1.16655762961103,-0.487412080761294,2.84838163660279,2.21158086117444,1.26458963645587,NA,-0.471095737368379,0.694979521677803,0.384356930079949
"1573","244387",2024-07-11 19:00:00,-28.6180827456885,38.668044174047,-3185.75039872981,4647.53158729181,26.9176046073126,9.10255153002124,0.737535808724404,-0.630105767370976,2.97314307038236,2.24854492929306,0.970458408802964,NA,-0.437325959658334,0.694067230608018,0.392378323665983
"1574","244387",2024-07-12 01:00:00,-28.6055383846927,38.6388238546572,-3184.35396685143,4643.38340258734,17.2009633882233,5.61296028551439,0.0543325763429216,-0.703198520025963,2.82532006098377,1.79626410582761,0.729757018539698,NA,-0.409021778181982,0.689884166098411,0.39914670357118
"1575","244387",2024-07-12 07:00:00,-28.6671410144958,38.6239100408682,-3191.21154023264,4641.26686000077,7.01078910310239,4.77361356232595,-1.14292891161819,-0.352757064140445,2.21832364153999,0.802575343154946,1.19555940707489,NA,-0.38437519096017,0.682863099065271,0.405072089111897
"1576","244387",2024-07-12 13:00:00,-28.834178721935,38.6589920121189,-3209.80609276805,4646.24633887386,2.90108641504005,0.836446395061338,-2.64973608325729,0.428048644761409,1.27298895793318,0.924485305334222,3.20823496814424,NA,-0.358314637156174,0.675316711669937,0.411367605896562
"1577","244387",2024-07-12 19:00:00,-28.8652447763641,38.6436387610515,-3213.26435012805,4644.06682056136,3.49613814510964,2.46012309397838,-0.252854462119369,-0.222336632333921,0.891986720138061,0.623437366041437,0.681141405396841,NA,-0.349716296068038,0.658168233423673,0.41345122023732
"1578","244387",2024-07-13 01:00:00,-28.8896153145372,38.6550687087023,-3215.97726602784,4645.68934938977,8.23464496569713,6.57696366395714,-0.506949089695147,0.365068198293749,1.57346451258133,1.27005433415391,0.526889962161912,NA,-0.316208293334036,0.663600336863115,0.42160009273341
"1579","244387",2024-07-13 07:00:00,-28.9063780630449,38.6696120855257,-3217.84328665601,4647.75421989929,3.61573880856251,3.40935673800685,-0.311003432785705,0.344145057804654,1.25367760122123,0.944146818471025,0.463862573850112,NA,-0.281352969914948,0.667802245620439,0.430122108719344
"1580","244387",2024-07-13 13:00:00,-28.9045185696779,38.6706948449775,-3217.63628880126,4647.90796713707,6.1284511153417,2.93251627608238,-0.160551258426698,0.191609920622755,1.78746279903816,1.40442676701398,0.0430061310543498,NA,-0.247803998883823,0.669278872143206,0.43836408342858
"1581","244387",2024-07-13 19:00:00,-28.9412886687139,38.6937607642534,-3221.72951750237,4651.18378670484,3.23769387904204,3.04000546115062,-0.682204779679786,0.545969895590117,0.921737880876408,0.599699272009261,0.873816025978596,NA,-0.21321343600639,0.669172796534927,0.446897657980538
"1582","244387",2024-07-14 01:00:00,-28.9682900469997,38.698747592783,-3224.73529718387,4651.89215558625,2.00416681798997,1.9851938589811,-0.44189649518466,-0.0982732323855403,1.39326149308825,1.11089822592864,0.514679927970893,NA,-0.17864249066826,0.666574689307833,0.455457771238503
"1583","244387",2024-07-14 07:00:00,-28.990591175084,38.6832459765925,-3227.21784740632,4649.69034557684,8.84006360987802,7.32499450211426,-0.412997078690762,-0.37401990026096,1.50200638129992,1.18849109122721,0.552800785583836,NA,-0.144003449141323,0.66280614351907,0.464061221445051
"1584","244387",2024-07-14 13:00:00,-28.9872102981637,38.7059716556083,-3226.84148990912,4652.91840738625,4.11984355590582,3.99289594827119,0.0627262938917014,0.53801038101587,1.39029026088383,1.11671340101554,0.541747059654953,NA,-0.109318516257526,0.656846793090933,0.472697555430028
"1585","244387",2024-07-14 19:00:00,-28.9341051620976,38.8177115826568,-3220.92985320373,4668.80554068761,2.16101278302632,1.00787127162708,1.00704866828116,2.69765878789569,0.657402555843852,0.643699340212351,2.82495045788819,NA,-0.0699037996610693,0.651615526079676,0.482531163021437
"1586","244387",2024-07-15 01:00:00,-28.8776271262392,38.8925496020906,-3214.64274701097,4679.46003152978,5.16497178781988,0.917584274080157,0.838327517371434,1.58207626336002,1.52944960808815,0.371657653150284,2.06179962619499,NA,-0.050191305910652,0.63279778281537,0.487454807031644
"1587","244387",2024-07-15 07:00:00,-28.8303754289109,38.9114320691453,-3209.38271212527,4682.15006572124,3.47776665146804,2.3697109073571,0.876724045477442,0.446817017115187,0.812280518340737,0.424096983714593,0.984941947368789,NA,-0.0539275271164273,0.615339796057453,0.486521384580517
"1588","244387",2024-07-15 13:00:00,-28.805328297573,39.0040426460382,-3206.5944782189,4695.35401513257,2.48021002018344,1.86107797920795,0.766903115083563,2.11939539870559,1.54223572888369,1.20373679823016,2.24896567076704,NA,-0.049603958866861,0.607798571972562,0.487601552431875
"1589","244387",2024-07-15 19:00:00,-28.7149122845887,39.0186651728588,-3196.52941369393,4697.44041319043,3.46059201082488,2.36291347231272,1.67465220222793,0.343884334979223,0.647247660405933,0.460706835067529,1.71304631699943,NA,-0.0587711856627347,0.592543203689759,0.48531143126462
"1590","244387",2024-07-16 01:00:00,-28.6971453922016,39.0192728658338,-3194.55161228042,4697.52713056138,2.20517572291693,0.951431978906369,-0.519658715357609,0.984068326243112,1.4890675285643,0.995719405079172,0.330188038739593,NA,-0.0495429299139584,0.592869728480465,0.487616800300171
"1591","244387",2024-07-16 07:00:00,-28.6446846845598,39.0490023760001,-3188.71171301908,4701.77042922687,3.35852163434705,2.68880155867972,0.980278711563703,0.703467301746054,0.636695638546896,0.474424713444524,1.20316466292082,NA,-0.0331916102414847,0.595795031824886,0.491702859160554
"1592","244387",2024-07-16 13:00:00,-28.4609882430397,39.022452581031,-3168.26271868853,4697.98088599177,1.31130551508512,0.258835381363047,3.00903447092889,-0.546534605530437,1.30162718655764,0.273590768966013,3.46621040098989,NA,-0.0190548126676683,0.594165908565793,0.495236440963965
"1593","244387",2024-07-16 19:00:00,-28.4230500365338,39.0482605375138,-3164.03945685868,4701.66452458075,0.197234552565383,0.200138933946352,0.698007801484879,0.616894981135947,0.222726285460294,0.0548929446890572,0.934000537176959,NA,-0.0165858912951476,0.586281644478754,0.495853622228651
"1594","244387",2024-07-17 01:00:00,-28.2957845320128,39.0487587287185,-3149.87232569985,4701.73564608828,6.20659669072472,3.01570557418253,2.12761485967677,-0.0154239501302835,1.76237803813651,1.33824692350994,2.36098591385572,NA,0.0205324700216716,0.602126740671001,0.505132937177052
"1595","244387",2024-07-17 07:00:00,-28.2115623695054,38.9920665079967,-3140.49675745602,4693.64553777357,4.53059361450578,4.29990048626118,1.56259465866826,-1.34835149804301,0.99617471617207,0.71083075137714,2.0640872575544,NA,0.0494735557441029,0.613400433614798,0.512365866780569
"1596","244387",2024-07-17 13:00:00,-28.157621081299,38.8342983813212,-3134.49204072015,4671.16598474825,1.58653402900027,1.54028926684599,0.577552347635832,-4.67275085446643,0.903693028762216,1.01564558753666,3.87768657760812,NA,0.0722251671452938,0.625376601401836,0.518048446696126
"1597","244387",2024-07-17 19:00:00,-28.1997900971514,38.7829979844343,-3139.18627409209,4663.8672902161,0.267709997397885,0.141745477740026,-0.78237231165994,-1.21644916451378,0.262801710052349,0.253534809425603,1.44644995073326,NA,0.0315222796300756,0.614733769568481,0.507879917425628
"1598","244387",2024-07-18 01:00:00,-28.2305619514368,38.7555784079531,-3142.6117812419,4659.96837810181,0.672600217310674,0.72796051192036,-0.685348336121178,-0.647787949291088,0.711685049333732,0.685178770398583,0.864982652058798,NA,0.0390358347175676,0.654463146831917,0.509757719646026
"1599","244387",2024-07-18 07:00:00,-28.2796120649661,38.7276638642429,-3148.07201490334,4656.0006352522,15.6277002242016,12.9390451056355,-0.910038681537423,-0.661290278544698,3.1345627945296,2.53552261384102,1.12477662838893,NA,0.0449628873291443,0.695218551934603,0.511238828470758
"1600","244388",2024-07-04 20:00:00,-29.1397000000001,38.5967000000003,-3243.81656586876,4637.40640129593,9.99999999992098e-06,9.99999999797522e-06,-6.50293238585757e-12,-2.79825745460071e-12,9.99999999988132e-06,9.99999999961348e-06,0,NA,-0.139991855541972,0.924780717304151,0.465059081012409
"1601","244388",2024-07-05 02:00:00,-29.1154923273495,38.5548618258569,-3241.12178007601,4631.4734348868,4.53790023759096,3.83800296652326,1.07293474991784,-1.42653741676625,2.04505475907365,1.6190777938577,1.08611890938185,NA,-0.139991855541972,0.898310300594706,0.465059081012409
"1602","244388",2024-07-05 08:00:00,-28.984740354993,38.4862949397848,-3226.56653709306,4621.75765907745,14.5814159593079,11.096929431687,2.42587379382617,-1.61929594445003,2.17254694203513,1.62032152694664,2.91728976615225,NA,-0.139991855541972,0.871035830038879,0.465059081012409
"1603","244388",2024-07-05 14:00:00,-28.8820336467362,38.4424907025182,-3215.13327862887,4615.55557438462,19.6107544164888,13.7122032198376,1.54604039359714,-0.791748965939395,2.30746874186951,1.66648966222193,2.16830858464022,NA,-0.156097922151721,0.837031551957646,0.461054567886929
"1604","244388",2024-07-05 20:00:00,-28.8670678733642,38.4593252170193,-3213.46729635777,4617.93866357188,22.9530825562186,15.1551515860788,0.0122334936554452,0.661443672524852,2.45904057126986,1.76743098647979,0.48463000225413,NA,-0.185883490743973,0.806235242720357,0.453662474319048
"1605","244388",2024-07-06 02:00:00,-28.9174974322664,38.5143122626849,-3219.08108917569,4625.72652429778,24.0131418176863,14.297957513343,-1.14196593092333,1.36248582808523,2.48334040996835,1.75905985386856,1.60048608804149,NA,-0.201508207941463,0.786800764372098,0.449792724353283
"1606","244388",2024-07-06 08:00:00,-29.0270571199982,38.5746633419313,-3231.27721782546,4634.28100392941,18.7363809418126,7.03475827610964,-2.03268810430773,1.42574657680272,2.31239300250701,1.71296140319332,2.48338690690326,NA,-0.220138897308023,0.764781747038636,0.445186457624993
"1607","244388",2024-07-06 14:00:00,-29.157775847059,38.6069403909591,-3245.82875995902,4638.85909640189,13.7629438981237,4.33615148207523,-2.5079860641267,0.459691268914491,2.36581811863972,1.28800046994405,2.54277235911034,NA,-0.256742986518976,0.73622751811252,0.436164522133186
"1608","244388",2024-07-06 20:00:00,-29.2647763705356,38.5765541072918,-3257.74000374704,4634.54912795544,8.90821973973194,5.67506477219943,-1.68082612472217,-0.956167135893828,2.10087048347553,1.151796136569,2.1109657720566,NA,-0.309995767660944,0.705814370510878,0.423115771934244
"1609","244388",2024-07-07 02:00:00,-29.2842686203862,38.5116155315522,-3259.90987107484,4625.34444427319,9.94909183306591,6.28928244368095,0.0763390348826304,-1.71711279184914,2.30308782208725,1.69726292758255,1.5762115700506,NA,-0.366361709799576,0.679535419691234,0.409420452412827
"1610","244388",2024-07-07 08:00:00,-29.2275715947043,38.4429409063821,-3253.59838704643,4615.61929782423,10.1188597046693,7.36401205155881,1.05191400020627,-1.62085767852626,1.50004205766654,1.11240867738779,1.93233175693269,NA,-0.427179655265985,0.655461105061614,0.394800004560965
"1611","244388",2024-07-07 14:00:00,-29.1554700905527,38.4421720144078,-3245.57208431885,4615.51046638994,5.4817888641032,5.50786554171394,1.35441838877357,0.693065878779727,2.10606807287213,1.60914041090807,1.33757073574122,NA,-0.500890614057217,0.631650948202902,0.377331394026738
"1612","244388",2024-07-07 20:00:00,-29.1055311466192,38.534681733695,-3240.01290650942,4628.61299128562,8.81780589112018,8.48311462291442,0.926529603095606,2.18375406864971,1.51990273378853,1.33934111685607,2.37163438656764,NA,-0.570009268130054,0.616033929863064,0.361234686281267
"1613","244388",2024-07-08 02:00:00,-29.134652704223,38.5928660524635,-3243.25470347297,4636.86257378641,9.93183479294725,7.42942654068834,-0.790327692213656,1.22952612744815,1.69355905353828,1.37035188424534,1.47730946483633,NA,-0.641373356347656,0.603339885652257,0.344936156329706
"1614","244388",2024-07-08 08:00:00,-29.1489314081903,38.5926052212758,-3244.8442015278,4636.82557716732,2.89630175882664,0.969577826933194,0.0297637751926205,-0.0970079802367824,1.61998907259417,1.29738795741806,0.264869854756791,NA,-0.721526046830796,0.599136912467563,0.327057025574545
"1615","244388",2024-07-08 14:00:00,-28.9387500925806,38.5698846727037,-3221.44692449987,4633.60338623113,3.13770465006181,1.38736298934719,3.63214849766214,-0.469967123910326,1.82163216025502,1.23231128413386,3.93641973752037,NA,-0.796380372766005,0.601710303602891,0.310800324174232
"1616","244388",2024-07-08 20:00:00,-29.0551561769157,38.5924696331356,-3234.4051905333,4636.80634523092,4.51350009527696,3.4382113947954,-2.15971087332988,0.533826454555293,0.80501997363512,0.580924871517449,2.2247446781172,NA,-0.866949837687047,0.607307861603335,0.295889373447857
"1617","244388",2024-07-09 02:00:00,-29.1206412549111,38.5821516380614,-3241.6949560703,4635.3429394945,1.61910119703136,0.800413723353752,-0.227233249322293,-0.746465395966677,1.15062570217091,0.796996890445059,1.23925378454095,NA,-0.883046544063145,0.616533657888033,0.292546858153172
"1618","244388",2024-07-09 08:00:00,-29.1501413094416,38.5496068724572,-3244.97888711901,4630.72848930169,2.4199409135387,1.98279135148668,-0.359986322486117,-0.709953194974183,1.06892294573984,0.799918683430271,0.943940619298604,NA,-0.902357636087831,0.62598868224388,0.288566243498523
"1619","244388",2024-07-09 14:00:00,-29.1026576618884,38.5546731162878,-3239.69303165238,4631.44668234618,1.14412682622564,1.06552494740079,-0.867560495038281,0.483768268000227,1.06982041428046,0.882496474082582,0.889034549423699,NA,-0.92399942315953,0.633953078127687,0.284143685604038
"1620","244388",2024-07-09 20:00:00,-29.1256746376575,38.5885458021393,-3242.25526967459,4636.24980158911,0.311639159808943,0.29208330718621,-2.926265325415,0.594909087725442,0.730011513457403,0.74232344192015,0.907235824906665,NA,-0.941329539919627,0.63985881200229,0.280631859964351
"1621","244388",2024-07-10 02:00:00,-29.185085734434,38.6485448940567,-3248.86888271523,4644.76323467461,1.42097787793972,0.934920697019746,-0.0514770967939185,1.2608596915637,1.62207305868181,1.06364595529852,1.79677231770215,NA,-0.957109429518998,0.643555515116668,0.277457308338634
"1622","244388",2024-07-10 08:00:00,-29.0844963551482,38.6094456561115,-3237.67132423392,4639.21452348449,0.491770225863524,0.452859152647603,1.86625962170428,-0.924785043124179,0.238277053725359,0.165211330555516,2.08284836897173,NA,-0.982145307345208,0.646743389296969,0.272466315247892
"1623","244388",2024-07-10 14:00:00,-29.0976811267352,38.6392335693301,-3239.13904629321,4643.44155484887,3.05888824092429,1.03660776837687,-0.594018863706733,1.0633287343343,0.736880737112202,0.384526925039973,0.745836410395879,NA,-0.983466177101506,0.647269600598912,0.272204560026623
"1624","244388",2024-07-10 20:00:00,-29.1392934021151,38.6243982223294,-3243.77130359925,4641.3361348405,1.06249077104643,0.5263175904572,-0.794697148119953,-0.59895403563708,0.606171676328436,0.131350294340409,0.847923132959491,NA,-0.97250472075347,0.646380937585943,0.274381539841105
"1625","244388",2024-07-11 02:00:00,-29.1488252923676,38.6622170975835,-3244.83238876846,4646.70422573032,0.475679158280646,0.421114978557506,-0.126642565364431,0.845041360170717,0.668205744492356,0.29434538764447,0.91199930440479,NA,-0.959161238018711,0.643458059403562,0.277046160422352
"1626","244388",2024-07-11 08:00:00,-29.0866101896069,38.6981670469708,-3237.90663520948,4651.80968766981,8.58453222230108,0.468983879883569,1.18336600397843,0.825900044270505,1.47214229885297,0.258208547669231,1.43357841829133,NA,-0.942935250816132,0.638439332400008,0.280307817082618
"1627","244388",2024-07-11 14:00:00,-29.0361232029744,38.6240688410747,-3232.28644956586,4641.28939431282,10.7842081751971,5.10837818898593,0.617570853189774,-2.48821958276041,2.00421138405726,1.26670887238262,1.98866959889635,NA,-0.930194249334116,0.632235598738972,0.282885307190179
"1628","244388",2024-07-11 20:00:00,-28.9638056002931,38.6483855063638,-3224.23609085999,4644.7406092086,4.94395894237581,1.4605491372391,1.37686372872177,0.723292990401635,1.52627938704598,0.871684364320522,1.45986315217238,NA,-0.906501262418492,0.624497806172388,0.287716320390233
"1629","244388",2024-07-12 02:00:00,-28.8858601795282,38.7797175304881,-3215.55924631078,4663.40074823386,11.033182963528,7.1257834139342,0.84767222149254,2.55410133167121,2.61005532185142,1.82546593630874,3.42923564241425,NA,-0.8713117836031,0.618291669848279,0.294981420450533
"1630","244388",2024-07-12 08:00:00,-28.9549303196625,38.7797941472746,-3223.24809913954,4663.41164432889,18.484588649327,13.2729670983156,-1.28147544056501,0.00181606058327012,2.19203676194194,1.667715301008,1.28163670159285,NA,-0.855692571803982,0.611796969410757,0.298240075749033
"1631","244388",2024-07-12 14:00:00,-29.0705963571567,38.719437498569,-3236.12398353548,4654.83164678776,17.1187081718005,12.8469667520523,-2.14598070175931,-1.4299995454436,1.94858942752667,1.47540683304434,2.57833258484172,NA,-0.80626088377078,0.615577001857274,0.308687850528221
"1632","244388",2024-07-12 20:00:00,-29.1646954361524,38.6458702807076,-3246.59904509339,4644.38357360083,6.77885058245381,5.94199091477282,-1.74584356209035,-1.74134548640939,2.15860345223555,1.54998526881314,2.46541162102921,NA,-0.76594414296139,0.619569773378799,0.317357121922824
"1633","244388",2024-07-13 02:00:00,-29.1961275796794,38.5982706992724,-3250.09805530536,4637.62920609065,7.35549345720972,1.77429701313036,0.117686755913433,-0.687289270523118,2.27530769184743,1.40465844470162,1.26779495231747,NA,-0.750913378712242,0.624375976338236,0.320622312755626
"1634","244388",2024-07-13 08:00:00,-29.1897335064972,38.6124701574494,-3249.38627033463,4639.64363233622,15.5002256621854,9.55843726458927,0.118398809966337,0.36979212153093,2.20356777513904,1.61952019835776,0.356002494612714,NA,-0.744617494674401,0.631133188520912,0.321995251147973
"1635","244388",2024-07-13 14:00:00,-29.1779348352387,38.6388457357168,-3248.07284825809,4643.38650823553,15.4686780066806,9.97571080004436,0.218903678675748,0.623812620632584,1.83878873120231,1.30652160501122,0.6610984747059,NA,-0.730747387632375,0.638125712227943,0.325030739778448
"1636","244388",2024-07-13 20:00:00,-29.154713936853,38.64084550826,-3245.48790967403,4643.67034633062,5.45605510060207,3.00201684386227,0.430823096596432,0.0473063199306181,1.94136585772169,1.3516248298043,0.43349743083139,NA,-0.718475724247403,0.642849709700866,0.327728727114474
"1637","244388",2024-07-14 02:00:00,-29.1391932885161,38.6428823865906,-3243.76015900439,4643.95945925125,5.25688922938662,1.11581005614745,0.119287026544712,0.362286441529735,1.89892146321381,0.844863645774458,0.291757472630356,NA,-0.705675203637687,0.64596555559977,0.330555165366688
"1638","244388",2024-07-14 08:00:00,-29.0821539599717,38.5746453983917,-3237.41056999563,4634.27845944148,0.695307799011669,1.12983598184596,1.04197127102252,-1.58313107719537,0.995590676292206,0.44161497926022,1.92970361130902,NA,-0.693153097594344,0.647008285778887,0.333332018438097
"1639","244388",2024-07-14 14:00:00,-29.0807502754843,38.5841369875634,-3237.25431255326,4635.62450600812,1.87348807872529,2.11734644565504,0.0260428692975757,0.22434099195683,0.32632581807173,0.383091510777922,0.225772098601463,NA,-0.681112021504553,0.645893725952802,0.336013156125834
"1640","244388",2024-07-14 20:00:00,-29.1931232208285,38.5458702709116,-3249.76361160791,4630.19881964686,3.26159355637007,1.28351340658909,-2.50809031055301,-1.14738734556868,0.692509663933238,0.44183954077615,2.27231192796004,NA,-0.656599443472798,0.648475783975222,0.34150391259123
"1641","244388",2024-07-15 02:00:00,-29.1658832064217,38.6116294839827,-3246.73126707495,4639.52435781095,3.59720092035861,5.28712056991309,1.10664736839367,1.34418241377696,1.97617252157946,1.75901233854485,1.63417923157141,NA,-0.62988073656624,0.649741117834293,0.347537580920553
"1642","244388",2024-07-15 08:00:00,-29.1329398297588,38.6589862501588,-3243.06402715983,4646.24552082863,22.9147252343636,19.676085383908,0.611206654176843,1.12019383696996,3.56851588949733,2.81222792082537,1.2759683972513,NA,-0.576793296801893,0.6589659036388,0.359670789327546
"1643","244388",2024-07-15 14:00:00,-29.1225816435881,38.6973295306208,-3241.91095914977,4651.69071766498,43.1271742626223,34.9763309392407,0.192178003333214,0.907532806748453,4.14500697046428,3.19573165545181,0.927532434941544,NA,-0.532651071291678,0.670038585757436,0.369898780282204
"1644","244388",2024-07-15 20:00:00,-29.1306901204445,38.7271521377648,-3242.81359066453,4655.92791359951,62.3900854303288,49.3617419271689,-0.150438584137216,0.70619932311243,4.31442872493914,3.29030090421906,0.721974332578734,NA,-0.493533274975594,0.681409888666122,0.379061572304454
"1645","244388",2024-07-16 02:00:00,-29.1531467328628,38.7489429096613,-3245.31344932387,4659.02507391175,79.2754161815139,61.7485995669418,-0.416643108234448,0.516193386061894,4.26531179197568,3.23067201951142,0.663385306112403,NA,-0.457293857918311,0.692417684414871,0.38762799198628
"1646","244388",2024-07-16 08:00:00,-29.1858329533778,38.7631872637889,-3248.95206274756,4661.05016388119,92.7969053923098,71.4074477916496,-0.60643556895848,0.337514995596846,4.10682681934762,3.09893725013934,0.694134717604714,NA,-0.422910752113683,0.702699776339834,0.395820442948767
"1647","244388",2024-07-16 14:00:00,-29.2246302545244,38.7703677199597,-3253.27095855536,4662.07114878736,102.285256657412,77.8553778812123,-0.719815966309315,0.170164151717286,3.92085864705102,2.95813541709204,0.739795253924823,NA,-0.39001915720606,0.712032384894971,0.403712689004366
"1648","244388",2024-07-16 20:00:00,-29.2654201088375,38.7709643920584,-3257.81166436702,4662.15599390976,107.322465463744,80.806166449614,-0.75678430028695,0.0141408544232127,3.77410277164615,2.85891983593423,0.757058388647111,NA,-0.358560289004291,0.720269068376602,0.411308123997453
"1649","244388",2024-07-17 02:00:00,-29.3040839888518,38.76545544828,-3262.1157078023,4661.3726645279,107.70800110373,80.1463982824536,-0.717340570891387,-0.130554896285373,3.71457499266813,2.83468758300432,0.729241742307092,NA,-0.328542960242815,0.727320300914543,0.41859518555087
"1650","244388",2024-07-17 08:00:00,-29.3365033671022,38.7543175396064,-3265.72461648098,4659.78912592131,103.444443101532,75.9274130536183,-0.601484778122625,-0.263923100408471,3.76110342495697,2.89290085286252,0.656908491456224,NA,-0.299915215747667,0.733143131047176,0.425578209534327
"1651","244388",2024-07-17 14:00:00,-29.3585597161237,38.7380261963138,-3268.1799180228,4657.4733433695,94.7379025818374,68.3702347189801,-0.409216921980665,-0.385963757946081,3.89713992469538,3.01241620272407,0.562512754745868,NA,-0.272542534135978,0.737723316110459,0.432283013406701
"1652","244388",2024-07-17 20:00:00,-29.3661345084509,38.7170561923406,-3269.02314004753,4654.49328215197,82.0129864651918,57.8851770438414,-0.140537002465506,-0.496676868898204,4.07603452259988,3.14999898667735,0.516101269752645,NA,-0.246288518432739,0.741039756957303,0.438737231035579
"1653","244388",2024-07-18 02:00:00,-29.3551092166187,38.6918818773875,-3267.79581017493,4650.91690754824,65.9454683590689,45.1131937054628,0.204554980422852,-0.59606243326484,4.23152410772434,3.24820898825023,0.630122275724352,NA,-0.221193759455997,0.74300504072718,0.444925926535347
"1654","244388",2024-07-18 08:00:00,-29.3213653131621,38.6629774766514,-3264.03945602476,4646.81218483783,47.5161945514117,31.0044974521498,0.626059026684409,-0.684120451045987,4.28181918915294,3.23526857848732,0.92737311041442,NA,-0.197748513007795,0.743377222578206,0.450723345330075
"1655","244388",2024-07-18 14:00:00,-29.2607842706159,38.6308173581238,-3257.29560521679,4642.24707930024,28.0452928082537,16.9365254342503,1.12397513631916,-0.760850922241648,4.11823889282396,3.007781927724,1.35742203542249,NA,-0.177255051508127,0.741640380979118,0.455801899546969
"1656","244388",2024-07-18 20:00:00,-29.1692475615148,38.5958762674142,-3247.10578537076,4637.28955621499,7.88941813641826,3.42099003775487,1.69830330932712,-0.826253846851821,3.55458499797216,2.35264369811401,1.88889461636876,NA,-0.162277241298973,0.736864075164293,0.45951948487389
"1657","244388",2024-07-19 02:00:00,-29.0528332782093,38.5619001814617,-3234.14660663213,4632.47128273576,8.49832334130376,5.73724653144337,2.32666319870304,-0.779006101571282,2.21891180379765,1.38071357346914,2.30466031570141,NA,-0.157181353931511,0.727592696054497,0.460785364618829
"1658","244388",2024-07-19 08:00:00,-28.9759665825278,38.5723223647177,-3225.58984520991,4633.94904650612,3.86752498758681,1.3844931416139,1.42612685760245,0.246294005545883,1.16165605455703,0.894347324797604,1.44717088852163,NA,-0.166633181387195,0.712971958094444,0.458437830248558
"1659","244388",2024-07-19 14:00:00,-29.0237995459156,38.599352533043,-3230.91458633737,4637.78266782947,5.24316706221445,4.01416548900165,-1.95372152790556,0.187721257666044,1.83777090674213,1.36658112596769,1.09379635229774,NA,-0.175665944456028,0.701754278817247,0.45619609963762
"1660","244388",2024-07-19 20:00:00,-29.166884264744,38.5526903922686,-3246.84270437764,4631.16560440472,5.40051467974506,4.88223251208828,-2.28555537972655,-1.09049684670599,1.56874499159121,1.26727081829607,2.87448115713212,NA,-0.175593936406396,0.694715148125588,0.456213963538641
"1661","244388",2024-07-20 02:00:00,-29.1846645705498,38.5084443103973,-3248.82199896609,4624.89515570175,15.9043584200009,13.3779092570351,0.233319935526717,-1.00183331383717,2.91798824379262,2.30579820471129,1.09607725326941,NA,-0.176171178921992,0.686573203649185,0.456070763232287
"1662","244388",2024-07-20 08:00:00,-29.106895594501,38.4752366821368,-3240.16479615283,4620.1916016492,27.5856728255079,22.1742811873418,1.44286712319635,-0.783925675287952,2.98189249218324,2.30365668342159,1.64218993227341,NA,-0.171593012206756,0.686523646144911,0.457206696535994
"1663","244388",2024-07-20 14:00:00,-28.9960705053511,38.4540525575722,-3227.82780366155,4617.1922070748,34.4836413235144,27.2159578683383,2.05616540286494,-0.499899095597793,2.67986244544857,2.06440906038031,2.116105541515,NA,-0.167696441191831,0.68595915060354,0.45817386367714
"1664","244388",2024-07-20 20:00:00,-28.8843264735321,38.4477052589915,-3215.38851494026,4616.29368562538,34.6680964585104,27.0948071888478,2.07321477453248,-0.149753574766692,2.50289741213752,1.93826262182662,2.07861610977375,NA,-0.174433567724806,0.680697375679905,0.456501845624884
"1665","244388",2024-07-21 02:00:00,-28.8038006694756,38.4590009204778,-3206.42442343698,4617.8927509478,28.1211122253547,21.8180725105614,1.49401523819898,0.266510887205351,2.64779480231363,2.05873071649424,1.517574963385,NA,-0.191830006430258,0.671820443039956,0.452189023901954
"1666","244388",2024-07-21 08:00:00,-28.7866302636136,38.4907321289174,-3204.51302259971,4622.38611668889,16.0764825873253,12.3381881574344,0.318566793864438,0.748894290318336,2.87784666235329,2.2413440750875,0.81388141580392,NA,-0.214186255261823,0.66189724887865,0.446657208819869
"1667","244388",2024-07-21 14:00:00,-28.8544216582672,38.5430329117626,-3212.05952613271,4629.79663767309,4.97156994253666,4.1898073512702,-1.52196969172745,1.30503030993651,2.67655551158269,2.10716031611991,1.76291756821795,NA,-0.235742759789941,0.652102717602717,0.441335745846549
"1668","244388",2024-07-21 20:00:00,-29.0399566688492,38.6131384582415,-3232.71318903503,4639.73845167816,4.84039758428806,4.8198052990653,-3.48056156448185,1.6639756888453,0.964352661276571,0.87108372696206,3.82046434707401,NA,-0.261871900174255,0.639102196218654,0.434903609474888
"1669","244388",2024-07-22 02:00:00,-29.1317830480322,38.6296129457974,-3242.93525480706,4642.07615396139,7.06354294630779,5.59013063430404,-0.86484338323358,-0.148095540036717,2.05371690617536,1.5016327133869,1.74745335932883,NA,-0.318633625817978,0.615498459483412,0.421008779754349
"1670","244388",2024-07-22 08:00:00,-29.096445460002,38.5975177325485,-3239.00149250168,4637.52239661873,8.75086478659525,2.26334867948058,0.6556270533137,-0.758959479670551,1.32770062939649,0.816985866603558,1.00317150333157,NA,-0.374510358971385,0.605122957846338,0.407451611068491
"1671","244388",2024-07-22 14:00:00,-29.0131170765446,38.6267461748693,-3229.72541928658,4641.66932504068,5.31445871145789,4.3650049325355,1.82350474918559,1.13377039074398,1.99154990918657,1.17805759101906,1.69326980169521,NA,-0.416353555331521,0.601210639786454,0.397389640732232
"1672","244388",2024-07-22 20:00:00,-28.9061977625406,38.6958167654439,-3217.82321569569,4651.47583147289,2.95140854039255,1.6508005933939,1.39056418831855,1.49417397834428,1.41340125333844,0.965001455200947,2.57010420755538,NA,-0.454866809964451,0.597987927257688,0.388204263388841
"1673","244388",2024-07-23 02:00:00,-28.9335020647567,38.715987338799,-3220.86271671484,4654.34141027825,10.2847821233143,5.77802824142764,-1.10852452666633,-0.0996727276531948,2.24893838863205,1.51427972001923,0.696253214757165,NA,-0.51199609869223,0.591948832000184,0.374725710101659
"1674","244388",2024-07-23 08:00:00,-29.0244789561139,38.6593227686318,-3230.99021793469,4646.29329762157,13.4352341250297,4.30709947935526,-1.63263084571402,-1.37779423668673,1.8630153756862,1.06162650254327,2.15552350220066,NA,-0.555978525690736,0.594179869655909,0.364478460899485
"1675","244388",2024-07-23 14:00:00,-29.1101913055922,38.6388052825544,-3240.5316730333,4643.38076659065,14.4347519157572,7.91002753626093,-1.59558789059273,-0.361440746745084,1.9766602086504,1.39485202600053,1.66269452185404,NA,-0.596670488980283,0.596191318582663,0.355105802315321
"1676","244388",2024-07-23 20:00:00,-29.1385621140349,38.6439442245425,-3243.68989698253,4644.11017898665,7.26985658585069,4.35106401384965,-0.52637063420894,0.121568709640104,1.80992018311546,1.09708106125012,0.540613261110084,NA,-0.644787494869469,0.600487244888406,0.344165122903535
"1677","244388",2024-07-24 02:00:00,-29.0905244900481,38.6321923763837,-3238.34237314141,4642.4422198841,1.09589828212246,1.98780616175277,1.34312399080578,-0.461298953019501,1.60107279257443,1.08658936316343,0.933406158064141,NA,-0.691503416140599,0.606103315798271,0.333698714333188
"1678","244388",2024-07-24 08:00:00,-29.0524121053047,38.5643871446383,-3234.09972187886,4632.82389018968,1.30481778533417,1.02888329943814,-0.0775958734577491,-1.0861298825256,1.20586487642152,0.896957899194973,1.75208141741352,NA,-0.735493424054277,0.611184949713538,0.32399039284844
"1679","244388",2024-07-24 14:00:00,-29.1363478252071,38.623423286961,-3243.44340347776,4641.19778820987,5.55375342302667,2.52912803169459,-1.0232527607429,1.23511938613758,1.74941674661155,1.31483201932018,2.09133013181803,NA,-0.784708756013728,0.616366473297633,0.313305929730634
"1680","244388",2024-07-24 20:00:00,-29.0648340674272,38.6334597297175,-3235.48252837699,4642.62208416067,4.12218539988396,2.89386347213707,1.32681245789051,0.237382661368016,1.03885838780814,0.584792609647819,1.34799821515683,NA,-0.802690909250414,0.621014088242623,0.309450201742892
"1681","244388",2024-07-25 02:00:00,-29.0211372517546,38.6213280774811,-3230.61822110703,4640.90047730506,10.330695534374,2.35709274337328,0.737462155886337,-0.344027151207787,1.82660462214367,1.07084047541188,0.859964499828946,NA,-0.806872458664637,0.625428787788025,0.30855735592507
"1682","244388",2024-07-25 08:00:00,-29.0123046055242,38.596327716047,-3229.63497542631,4637.35359327632,4.50508007317087,2.92513726749444,0.163874280832884,-0.591147294225708,1.3805967647688,0.541492509830162,0.61337582360556,NA,-0.812496639884797,0.628345249467729,0.307358732197515
"1683","244388",2024-07-25 14:00:00,-29.0757497134293,38.6098541746742,-3236.69765253162,4639.2724820336,3.41151715703885,3.11041416054398,-3.05501192146173,1.05242404998945,1.45142739802154,1.19563806368702,1.21982560327222,NA,-0.819062638201001,0.629181477983973,0.305962672004162
"1684","244388",2024-07-25 20:00:00,-29.1713283631667,38.6202466577409,-3247.3374191511,4640.74702691948,2.71710762184789,1.91748174753847,-1.45236823746139,0.0739218922031571,0.833733942500855,0.700448528134573,1.79016238277443,NA,-0.822311180830926,0.627607290768771,0.305273280707284
"1685","244388",2024-07-26 02:00:00,-29.022294147044,38.5953777648561,-3230.74700610154,4637.21884512271,3.50875788475485,2.25106922998144,3.46636005415415,-0.703917408922352,1.78447565086615,1.30931311089309,2.82690438600461,NA,-0.832697380827432,0.624817980334055,0.303075025450703
"1686","244388",2024-07-26 08:00:00,-29.010485160857,38.6024098805279,-3229.43243577242,4638.21637540467,1.13141650907283,1.25484232683137,0.219095011242782,0.166254979040466,0.578483265548366,0.399369417727331,0.275019069950723,NA,-0.818103355328769,0.619429310997227,0.306166413165239
"1687","244388",2024-07-26 14:00:00,-29.141557411082,38.5910271007128,-3244.02333192459,4636.60173748011,3.93552890103242,2.81225403229811,-2.19680788094933,-0.0784746039933434,1.70610240754318,1.29512284211826,2.44655292194566,NA,-0.794751939492841,0.616022080763764,0.311149247678528
"1688","244388",2024-07-26 20:00:00,-29.2366922772708,38.6218072020041,-3254.61369678542,4640.96846445797,2.6999204451452,1.25445116111597,-2.01559744593293,0.870149977293884,1.07643734538084,0.808545855858415,1.90925257400319,NA,-0.76870433904931,0.610975058264467,0.316759450367457
"1689","244388",2024-07-27 02:00:00,-29.3385441313031,38.6184657149082,-3265.95179331265,4640.4943212805,4.14747218978768,0.930063838104509,-0.825925148174265,-0.513353774476533,1.91586215526864,0.945142246884517,1.89132563072383,NA,-0.750764537418113,0.607357025268324,0.320654734774457
"1690","244388",2024-07-27 08:00:00,-29.3093569860022,38.6086156689062,-3262.70269516004,4639.09677011902,9.37063950069122,4.63740678193879,0.541516333121803,-0.232925279555311,1.45444843601355,0.792344631564943,0.58886310084728,NA,-0.740567898415793,0.603495354902075,0.322879972498456
"1691","244388",2024-07-27 14:00:00,-29.2630669900355,38.5238930931394,-3257.54971638021,4627.0840784993,8.58096711430749,5.85133369941228,1.03130702571425,-2.6738733658487,1.9649786885875,1.40826023762087,2.17838468830405,NA,-0.721431997699839,0.599609931339201,0.327077725252875
"1692","244388",2024-07-27 20:00:00,-29.0635251897834,38.4535912811261,-3235.33682478417,4617.12690625115,2.27939157088402,1.3549674351138,3.70214846667348,-1.65952860465383,1.22010919396502,0.871005258552002,4.05750781517285,NA,-0.707779944861498,0.593241847161465,0.330089576666077
"1693","244388",2024-07-28 02:00:00,-29.0084013892808,38.4146239517898,-3229.20047138163,4611.61199612537,5.15432489520318,3.28548953718793,-0.0763992373152042,-0.547997012044304,1.86992806046444,1.41592462428427,1.37510592574604,NA,-0.72417520914819,0.587040021553969,0.326474236860412
"1694","244388",2024-07-28 08:00:00,-29.0164525901142,38.4905758347555,-3230.09672695868,4622.36397943162,2.66511300660644,1.73043449547408,-0.149375848123127,1.79199721489629,0.822101633451302,0.53876806755884,1.7982247123859,NA,-0.743192148575605,0.588953892539384,0.322306503514917
"1695","244388",2024-07-28 14:00:00,-28.9450976016822,38.5874741993181,-3222.15352598087,4636.09781420214,3.22439124774283,2.70306242478934,0.142855506914713,1.53450046268058,1.78932091960948,1.3680668331317,2.64402261695249,NA,-0.743397755399352,0.590276560177008,0.322261595480932
"1696","244388",2024-07-28 20:00:00,-29.0793503291679,38.5843159111486,-3237.09847124218,4635.64988171924,1.19487728868499,0.93628919663875,-2.49082396600343,-0.0746551701524776,0.527272617779683,0.438358162466096,2.49184585478485,NA,-0.769490153807132,0.592453507435326,0.316589406551835
"1697","244388",2024-07-29 02:00:00,-29.0686985226834,38.6203555298199,-3235.9127175683,4640.76247545225,5.09441868381419,4.10076486310371,0.372276237354706,0.446789365077746,1.89117320358791,1.48821221249165,0.874555583744533,NA,-0.763883353501944,0.598450586496347,0.317803742550301
"1698","244388",2024-07-29 08:00:00,-29.086319566084,38.5970485728519,-3237.8742831469,4637.45584617532,2.99125564413393,3.02628096673661,-0.326927575146614,-0.551104834852003,0.87730094700954,0.705026539139305,0.64066686425014,NA,-0.747515229511941,0.604822196593064,0.321362960752634
"1699","244388",2024-07-29 14:00:00,-29.1009898236759,38.5756658842233,-3239.50736875184,4634.42317069728,7.39756458091383,4.92589193560111,-0.270194594886169,-0.550280779723566,1.77271691476654,1.38678215719348,0.574087604503489,NA,-0.724722099031138,0.609629247562318,0.326353993309156
"1700","244388",2024-07-29 20:00:00,-29.1017764695459,38.5699142679382,-3239.59493776952,4633.60758271043,1.79012408503703,1.20779123394749,0.0424607029294186,-0.0198148982314142,1.24772489572983,0.888274397593406,0.136639215908247,NA,-0.703727242668546,0.612550919069237,0.330986368818147
"1701","244388",2024-07-30 02:00:00,-29.0391265701813,38.5797580325028,-3232.620782874,4635.00348366721,3.51372961613513,1.13822561741958,0.35279240102682,1.38358275675814,1.88954433495646,1.14744526063791,1.18522325243726,NA,-0.682505811477866,0.613561097422056,0.33570226110287
"1702","244388",2024-07-30 08:00:00,-29.0460911766361,38.6222121344223,-3233.39607931813,4641.0259242038,10.8464995701517,2.39123796518949,-0.0798438491089433,1.04224629451474,1.79221742302514,1.00423573106602,1.01202228136149,NA,-0.660875696863067,0.612374452374793,0.340542925838516
"1703","244388",2024-07-30 14:00:00,-29.0202892985506,38.6736489088798,-3230.52382738814,4648.32744357253,10.2529102291601,6.0795657356874,0.786692826886483,1.17728617183993,1.89616964574817,1.23983732148012,1.30783930496782,NA,-0.638553530554126,0.609869995731784,0.34557358894018
"1704","244388",2024-07-30 20:00:00,-28.9313259895477,38.7138422588134,-3220.62047713065,4654.03662583394,3.32968072972392,1.4487349374754,1.53995785392235,0.907645569408997,1.63824004564853,1.06930205218998,1.90504997317163,NA,-0.623796597746524,0.605546011329839,0.348918467755414
"1705","244388",2024-07-31 02:00:00,-28.9042361997311,38.7424930402002,-3217.60485552257,4658.1082434782,3.22080567565894,1.45921252563301,-0.485083785530729,0.879546682833721,1.86683486596422,1.19125148421878,0.844381558433548,NA,-0.617905322071811,0.599726284376395,0.350258002995347
"1706","244388",2024-07-31 08:00:00,-29.0332966333737,38.7764768311481,-3231.97179727722,4662.93988134519,11.1511179672277,9.03732232696451,-2.39449023139271,0.805272971723175,1.73452960641166,1.45284871830217,2.52647536523303,NA,-0.614439642034369,0.59372188099841,0.351047121949556
"1707","244388",2024-07-31 14:00:00,-29.1049442744715,38.7869996100917,-3239.94757620077,4664.43642561893,7.55375344187366,7.4513987839294,-1.3268668610105,0.248799786202443,1.576055646934,1.19713930739676,1.35247848010971,NA,-0.60883111550357,0.585820135608226,0.352325882361461
"1708","244388",2024-07-31 20:00:00,-28.9958059813304,38.7568578681658,-3227.79835698226,4660.15027667062,4.11341082243247,3.30167560615588,2.5796052789547,-0.878192211336586,1.23983081822804,1.16183854343693,2.14741112417492,NA,-0.608037436669126,0.57884499471067,0.352507015024084
"1709","244388",2024-08-01 02:00:00,-28.9053971187667,38.7209526426942,-3217.73408843847,4655.04694260895,2.04935372777493,1.26071148434545,0.310385744707517,-0.819595952582089,1.63451067285433,1.22463659467524,1.88077285854972,NA,-0.590993503024096,0.570941528531552,0.356406931061258
"1710","244388",2024-08-01 08:00:00,-29.0503202019603,38.6477628656308,-3233.86685226376,4644.65222434659,1.10735907466072,0.404312152824614,-2.69891377815246,-1.83582531694181,0.905625605297252,0.677271117897803,3.19857441769063,NA,-0.586294907890291,0.56214658447494,0.357485425315705
"1711","244388",2024-08-01 14:00:00,-29.1115380276603,38.6294716905322,-3240.68158944816,4642.05610777364,4.80040517398127,5.24425594950829,-1.04538280709451,-0.275924622162525,1.37350213496722,1.18810010678563,1.21561077769174,NA,-0.568492025083775,0.553242978592899,0.361584854953122
"1712","244388",2024-08-01 20:00:00,-29.2477718930106,38.5877789745444,-3255.84707396776,4636.14104079689,9.56476426017595,2.97541613435146,-2.71100348800145,-1.0754383690554,1.67391726465322,0.907205541324683,2.71279215952376,NA,-0.549553307439923,0.548690531257658,0.365968051285559
"1713","244388",2024-08-02 02:00:00,-29.3627934135859,38.4992250708034,-3268.65121106847,4623.58911631288,12.6175191283176,4.30840534181189,-2.26931491928034,-1.19720211728643,2.02758402051004,1.50657819198063,2.98750199973807,NA,-0.544544908828069,0.540706388694174,0.367130955454506
"1714","244388",2024-08-02 08:00:00,-29.4382552285278,38.5701257773608,-3277.05158188214,4633.63757390422,4.25690275605242,3.09890093982087,-1.40006173584661,1.67474283352152,1.68421846087937,0.68917846850157,2.18343644394592,NA,-0.568850119050475,0.533327986901976,0.361502196193
"1715","244388",2024-08-02 14:00:00,-29.3277167648589,38.6155835174373,-3264.74649639344,4640.08536728679,8.2165036357763,6.03299202745438,3.16754123279406,0.492023593015934,2.10660958068355,1.52138201638811,2.31435530472963,NA,-0.552243575868947,0.530281451560401,0.365344039059612
"1716","244388",2024-08-02 20:00:00,-29.1282273432136,38.5339833874886,-3242.53943555725,4628.51401811821,7.3977396594834,4.50961114178713,3.54894476735461,-1.90373526722873,1.37472844354621,1.00655281564788,4.17381521987551,NA,-0.526914988653853,0.527677994538321,0.371236704915481
"1717","244388",2024-08-03 02:00:00,-29.0150544120691,38.4846806519731,-3229.94108249066,4621.52903043755,4.64249984253074,2.53019562406137,1.32597690283126,-0.499075868624993,1.9922535707208,1.2820914059379,2.40100643274334,NA,-0.50519095072649,0.524749766513349,0.376321553812529
"1718","244388",2024-08-03 08:00:00,-29.0184009341862,38.5694904223861,-3230.31361562866,4633.54748336698,11.5313084481373,6.43449611527419,-0.0640809297578852,2.00666650126519,1.83119707241798,1.03380127230662,2.00410728330604,NA,-0.503114995045557,0.529376072641785,0.37680891312632
"1719","244388",2024-08-03 14:00:00,-29.0372392542553,38.6324630376883,-3232.41068782616,4642.48063218574,13.5233472515921,6.77649581269495,-0.305904662407194,0.902496510694114,2.0570526148707,1.52802198034248,1.52937494915109,NA,-0.466365325514914,0.534611159561062,0.385476882303186
"1720","244388",2024-08-03 20:00:00,-29.0515349584098,38.6109752007997,-3234.00207833316,4639.43152926407,9.6444985699444,4.28550005032172,-0.337889334318768,-0.565408181778235,1.93798153808805,1.21643452282046,0.573060132760052,NA,-0.443247893118162,0.540902958834799,0.390967334039766
"1721","244388",2024-08-04 02:00:00,-29.0902138009832,38.5916634764749,-3238.30778739291,4636.69200004495,4.97309941257005,1.52083336467052,-0.842298073932618,-0.285936087927443,1.9555025165645,0.551086241378675,0.850427343968142,NA,-0.404945702593731,0.54745635184272,0.400124663795768
"1722","244388",2024-08-04 08:00:00,-29.1278593321618,38.5719445412892,-3242.49846875435,4633.89547105977,5.39003020234998,3.67202352480054,-0.698033974207978,-0.466605304817163,1.02833906883578,0.62627394469644,0.839683164435717,NA,-0.368616563616365,0.551522457746155,0.408875350819503
"1723","244388",2024-08-04 14:00:00,-29.2259172156457,38.6010647339953,-3253.41422241205,4638.02555402769,4.25589823136686,2.40848810588459,-2.15478035229944,1.25194439950088,1.40481449242294,1.02039347881623,1.94529112388827,NA,-0.334856690087366,0.55308925130339,0.41705938701306
"1724","244388",2024-08-04 20:00:00,-29.1118736597174,38.6491396169163,-3240.71895183785,4644.84765746161,3.20397012295197,1.20751717889155,3.766990462586,0.718212268855048,1.26226434975322,0.857123629601074,2.40177188949487,NA,-0.302064435095654,0.552189218730311,0.425052892595834
"1725","244388",2024-08-05 02:00:00,-28.9349353595258,38.6331553217887,-3221.0222703587,4642.57888193666,7.04590613548035,4.70557521794723,2.61034056560382,-0.284160633317856,2.10830612012343,1.57483606546917,3.30472421242188,NA,-0.250407678867739,0.554926349059462,0.43772315799488
"1726","244388",2024-08-05 08:00:00,-28.8698340531142,38.6489423505432,-3213.77522607898,4644.81965479902,8.44545674135486,6.62539100223767,1.20784075406923,0.373462130524606,1.29100663686271,0.990435922704388,1.26418775960718,NA,-0.212424182342976,0.557559179971596,0.447092753979143
"1727","244388",2024-08-05 14:00:00,-28.7770022139339,38.666698979338,-3203.44123301202,4647.34058284585,4.04123843068248,2.21538743638967,1.86582798506186,0.484118598608397,1.85367617092774,1.34415238686109,1.77281759882584,NA,-0.168398333278944,0.566594709101502,0.457999623685795
"1728","244388",2024-08-05 20:00:00,-28.8079547863822,38.7129502254802,-3206.88685761572,4653.90988367861,5.18644364336155,1.96938110980228,-0.997559102704189,1.1693173500809,1.06019467743619,0.503465275001106,1.23623713877363,NA,-0.131981803921214,0.57248459318815,0.46705236192239
"1729","244388",2024-08-06 02:00:00,-28.7797056158317,38.7951873891302,-3203.74217433471,4665.60104144508,0.459828605731352,0.615745767813551,1.91413660944288,1.94340553053642,1.32844714238698,0.901787798683218,2.01778235270102,NA,-0.0880174942441518,0.580839369031051,0.478009821244466
"1730","244388",2024-08-06 08:00:00,-28.6236179180395,38.8471416038575,-3186.36657129738,4672.99406670842,7.41315500971722,3.31463959367889,2.96147014964012,1.02500701569299,1.44888127897111,0.968295570508804,3.14680299474387,NA,-0.0573144836464089,0.584441607380771,0.485675300200652
"1731","244388",2024-08-06 14:00:00,-28.4637809128144,38.8319085171012,-3168.5735972658,4670.82585233327,5.31197808538968,5.93695349957811,2.480884679324,-0.319664767515806,1.87828591914412,1.33316699207549,2.98779194508953,NA,-0.0387055275109495,0.586384817170811,0.490324825971355
"1732","244388",2024-08-06 20:00:00,-28.4452001375844,38.8348820379495,-3166.50519482865,4671.24905420359,2.45237205269106,1.82496292042924,0.344733808927876,0.0705337090900461,0.824308188917168,0.871778318060773,0.351961494215906,NA,-0.0296824391986743,0.589492014582925,0.492579934977956
"1733","244388",2024-08-07 02:00:00,-28.39752762491,38.8823858722401,-3161.1983149929,4678.01238463558,3.14604851418542,1.62147273525349,0.949915364993943,1.11449075380401,1.73618904127722,1.19431022385837,1.43271457827184,NA,-0.00398198246009509,0.602131978090845,0.499004505700371
"1734","244388",2024-08-07 08:00:00,-28.320813070858,38.8397491167054,-3152.6584898994,4671.94179231508,3.73108643079921,2.76627271011683,1.48318409304733,-1.05067886862989,1.04424271912024,0.802045735100884,1.74635430146419,NA,0.0197849690451758,0.611433342019801,0.504946080919126
"1735","244388",2024-08-07 14:00:00,-28.2168952641288,38.7927199322246,-3141.09041256995,4665.25006035577,7.47589908304747,6.02690648309317,2.08230989183792,-1.1025021476767,1.80075333719267,1.38933625010591,2.22734997373148,NA,0.057039852953244,0.626422985758842,0.514256098210011
"1736","244388",2024-08-07 20:00:00,-28.1123998604712,38.7463517589899,-3129.45803744454,4658.65673924591,5.93479834683845,4.20518410707841,1.79245361817293,-1.10534701260496,1.57152988754833,1.18207461026616,2.22852049527188,NA,0.0802265804471734,0.63635326109497,0.520045894475396
"1737","244388",2024-08-08 02:00:00,-28.0521049613103,38.7232434611996,-3122.74603997252,4655.37246734563,1.43788357661558,0.701241934236465,0.943019673992333,-0.161363525204443,1.57860358689164,0.91675886177485,1.24540907522979,NA,0.0890899687325721,0.641935323521658,0.522257772426784
"1738","244388",2024-08-08 08:00:00,-27.9465104100893,38.71584712769,-3110.99130830006,4654.32148805182,2.81628440402355,2.6217926812241,1.9961083658729,-0.175801995017683,0.524113805603306,0.460017587132097,1.96692196814161,NA,0.0972585361635408,0.649175850076531,0.524295485691692
"1739","244388",2024-08-08 14:00:00,-27.8697561999258,38.7054635320802,-3102.44706870842,4652.84621983943,6.64160001341319,3.80602818140855,0.9895091661905,-0.248299555583498,1.93935359111928,1.49238500274885,1.44510806003742,NA,0.0987225013714758,0.651948720580078,0.524660599806522
"1740","244388",2024-08-08 20:00:00,-27.8933610144705,38.7131704323679,-3105.0747446438,4653.94117103335,3.17160756934385,2.36790429421754,-0.437945989982337,0.18249190764034,0.972750521550507,0.602718505381275,0.474410498750764,NA,0.096224772797934,0.653093385595438,0.52403764859762
"1741","244388",2024-08-09 02:00:00,-27.9622351025225,38.759337060723,-3112.7417730546,4660.50274839679,5.68685048262951,4.05372321521756,-1.09140681299371,0.981202263067764,1.90446252565387,1.42806805001687,1.68202633439827,NA,0.102513590723032,0.657354702590595,0.525605977095579
"1742","244388",2024-08-09 08:00:00,-27.9590089464015,38.7466366765307,-3112.38263899799,4658.69723990051,5.84020396830489,3.72330139047968,0.0598556203715557,-0.30091802839908,1.03503294780399,0.70845146291719,0.306839337995673,NA,0.104817237943666,0.657254403382983,0.52618034434315
"1743","244388",2024-08-09 14:00:00,-28.0496177673047,38.7612598361351,-3122.46916680232,4660.77612169292,7.07621478121288,4.73155284001956,-2.49011782972713,0.703822940180068,1.979295535464,1.51969491927049,1.71637987922927,NA,0.121051026385227,0.664768465430289,0.530225856433609
"1744","244388",2024-08-09 20:00:00,-28.2883074731956,38.8188409445145,-3149.03998331969,4668.96624100301,2.45409817755181,2.43933512191108,-4.42846937196632,1.36501984124359,1.02109244449533,0.710415164626568,4.6341019714856,NA,0.139276139423818,0.671438441261008,0.534762859307553
"1745","244388",2024-08-10 02:00:00,-28.4958565807444,38.8528236809836,-3172.14424428662,4673.80294984224,10.2000659392756,7.23666748799446,-3.4640769484333,0.593874273234983,2.69762285944451,2.01982960849768,3.93412975051542,NA,0.125294580409492,0.660683493114389,0.531282730872495
"1746","244388",2024-08-10 08:00:00,-28.6233866608995,38.8602323364661,-3186.34082787031,4674.85772124554,23.5190386254883,17.3617015042628,-2.29623637410459,0.149213899197446,3.0199267895259,2.29273904690871,2.37266487067318,NA,0.0786994290835077,0.647822970912562,0.519664708706553
"1747","244388",2024-08-10 14:00:00,-28.6965182166556,38.8504073035699,-3194.481795418,4673.45895377828,32.373130229036,24.0059204639281,-1.35682792956072,-0.233127909735644,2.74906098272785,2.07551788362042,1.37680672930786,NA,0.0273427557527363,0.642790473556091,0.506835263091624
"1748","244388",2024-08-10 20:00:00,-28.7322740050042,38.8272863005256,-3198.46211156988,4670.16803771417,34.5603069094103,25.3174998803989,-0.663386030259357,-0.548486009209598,2.49449010356441,1.87220653683815,0.860850853116305,NA,-0.0252333522113685,0.639534312766012,0.493691996647349
"1749","244388",2024-08-11 02:00:00,-28.7439113563638,38.7936817749233,-3199.75757559741,4665.38687530998,29.7640996538812,20.922502434299,-0.215910676200489,-0.796860399224417,2.56806092316752,1.94279108024791,0.825620759147212,NA,-0.0787663287442661,0.635414609071044,0.480318592270382
"1750","244388",2024-08-11 08:00:00,-28.7446876011527,38.7524059444454,-3199.84398677204,4659.51736882245,19.1905248538012,11.2394845546378,-0.0144018673841184,-0.9782510797801,2.84534940732091,2.17994929322113,0.978357888474576,NA,-0.134864889150233,0.629098545342186,0.466334788999148
"1751","244388",2024-08-11 14:00:00,-28.7479314267788,38.7071849126069,-3200.20508778897,4653.09077316825,12.0870558937587,4.08372647587447,-0.100072915889668,-1.08143448988605,2.91935119126528,2.24539816272065,1.07275649535255,NA,-0.195641327542289,0.62013180088759,0.451245079033719
"1752","244388",2024-08-11 20:00:00,-28.769375068491,38.6660194046512,-3202.59218306512,4647.24409128564,14.2848067258732,10.3099527498053,-0.397849215660449,-0.97444695317699,2.05386235530505,1.52194567822929,1.05236597933898,NA,-0.262471991370725,0.608909787826877,0.434756135351575
"1753","244388",2024-08-12 02:00:00,-28.8219873964951,38.662845774278,-3208.44896062798,4646.79348556767,9.35249130090767,7.66716482384044,-0.976129596777812,-0.0751009257378569,1.82985352557088,1.27472369755918,0.978948383596411,NA,-0.334727079270238,0.596688477561951,0.417090898444404
"1754","244388",2024-08-12 08:00:00,-28.9161856130448,38.7234793020526,-3218.93505812793,4655.40598086919,4.98205778404478,1.19397885245019,-2.09437569766928,1.76944290273471,1.6512126654474,1.30920152612546,2.26192707617834,NA,-0.405360053337209,0.586073631975089,0.400025213409885
"1755","244388",2024-08-12 14:00:00,-29.0305890748094,38.7144277674178,-3231.67039323655,4654.11981711497,8.23447778911249,5.38704128225642,-1.96062278570335,-0.887360407411048,1.75904197996113,1.16161721264124,2.13335458809761,NA,-0.481012704637869,0.574379349864941,0.382013018309993
"1756","244388",2024-08-12 20:00:00,-29.125901120979,38.6894596277914,-3242.28048168262,4650.57285897939,1.94119747977482,0.353529249621085,-1.76988967591012,-0.581199766703104,1.24167157497147,0.897408028992861,1.86442516195413,NA,-0.557859452672927,0.567086780960455,0.364042885582818
"1757","244388",2024-08-13 02:00:00,-29.2134828525132,38.7345232328708,-3252.0300354398,4656.97547354813,5.65134165770986,4.18338467631031,-0.556529968105644,1.32419766236623,1.86998815838803,1.38718133360212,1.94432968343044,NA,-0.645056172359297,0.561855585863241,0.344104480771386
"1758","244388",2024-08-13 08:00:00,-29.0917708940341,38.7364071145726,-3238.48112219845,4657.24322316757,7.13143491070917,4.05911525839898,2.26924380727727,-0.528120204325015,1.55456711305171,1.17592840506294,2.25818976186307,NA,-0.733266063842781,0.561007123661609,0.324478421782429
"1759","244388",2024-08-13 14:00:00,-28.9834414846392,38.6354139259237,-3226.42194750667,4642.89943226888,3.39659800645714,2.60875028018887,1.94824606256911,-2.72260712909718,1.35084638113118,0.86498047184142,3.12354633538118,NA,-0.799738575898757,0.564096428824496,0.31008144279963
"1760","244388",2024-08-13 20:00:00,-28.9466300381754,38.6865731617673,-3222.32411603096,4650.16288993194,4.26671527320546,3.24298210534137,0.370624579226949,2.2285486031904,0.970804018547042,0.73716965356929,1.39015198404735,NA,-0.877376330053291,0.569660293590249,0.293721762651591
"1761","244388",2024-08-14 02:00:00,-28.8814399135551,38.7625848944422,-3215.06718455348,4660.96451804189,4.91403771728957,3.45854128746751,0.841390738087126,1.13192489491647,1.99196842659295,1.60410262523672,2.1685246819448,NA,-0.918060016717936,0.578283817283673,0.285353344113575
"1762","244388",2024-08-14 08:00:00,-28.9611242247314,38.7383259955706,-3223.93760149784,4657.51595443609,6.7366268895987,5.94683256367725,-1.47840273327426,-0.57476057905821,1.11785001067024,0.930965183429707,1.58621445996782,NA,-0.975702394373648,0.587634487700959,0.273745354342139
"1763","244388",2024-08-14 14:00:00,-28.9288607791452,38.665346104165,-3220.34605116395,4647.14849149817,2.3062140721948,1.40295600199074,1.36001575065706,-2.01013138175821,1.64581702918223,1.31955409882802,1.828863307482,NA,-1.00988041845423,0.595253157662789,0.267003253714275
"1764","244388",2024-08-14 20:00:00,-28.8142008561393,38.6912708949319,-3207.58216692053,4650.83012445099,2.21510069206698,1.92079445385501,1.98706260221754,1.13609482766093,0.917538312258111,0.669034290312527,2.21400214042405,NA,-1.04560033291774,0.601247035006793,0.260070852224423
"1765","244388",2024-08-15 02:00:00,-28.8008478196508,38.7783804764789,-3206.09571369809,4663.21060032203,4.04778520785803,3.75647522280889,0.147959983783332,1.66064483779751,1.956288671578,1.53579243696934,2.0783614259785,NA,-1.07161819524463,0.605609797215421,0.255095470004612
"1766","244388",2024-08-15 08:00:00,-28.7566716155703,38.7701859256969,-3201.17804115467,4662.04529828812,7.51274412725008,5.24681126950625,0.819612052488346,-0.194216990279123,1.19593031317075,0.852571715337395,0.842343410078,NA,-1.10418705330595,0.610010488197282,0.248956189083745
"1767","244388",2024-08-15 14:00:00,-28.7643214268938,38.7342814971127,-3202.02961425586,4656.94111699259,7.75975756525743,4.81165710034632,-0.629170545457054,-0.839269484420932,2.06784525328892,1.59252794696413,0.86239537892272,NA,-1.12659301976349,0.613531425999279,0.244790394947273
"1768","244388",2024-08-15 20:00:00,-28.8617398891656,38.7296201001523,-3212.87418786983,4656.27864155372,3.86369725985479,3.73656242727801,-1.80742896281296,-0.110412545992647,1.10021022663459,0.751532958648561,1.81081727106939,NA,-1.1491512885517,0.614251629837243,0.24064413780453
"1769","244388",2024-08-16 02:00:00,-29.0539256428661,38.7597802474087,-3234.26820810949,4660.56575842806,3.9743010440237,1.54591716850932,-4.21200834653669,0.633746046203889,1.70768737208882,1.32811045191338,3.63697921983226,NA,-1.17200635581334,0.612502553045513,0.236492517519067
"1770","244388",2024-08-16 08:00:00,-29.0808463707786,38.6752186590719,-3237.26500983249,4648.55035486132,1.03993175784183,0.886689890049975,0.872489645712965,-1.92447748412838,1.2002585102108,0.916641702797688,2.06383364900085,NA,-1.21382513482553,0.612309098431391,0.229024937297201
"1771","244388",2024-08-16 14:00:00,-28.9116258391212,38.6581182779414,-3218.42746641663,4646.12229259396,2.32533096554534,3.09650683579741,2.53764268793876,0.365867753078447,1.4090690702029,1.18048922546117,3.1654961191901,NA,-1.24098981458376,0.611833020625683,0.224263741171028
"1772","244388",2024-08-16 20:00:00,-28.9425117323561,38.7062052939969,-3221.86566832423,4652.9515998471,2.74704436068563,1.14818223647685,-0.573033718875536,1.13821756651067,0.541338836496712,0.514144435575178,1.27443738784924,NA,-1.26215116252006,0.609998590868318,0.220603803852846
"1773","244388",2024-08-17 02:00:00,-29.0644477884582,38.6436330881032,-3235.43952799885,4644.06601532744,4.15720647012422,3.55915108451462,-0.849827756945945,-1.39944243330537,1.83689657063485,1.46491080161739,2.70333353494042,NA,-1.2668775349708,0.604560369098111,0.219792235146366
"1774","244388",2024-08-17 08:00:00,-28.8225127542389,38.6517154214938,-3208.5074431845,4645.21330920796,3.00127519116551,2.24280228078488,4.48868061099036,0.191215743059868,0.783203520746972,0.626656996394067,4.49263760730243,NA,-1.26218603896128,0.594240689522988,0.220597807333904
"1775","244388",2024-08-17 14:00:00,-28.7676301778845,38.8005240285121,-3202.39794273131,4666.36018860063,9.47221999330544,3.06855945882671,-0.200045135277703,2.9542332308538,1.92807888162274,1.33000672705303,3.66847604205021,NA,-1.21522174138869,0.574746328252338,0.228778428293633
"1776","244388",2024-08-17 20:00:00,-28.965474407042,38.8342123900463,-3224.42186157752,4671.15374602062,2.50449221007362,1.32396455020698,-3.67065305501225,0.798926267140248,1.32628277618559,0.460868945666806,3.75579275389904,NA,-1.17279124735198,0.560935999140189,0.236350823828064
"1777","244388",2024-08-18 02:00:00,-29.0679637448737,38.8446823524779,-3235.83092247668,4672.64399539344,8.75658718678833,6.7808460033534,-1.39924666297985,0.175185196246656,1.8932031568555,1.47419328635746,1.9173429889607,NA,-1.11575335649851,0.552522637175672,0.246799841669036
"1778","244388",2024-08-18 08:00:00,-29.0591707238571,38.8178832343758,-3234.85208785457,4668.82996536442,7.6598019721673,6.41357896681754,0.197616241180672,-0.754984789629569,1.54388371028813,1.1855555521609,0.656273228836372,NA,-1.07198290594494,0.549293125455536,0.255026173221678
"1779","244388",2024-08-18 14:00:00,-29.0237824830016,38.7269617589282,-3230.91268690247,4655.90085892159,2.8652563935211,2.39180470815906,0.849637643949212,-2.56389608245836,1.88372759729922,1.45984942670225,2.25250866585862,NA,-1.02243870561503,0.54493269525217,0.264552642528279
"1780","244388",2024-08-18 20:00:00,-28.9701228252873,38.603632621499,-3224.93932112958,4638.38983555841,7.38897777279629,4.65963052949969,0.817109911722637,-2.56793130960858,1.47359672441745,1.04397998347081,3.0836940007588,NA,-0.982995720982165,0.538729090771351,0.272297771717285
"1781","244388",2024-08-19 02:00:00,-29.0228930802068,38.6434683792453,-3230.81367903624,4644.04263612591,6.54847691576426,1.18348499777388,-2.10924042725793,3.03678399561978,1.8239877986707,0.91580379767344,1.35943539470981,NA,-0.985110128249135,0.533107890214135,0.271879000108722
"1782","244388",2024-08-19 08:00:00,-29.1088999592514,38.6036638544981,-3240.38792101621,4638.39426636482,1.6903751534222,0.722884050667408,-0.421138085532133,-2.27999362587713,1.60709971947616,0.69981994325174,1.85188555288078,NA,-0.94265348798332,0.530461122750186,0.280364662123231
"1783","244388",2024-08-19 14:00:00,-29.0521726046558,38.6222941068345,-3234.07306078858,4641.03755609564,3.23406802543876,2.39902572966263,0.947193856200213,1.44724834992274,1.09594534110191,0.77722573148742,1.14092590720147,NA,-0.896059445674275,0.526038827965583,0.289860955150791
"1784","244388",2024-08-19 20:00:00,-29.1102832514903,38.6745649937671,-3240.54190840385,4648.45753097363,3.46493962069802,3.0539813931984,-1.69434382399062,1.02874629181191,0.860566516846218,0.739666019182182,1.64087506016,NA,-0.834464901681431,0.522280519080221,0.302701818714868
"1785","244388",2024-08-20 02:00:00,-29.1820752217855,38.6506636946992,-3248.53375398016,4645.06400833846,2.68943170438209,0.664704991666312,-1.47909573568484,-0.868440131664448,1.67484529061696,0.981392578000857,1.44688876088349,NA,-0.771029340119299,0.5186326345231,0.316256481399822
"1786","244388",2024-08-20 08:00:00,-29.4165771381581,38.7068427073415,-3274.63838790081,4653.04215623014,6.94321094346532,6.38105946303192,-4.35077215748335,1.32969116234436,1.15055485068053,1.04865828466781,4.5496560114054,NA,-0.701831436708838,0.517827761587577,0.331406299886386
"1787","244388",2024-08-20 14:00:00,-29.4333435941218,38.6788561431428,-3276.5048212411,4649.06691221028,10.9141667278165,9.06733938328604,0.873798252130733,-1.14764082730848,2.01406386178368,1.52374559977024,0.731929944344369,NA,-0.647100526714593,0.513677424780821,0.343643224136363
"1788","244388",2024-08-20 20:00:00,-29.2266981726271,38.6169668888267,-3253.50115814555,4640.2816513031,5.55263731861938,3.68445523797303,3.83394379881353,-1.46421005550308,1.38516893365917,1.18077947417163,4.10418436563421,NA,-0.556852159868098,0.533177740050134,0.364276121566029
"1789","244388",2024-08-21 02:00:00,-29.0450689695878,38.641863982403,-3233.28228775003,4643.81490672008,4.26405119739599,0.839438962389879,2.7647442797656,1.84605142797268,1.77799512845761,0.462307172019609,3.42053513905517,NA,-0.468633628311332,0.556875516555789,0.384939696407095
"1790","244388",2024-08-21 08:00:00,-28.932216825898,38.721414814687,-3220.71964457955,4655.11261628639,3.34225184684783,2.36663569311842,2.13142850372523,1.83430853120812,1.25793558564442,0.895995547812446,2.81601017610043,NA,-0.39734063770972,0.585169493316817,0.401951447609369
"1791","244388",2024-08-21 14:00:00,-28.8307233884617,38.7825182892399,-3209.42144680527,4663.79906722579,5.53147814980849,2.77363985759645,2.08325411763422,1.20796794144902,1.84623155872131,1.34660031134786,2.37537916204752,NA,-0.346742852568052,0.608349030168389,0.414172493051653
"1792","244388",2024-08-21 20:00:00,-28.6873017936145,38.8386574881765,-3193.45582789814,4671.78641514817,4.61703589426377,2.99823732015873,2.59881273680814,1.26793656996618,1.16646838862886,0.760871857535792,2.97520654604886,NA,-0.318092378694575,0.623436081272906,0.421140720000401
"1793","244388",2024-08-22 02:00:00,-28.6225486670322,38.8608259147199,-3186.24754281971,4674.94223386493,8.34609392449582,5.38971241369571,0.650790123707353,0.262086901120713,2.3448454973265,1.794363115138,1.31155266803807,NA,-0.315890582420202,0.624257853167529,0.421677569566474
"1794","244388",2024-08-22 08:00:00,-28.6464542839043,38.8495993157056,-3188.90870391701,4673.34393106175,14.291991568579,11.1074682896118,-0.443526829361705,-0.266383781892552,1.896327664693,1.50548182290301,0.517315752518765,NA,-0.314212931953526,0.629184441857843,0.422086744467561
"1795","244388",2024-08-22 14:00:00,-28.6819219437874,38.8342124607971,-3192.85694575483,4671.15375609024,10.7183225877381,9.22677379398332,-0.658040286113399,-0.365029143279771,1.78353343769489,1.35533823984825,0.752499539809493,NA,-0.304740247088037,0.637197680778277,0.424399101322337
"1796","244388",2024-08-22 20:00:00,-28.6846691742837,38.8315594784246,-3193.16276605478,4670.77617709889,3.02209953296133,3.38559480967332,0.0983863811555274,0.01067533917161,1.68299704740956,1.37215246772128,0.0810302586168308,NA,-0.296887606665959,0.641412716308162,0.426318509319248
"1797","244388",2024-08-23 02:00:00,-28.655124692908,38.847029184836,-3189.87388943228,4672.97806373719,2.94661402173723,1.98137716370138,0.285881928012148,0.405559230754516,1.71603158523965,1.37953625058151,0.659544946231055,NA,-0.288002512320096,0.643794714163218,0.428492955298449
"1798","244388",2024-08-23 08:00:00,-28.760104294079,38.8493133704661,-3201.56016517831,4673.30322507504,4.55089578684126,3.50486552988318,-1.94771262527843,0.0541935717551138,0.792203473308882,0.598636564795439,1.94843535116669,NA,-0.278741469358031,0.64346898087648,0.430762348582127
"1799","244388",2024-08-23 14:00:00,-28.9612523119152,38.85699356629,-3223.95186009792,4674.39660341674,6.03266993093268,4.7709143833766,-4.33520032001624,0.259270431861639,1.94004261364539,1.53197554695812,3.73642791296514,NA,-0.26350785059366,0.644489703321453,0.434501597177219
"1800","244388",2024-08-23 20:00:00,-29.1907362689903,38.8408488127436,-3249.49789734474,4672.09832020224,3.75857708065402,3.78660421043593,-4.25767277961963,-0.383047250027069,0.949817154971377,0.765256118473078,4.27490560821329,NA,-0.274718112970769,0.628280904406652,0.431749173868894
"1801","244388",2024-08-24 02:00:00,-29.2430544958878,38.7577590521743,-3255.32193572218,4660.27839836162,3.61583909832215,3.03440942116915,-0.431616656479283,-2.13956986459755,1.86010012966267,1.51006217516686,2.19631334536511,NA,-0.331363181659239,0.59120167300109,0.417908977075883
"1802","244388",2024-08-24 08:00:00,-29.1818820007371,38.672482907536,-3248.51224471144,4648.16186954912,3.44878612806631,2.843410835557,1.13494854811124,-2.01942144372917,0.684103668581396,0.556339988547291,2.31639520654732,NA,-0.378695263571141,0.570889224166556,0.406441622130385
"1803","244388",2024-08-24 14:00:00,-28.9950069996781,38.6089133137463,-3227.70941475157,4639.13899793931,3.42915704907293,3.43109591988614,4.17607975162519,-1.28169295794251,1.03796539549782,1.02914388624012,3.77928653111261,NA,-0.442171374168072,0.546891010582706,0.39122369605433
"1804","244388",2024-08-24 20:00:00,-28.9603083372522,38.663480694601,-3223.84677731911,4646.88363268042,0.596848707539418,0.508836996881201,0.0421373420319841,1.71278480330588,0.776309556800188,0.784220117166827,1.44247315739731,NA,-0.53490169890769,0.518498510377179,0.36937437201105
"1805","244388",2024-08-25 02:00:00,-28.9607880066175,38.7095109443059,-3223.9001738686,4653.4212375941,5.99154376460084,3.8602479583302,1.08762078552128,0.32790568774715,1.83298866394552,1.24174111416793,1.08969515908372,NA,-0.592088847855979,0.51494596941402,0.356155719271603
"1806","244388",2024-08-25 08:00:00,-28.8090104296113,38.6950909701169,-3207.00437128244,4651.37273488134,3.85039503817503,1.27346730808903,2.84165847437672,-0.378606946955836,1.19931561237432,0.89713768498041,2.83667796375034,NA,-0.656012274409332,0.511658885130595,0.341635966863048
"1807","244388",2024-08-25 14:00:00,-28.7948595638916,38.8129377924242,-3205.42910411624,4668.12629201343,6.02799202796059,3.84741166954306,-0.753762666546311,3.00752059887521,1.99142184273554,1.4663958609192,2.8045000191243,NA,-0.712880988470407,0.510987056763182,0.328962559859708
"1808","244388",2024-08-25 20:00:00,-28.8497212946913,38.7835514781598,-3211.5362840529,4663.94600952226,2.06110062150821,0.859180470630342,-1.01786333562686,-0.696713676313287,0.919818544860162,0.597329163865404,1.23286738447262,NA,-0.753187573415695,0.514391180068762,0.320127141588592
"1809","244388",2024-08-26 02:00:00,-28.9316829994453,38.7412695436942,-3220.66021929066,4657.93433638219,3.18778891495566,2.39733098155347,-1.50847955510695,-1.11515165267818,1.63845101366622,1.24632525619591,1.82093199803779,NA,-0.753977073232166,0.524746101625477,0.319955334712265
"1810","244388",2024-08-26 08:00:00,-28.8776226039601,38.6934279292226,-3214.64224359317,4651.13650993598,2.11202577030523,1.45083116178365,1.09045066973979,-1.13336551423806,0.59047483253662,0.455037640406879,1.5133916703885,NA,-0.764497762100968,0.531146724583553,0.317670550900644
"1811","244388",2024-08-26 14:00:00,-28.9493085571434,38.7216971385951,-3222.62228739856,4655.15273413631,4.49839555501536,3.3457428979863,-2.58339038805344,0.0125622883288306,1.75634849110279,1.28395764562408,1.48892817000245,NA,-0.77268833891893,0.536019106077465,0.315897851690996
"1812","244388",2024-08-26 20:00:00,-29.005804119373,38.780490184424,-3228.91134461804,4663.51063214461,2.42000187044242,1.84249676254552,-1.04817616737814,1.39298264773776,0.70074519982502,0.552747105902594,1.74352406797019,NA,-0.764081689282038,0.541170551881628,0.317760744009889
"1813","244388",2024-08-27 02:00:00,-28.9827346101345,38.7243739026087,-3226.34325859676,4655.53310666403,4.08252708314599,2.87837614225398,0.416734511642345,-0.442938324518739,1.88586911179748,1.3940196991151,1.39675710675818,NA,-0.765712537142489,0.542812058545246,0.317407299495502
"1814","244388",2024-08-27 08:00:00,-28.908731238883,38.7596872947147,-3218.10524099206,4660.55254285359,2.21052409494502,2.15506040477984,1.37300281337636,0.836572453337365,0.659643590009549,0.518567478771359,1.60770771913826,NA,-0.742843810338471,0.548582504774279,0.322382594010823
"1815","244388",2024-08-27 14:00:00,-28.963816908932,38.7408763861525,-3224.23734973192,4657.87845383103,7.3843246073507,5.91721919129479,-1.30605366573116,-0.522146573789091,1.67355724957242,1.31000960921237,1.11460615980872,NA,-0.707607142711491,0.558459598182158,0.330127789604801
"1816","244388",2024-08-27 20:00:00,-28.9383010740344,38.7320938396063,-3221.39693998395,4656.63020275862,1.78573310114752,1.72831933957155,1.35284969794685,-0.0261296371463941,1.3075605438878,1.05557708076084,0.517063757231545,NA,-0.658523951745544,0.575871386326802,0.341071263217365
"1817","244388",2024-08-28 02:00:00,-28.8320643808588,38.7560955591258,-3209.57072539608,4660.04190016273,3.386702475981,2.39429334282433,2.23134577084474,0.705396728717204,1.75637365804126,1.38641766386984,2.05134075022965,NA,-0.606059655992545,0.598404504699466,0.352958566769585
"1818","244388",2024-08-28 08:00:00,-28.6775139563563,38.7902137806543,-3192.36625083858,4664.8935877184,6.50235335427529,5.36304407457281,2.86266117014695,0.817355656747182,1.2003804596905,0.955310505991753,2.97919253909218,NA,-0.556108165898445,0.622581028625855,0.364448432358579
"1819","244388",2024-08-28 14:00:00,-28.5329939682292,38.8297758558234,-3176.27835935082,4670.52233550873,2.68635220210587,1.79912247837447,2.5211661861514,1.00709809214995,1.41428832453011,1.04754877325313,2.84079974020037,NA,-0.528024132978248,0.63776422253582,0.370977845428025
"1820","244388",2024-08-28 20:00:00,-28.4403178464522,38.931937912454,-3165.9617006659,4685.0721866394,3.62499507166986,2.14843208772532,1.15988769884024,2.7467210055544,1.10404100526181,0.729815672766863,2.97250375362266,NA,-0.525367784705687,0.641730118026199,0.371597925173827
"1821","244388",2024-08-29 02:00:00,-28.4804424773036,38.9934724143303,-3170.42835414056,4693.84608475163,1.44029142976286,0.962177237235176,-0.714225173512978,0.867124639524711,1.69182330405303,1.12939588708041,1.64091027102886,NA,-0.549337878782683,0.63193842091577,0.366018039811316
"1822","244388",2024-08-29 08:00:00,-28.4744904388312,39.1102482830657,-3169.76577624863,4710.5177487957,1.76912455225322,2.39309988163622,0.110429691506054,2.77861053147271,0.366698667535929,0.418371100869702,2.78084067680604,NA,-0.575584143018382,0.627758573851632,0.359949313995665
"1823","244388",2024-08-29 14:00:00,-28.2756956219449,39.1248603812995,-3147.6360384605,4712.60582324576,9.41929141383265,6.38726472955624,3.81645371532797,0.26083506736553,1.61522514243065,1.09386684738583,3.70537658525495,NA,-0.630451577451072,0.606650752450102,0.347408151043425
"1824","244388",2024-08-29 20:00:00,-28.0806857427873,39.1859890799067,-3125.92763801302,4721.3458761854,4.96406349732237,1.29761946205161,3.29941293307324,1.85766933761879,1.45969730181414,1.10133307116806,3.90006957782588,NA,-0.671766941988222,0.601134594920317,0.33810130590111
"1825","244388",2024-08-30 02:00:00,-28.0403262998421,39.2542139281132,-3121.43484537566,4731.10957520886,4.38126186429843,3.15013901052059,-0.234438130274396,0.317122333254282,1.82525905612631,1.29904373086275,1.79114381930364,NA,-0.754528184619243,0.579761643083774,0.319835433637312
"1826","244388",2024-08-30 08:00:00,-28.107278276793,39.1714858381025,-3128.88790535743,4719.27154036396,2.70108583355667,1.26105455172139,-1.13975774615668,-1.71416728617328,1.51378054970186,1.13607243331484,2.33136582902773,NA,-0.845561238613186,0.567129553032614,0.300364817190753
"1827","244388",2024-08-30 14:00:00,-28.1292044688865,39.1766145224928,-3131.32871789632,4720.00502456768,8.5307071771088,6.40132995324912,-0.406802109128702,0.122247305207829,1.39160104185962,1.04516978690577,0.424821290023293,NA,-0.899247232903654,0.573595383705037,0.28920521580599
"1828","244388",2024-08-30 20:00:00,-28.1449741138419,39.1885891534865,-3133.08418674274,4721.7177990477,1.21592941594049,0.320115125216034,-0.292578160386745,0.285462351257972,1.38657082598189,1.0575404591696,0.408799271007952,NA,-0.942167079979481,0.586280448123249,0.28046281044042
"1829","244388",2024-08-31 02:00:00,-28.1724309988524,39.1828473489767,-3136.14067320088,4720.89649142252,1.22436889041909,0.921350394702028,-0.453581126121596,-0.106974420957431,1.40052176165316,1.1070100195517,0.527460978042961,NA,-0.985609342044743,0.596556204584291,0.271780186596724
"1830","244388",2024-08-31 08:00:00,-28.0249622266141,39.1515097992541,-3119.72452456741,4716.41516002611,1.29041022227361,0.91496455159316,2.86316017564181,-0.805774080398388,0.855464428044963,0.6881905026197,2.83614330120359,NA,-1.02905219260232,0.604757336888302,0.263267897657459
"1831","244388",2024-08-31 14:00:00,-27.9730099400668,39.1539233826965,-3113.94122248342,4716.76023569118,7.79006138546554,6.51476752820867,0.111239184139711,0.389484329071847,1.83873577692533,1.43513032110135,0.965651343548915,NA,-1.06782138551242,0.61232206359388,0.255817617140042
"1832","244388",2024-08-31 20:00:00,-28.0520340526951,39.1828736817503,-3122.73814646158,4720.90025790765,2.92154152948447,2.16499773493643,-1.46615393244226,0.690003646172815,1.11601188156084,0.922982178580479,1.62051383616658,NA,-1.10782988240638,0.620941885941774,0.248275686887211
"1833","244388",2024-09-01 02:00:00,-28.071118506669,39.1585070553064,-3124.86261816003,4717.41560692384,5.77548200959911,3.23623787785868,0.128473577158859,-1.26744893186953,2.17202181632769,1.49280031543599,0.680091409911686,NA,-1.14226643024116,0.629358288908685,0.241904484731179
"1834","244388",2024-09-01 08:00:00,-28.0572015382313,39.1026155641736,-3123.31338832016,4709.4272038613,10.9937223157465,8.99139510583743,0.25820496769317,-1.33140048859499,1.59628411966851,1.35347874490443,1.35628862290648,NA,-1.17299284673289,0.637837283329351,0.236314439268861
"1835","244388",2024-09-01 14:00:00,-28.0562631290383,39.0689508507759,-3123.20892508664,4704.61868830297,12.3762694454425,10.5201338178494,-0.0874126152041826,-0.583299950736676,1.97212952972086,1.51460653909301,0.801663618309972,NA,-1.20820939762625,0.643173906668861,0.230018030745244
"1836","244388",2024-09-01 20:00:00,-28.0942087241993,39.1093162120376,-3127.43300941781,4710.38457029671,6.34983257909769,4.98140054600465,-0.816282097005888,1.27063997395094,1.84742220296512,1.44186157783309,1.19138134257274,NA,-1.24797424154421,0.646659014079004,0.223051004287365
"1837","244388",2024-09-02 02:00:00,-28.1174837286978,39.1884360365361,-3130.02397106679,4721.69589632378,8.09538493368053,1.5207221166508,0.482928260382271,1.24888343353946,2.00704083352137,1.090036062595,1.93415836339785,NA,-1.28148139490465,0.650388615569043,0.217298162903271
"1838","244388",2024-09-02 08:00:00,-28.0394908532622,39.2070351929471,-3121.3418438878,4724.356778055,4.79289598802585,2.89525898895039,1.44702115086558,0.443480180527135,1.17712427719049,0.512627503331427,1.51333334472235,NA,-1.32637608486005,0.650066582566285,0.209759435074171
"1839","244388",2024-09-02 14:00:00,-27.9972487788234,39.1235199474418,-3116.63947767123,4712.41425654484,4.3633342752603,1.7588940841274,0.0518074467662672,-3.07082696721393,1.7286273314257,1.19851022063915,2.13929878901554,NA,-1.36975466989315,0.651078626819004,0.202659486092466
"1840","244388",2024-09-02 20:00:00,-28.088511825711,39.0789255351441,-3126.798833579,4706.04318599599,2.94780529913112,2.3510405781088,-1.77248278106869,-0.969205048933565,0.784355362806543,0.460493910869074,1.99827161913732,NA,-1.40948327193231,0.652015366654163,0.196315570739975
"1841","244388",2024-09-03 02:00:00,-28.0152043442813,39.1943687380592,-3118.6382820749,4722.5445790454,6.23162548831235,5.5237158451979,1.6284295910505,2.26671945007161,1.8386453786034,1.60422700836014,3.06730931367417,NA,-1.45312294107332,0.653090882750327,0.189521407586879
"1842","244388",2024-09-03 08:00:00,-27.9115575186182,39.221521348186,-3107.10037021975,4726.42972683458,12.8037358472015,10.068635667969,1.93181674885929,0.59910700142748,1.86053801193918,1.40491079368845,2.02913279636338,NA,-1.46952726575288,0.659349215173291,0.187014477878485
"1843","244388",2024-09-03 14:00:00,-27.8788659833526,39.2017707138282,-3103.46116516073,4723.60354515725,9.90428924482951,7.20432126685839,0.606534143319456,-0.471030263869252,1.71430878939557,1.35112239033101,0.76809350598913,NA,-1.49469132611681,0.666662729117181,0.183218628913993
"1844","244388",2024-09-03 20:00:00,-28.0030164600733,39.1635384160275,-3117.28153301101,4718.13503793559,0.974424573238271,0.530980880263053,-2.45496415915358,-0.903534505616494,1.60819628705104,1.18710005982329,2.47695447833257,NA,-1.51901542870493,0.673422483058363,0.179606548292953
"1845","244388",2024-09-04 02:00:00,-28.1290755649826,39.110398725761,-3131.31436837938,4710.5392448908,5.38080236063528,4.09997691996222,-1.03378802815246,-1.48735545221787,1.72383701855386,1.25200841324404,2.6590989542964,NA,-1.54147111859682,0.678876187583926,0.176321519183111
"1846","244388",2024-09-04 08:00:00,-28.1293425747552,39.1864858000881,-3131.3440917713,4721.41692756119,2.16942941337518,0.979342656797576,-0.460802753753746,3.13946748368409,1.35651489724833,0.952793062219038,1.81294446798789,NA,-1.58200222595626,0.680140980064741,0.170512104882398
"1847","244388",2024-09-04 14:00:00,-28.0387875665352,39.2397694898971,-3121.26355436747,4729.0416245243,7.75678754225514,3.43193417049927,2.37039903824558,2.11948858783578,1.82855433208188,1.38413806305406,2.10715454163352,NA,-1.60580162873598,0.685745948813497,0.167172318409746
"1848","244388",2024-09-04 20:00:00,-27.9786176625262,39.277475967661,-3114.5654712921,4734.44080844766,1.25222028244285,0.987096070312741,1.11634695327525,0.899863387699527,1.19693018586844,0.537950250930395,1.43321757042732,NA,-1.63914363356835,0.689073459461086,0.162581622188076
"1849","244388",2024-09-05 02:00:00,-28.1036264854951,39.2182330007016,-3128.48138980967,4725.95913103108,3.32786984860976,0.96811099519548,-3.11334979275182,2.36069179621938,1.51850468315626,0.90810631220934,2.71626994319468,NA,-1.68085704817672,0.690547802415111,0.156982014929963
"1850","244388",2024-09-05 08:00:00,-28.160394750408,39.2922380011253,-3134.800804153,4736.55537923909,3.36379166939458,2.97577260607964,-0.907682188677748,1.7130978050676,0.780980281522531,0.553950991841395,2.05627643568561,NA,-1.7082981936315,0.694015792083629,0.153384578176005
"1851","244388",2024-09-05 14:00:00,-28.1799303949039,39.2538057308682,-3136.9755021506,4731.05112939606,7.30310772671943,5.08555389330069,-0.117987751943302,-1.92302199979071,1.90236657904728,1.36896232317035,0.986192364087949,NA,-1.72552044867056,0.699770957820188,0.151161460744461
"1852","244388",2024-09-05 20:00:00,-28.210009155314,39.1805593279827,-3140.32385444314,4720.56923177993,2.84646790015102,1.13970359263547,-0.817888853158465,-1.22342494353155,1.25057619946738,0.904885751675069,1.83398030591543,NA,-1.73277937765478,0.707506113530266,0.150232412029664
"1853","244388",2024-09-06 02:00:00,-28.3185292484369,39.1881323105746,-3152.40425595042,4721.65244976824,2.34547313710674,1.97454877854483,-2.29341007076211,-0.836346561441143,1.42236570707664,1.10653135955028,2.02175406761821,NA,-1.7478517653375,0.712170400264497,0.148318358118869
"1854","244388",2024-09-06 08:00:00,-28.3358653832022,39.1337091010886,-3154.33410564481,4713.87052098108,2.8173657539733,0.799736224500714,0.82720055939881,-1.13507391174822,1.21711811674271,0.949125044631274,1.33628872578762,NA,-1.76172493535495,0.716830935875985,0.146574435429475
"1855","244388",2024-09-06 14:00:00,-28.2772336235812,39.1956963984414,-3147.80724801949,4722.73451294015,2.67152940821703,2.24446329337934,-2.84555894575528,3.63740973791387,1.19691514892933,0.971204805468234,1.83456580638138,NA,-1.7745546717819,0.720969048718258,0.144976824998772
"1856","244388",2024-09-06 20:00:00,-28.1856371651804,39.2576110717024,-3137.61077691185,4731.59599262633,8.44186331554369,2.81328838077762,2.98438144321468,0.831208484873679,1.70298900347475,0.641428943864556,2.25147038025562,NA,-1.77602808317881,0.727359276772556,0.144794278587688
"1857","244388",2024-09-07 02:00:00,-27.9968109870692,39.2318363222391,-3116.59074291607,4727.90604821412,13.3042786162223,6.28353724381737,3.30369667290985,-0.918907600491162,2.10097229658099,1.61868796601961,3.55715707987932,NA,-1.79051090464928,0.72975767254377,0.143010096500363
"1858","244388",2024-09-07 08:00:00,-27.9346590816427,39.1886668490268,-3109.67202445216,4721.72891308035,8.29890251141695,5.68820654540773,1.15311969859931,-1.02952249771253,1.60749859707194,0.929010716419966,1.54595187439709,NA,-1.81210630212282,0.730020834108146,0.140383752709882
"1859","244388",2024-09-07 14:00:00,-28.0207627672851,39.1696425213576,-3119.25704289329,4719.00792965068,3.96123727469043,2.47530067164503,-2.10009241509487,-0.150421636452853,2.11416316964613,1.58827550146404,1.66056802030552,NA,-1.84177656753272,0.729154110332549,0.136841316516019
"1860","244388",2024-09-07 20:00:00,-28.0418107401366,39.1772222753432,-3121.60009251336,4720.09194655637,2.06232063600181,0.873378936410139,-0.443258244941661,0.119192045241134,0.875609144538579,0.620374760929384,0.430267943862159,NA,-1.86837215404903,0.728451726749176,0.133730190257592
"1861","244388",2024-09-08 02:00:00,-28.0542070313337,39.2208587277507,-3122.98004133714,4726.33489735676,1.82360359426109,1.39013285790661,0.0421641443427126,2.41819125178562,1.5102637663044,1.12723582393224,1.06556586720263,NA,-1.89509590859958,0.726841008429729,0.130664528256383
"1862","244388",2024-09-08 08:00:00,-28.1090945146192,39.3645641376005,-3129.09008802741,4746.92215633481,1.79653222009177,1.26226665366212,-1.01834083561077,3.4312095061694,0.400010070473725,0.293496183166661,3.57925266666992,NA,-1.92278849224222,0.72360472957004,0.127550935766419
"1863","244388",2024-09-08 14:00:00,-27.8665987168445,39.2899451732344,-3102.09557929962,4736.22691622717,3.4956447255083,2.72610323297796,2.07471680598753,-2.21676305607324,1.47675973180928,1.06979416698858,4.8393906848859,NA,-1.96589535623798,0.716119659313297,0.122830449766904
"1864","244388",2024-09-08 20:00:00,-27.8990820397962,39.1900341739432,-3105.71160626988,4721.92450540393,4.11496118085518,1.90313767226896,-1.64369218072278,-1.75124882000778,1.31606251478964,1.01037852439261,2.4587122165893,NA,-1.96751786600007,0.719793191337093,0.122655742438516
"1865","244388",2024-09-09 02:00:00,-28.0298690858646,39.1593402839414,-3120.27075364057,4717.5347461633,3.77374507975759,2.80566958874382,-1.90071989317784,-1.31030545108242,1.27042447986513,1.06271874284288,2.53452742980989,NA,-1.97469273101431,0.724852129693302,0.121885733826072
"1866","244388",2024-09-09 08:00:00,-27.9215656101443,39.1225853164441,-3108.21446587224,4712.28068690902,1.47791615743324,1.36589999455782,2.57634157112908,-0.898851680451985,0.877766282229742,0.684519195560014,2.19183473885742,NA,-1.98917204795912,0.728482873066124,0.120344483321481
"1867","244388",2024-09-09 14:00:00,-27.8531957388257,39.035053973295,-3100.60356661146,4699.77934694836,6.86074731632461,4.99696587065901,-0.113743634278547,-1.21367504634948,2.01366641053274,1.46270486138285,2.43976531558268,NA,-1.99475827217666,0.733541233883439,0.119754369265182
"1868","244388",2024-09-09 20:00:00,-27.9614548076953,39.1152507554607,-3112.65491103178,4711.23255488171,4.16365591100181,0.785392923081142,-2.00855733005611,1.90886789340902,1.00033351914355,0.775831957672436,2.77130272079367,NA,-2.01166937919729,0.735214381481504,0.117983146178419
"1869","244388",2024-09-10 02:00:00,-28.0018251170758,39.1601575713635,-3117.14891331517,4717.65160742947,1.46784122051039,3.04895107886685,-0.304996216488572,0.240143697809805,1.19707942925928,1.1733193458416,1.30605364264052,NA,-2.00478877486716,0.742482928355182,0.118701047532188
"1870","244388",2024-09-10 08:00:00,-27.9684560497094,39.1512217736559,-3113.43428572771,4716.37398113008,1.07544303418223,1.94186428578986,0.61910463515632,-0.212937584719249,0.286598214733885,0.520318928053961,0.654670072319969,NA,-2.00656417717305,0.747943227422351,0.118515446421421
"1871","244388",2024-09-10 14:00:00,-27.9117031453076,39.1530715400258,-3107.11658130866,4716.6384443915,2.24166859557508,1.62152429737679,0.840451952207168,-0.593277844204768,0.729585184027438,0.506437511798583,1.05381442827037,NA,-2.00579343184207,0.753055429315115,0.118595989505935
"1872","244388",2024-09-10 20:00:00,-27.9243160771383,39.1100834335424,-3108.52064645746,4710.49419422542,1.61128321666098,1.05445820501965,-1.08837399725891,-1.18251039948098,0.931463559059824,0.726353130166668,1.05046003978238,NA,-2.00617218762146,0.756489944746614,0.118556403511866
"1873","244388",2024-09-11 02:00:00,-28.0978916054506,39.1242959829255,-3127.84298588335,4712.52516239535,4.55744122926674,4.13558330648582,-2.71056080413833,1.03962781467613,1.9481322777086,1.44794282133983,3.23830353671022,NA,-2.00561134809015,0.758954377895666,0.118615024220968
"1874","244388",2024-09-11 08:00:00,-28.0807644803417,39.1523189160512,-3125.93640303748,4716.53084001599,7.21283443482672,2.27416655193266,0.317763770534942,0.667612893501799,1.1512244076019,0.690172859102489,0.73914771631441,NA,-2.00460955844936,0.76050725300656,0.118719796841562
"1875","244388",2024-09-11 14:00:00,-28.0084486808429,39.1332264226642,-3117.88624506097,4713.80153033877,3.50125937929027,3.77627554467632,1.37554937435,-0.549705268888285,1.97335461366826,1.28616058496791,1.41698843380914,NA,-1.99997692386232,0.763521028962165,0.11920534488984
"1876","244388",2024-09-11 20:00:00,-27.9487045336317,39.1084028300315,-3111.23555701553,4710.25406389164,7.82856833371428,7.41962568011713,1.10844800063199,-0.591244387228082,1.23662468704422,1.14203001586824,1.25640440313504,NA,-1.99470544347134,0.765619443070733,0.119759938223115
"1877","244388",2024-09-12 02:00:00,-27.9205984915783,39.1054679206944,-3108.10680672594,4709.83472792541,9.2057629613403,8.11707462122684,0.275892221291466,0.153964199869338,1.84819963401347,1.47510808762789,0.526246641420572,NA,-1.99300235252685,0.765588023921862,0.119939590101106
"1878","244388",2024-09-12 08:00:00,-27.9750476667667,39.1553382145065,-3114.16806118202,4716.96252304852,0.948068580971768,0.782167222554992,-1.04606335970176,1.21385836707233,1.5652789787558,1.37776179361203,1.55964345622624,NA,-1.99216445164762,0.764237094760277,0.120028062130592
"1879","244388",2024-09-12 14:00:00,-28.0234073445664,39.1571869970683,-3119.55143588962,4717.22686124008,1.98059563937905,0.716642371860278,-0.838627000573075,-0.159681046128453,0.474269009182672,0.303599025166616,0.898262754825959,NA,-1.98985217791374,0.762097969418846,0.120272502205365
"1880","244388",2024-09-12 20:00:00,-27.9593520074215,39.2133333448368,-3112.42082837605,4725.25798190845,2.84461019982781,2.22441400962366,1.71374476904151,0.570160612159001,1.03449608263257,0.779496662733791,1.78974765746699,NA,-1.98863525015691,0.758858547393816,0.12040132122539
"1881","244388",2024-09-13 02:00:00,-27.8713688950665,39.101844164091,-3102.62659311029,4709.31699465386,5.88158171425295,4.55013570960276,1.61284847058652,-2.60150053972594,1.94295182970223,1.51690840382143,3.11868058136953,NA,-1.98531059340392,0.755136171445051,0.120753863072615
"1882","244388",2024-09-13 08:00:00,-27.8246960194354,39.1136780528906,-3097.43099236118,4711.00782501656,5.4635253683398,4.80726477495486,0.865933357871175,0.281804968314356,1.06185002572584,0.844129586746865,0.910221150212244,NA,-1.96987886686571,0.755387985669982,0.12240189830964
"1883","244388",2024-09-13 14:00:00,-27.999630465919,39.1471276374051,-3116.90460586593,4715.78866259965,1.20485686596297,2.00563006033053,-5.13889219936974,0.919169360848127,0.989350418211482,1.25195063356695,3.34225586514562,NA,-1.94988428971251,0.759346637551651,0.12456597576437
"1884","244388",2024-09-13 20:00:00,-28.000438555303,39.1539929786738,-3116.99456196467,4716.77018616768,3.2214632964282,2.7615122813981,1.16188050137389,-0.0168954334388657,1.06121805658961,0.893906623373979,0.16406992604712,NA,-1.9247637107119,0.764980644691183,0.127331291764537
"1885","244388",2024-09-14 02:00:00,-27.8746770712356,39.1577062364817,-3102.99485759689,4717.30110314324,5.38105118130154,2.21081273727637,3.26823107863567,0.186371426187509,1.91302212767868,1.02343008653808,2.33482444296986,NA,-1.89711705073875,0.773555442471405,0.130435115404572
"1886","244388",2024-09-14 08:00:00,-27.6338770537046,39.1292772547604,-3076.18912226232,4713.23708209702,3.32362268295573,3.16649331345239,4.46762239526847,-0.67733681699761,0.847645748896338,0.566614277329318,4.51882304169779,NA,-1.86944343050623,0.781939002709147,0.133606135396306
"1887","244388",2024-09-14 14:00:00,-27.6634218457691,39.1254938861332,-3079.47803347054,4712.6963612044,6.10196176594102,3.58413381112616,-3.00996950864206,0.265802321965836,1.69850604246026,1.36277704182394,0.555390279288756,NA,-1.86291851740421,0.779710623550393,0.134363237518612
"1888","244388",2024-09-14 20:00:00,-28.0367742002515,39.1763630205983,-3121.03942745799,4719.96905450164,1.11600451495271,0.889641912899674,-6.80148251210445,1.30482399767511,1.0886709317205,0.796331881659121,7.03226522725609,NA,-1.84500005395239,0.786712680780186,0.136461017454995
"1889","244388",2024-09-15 02:00:00,-28.0884537201666,39.1606601303916,-3126.79236529937,4717.72346738731,2.26723576038274,0.816537637347627,0.0797714586147076,-0.788934748788615,1.42395728946627,1.07618885417817,1.02924447920926,NA,-1.83502001981906,0.788471585430068,0.137641331307907
"1890","244388",2024-09-15 08:00:00,-28.0131468375923,39.1372744258857,-3118.40924147797,4714.38013807358,1.23948874018836,2.79101215210864,1.39718721351284,-0.557221552905633,0.42535007472629,0.47392353134269,1.50423620439839,NA,-1.82207321283554,0.801702678569351,0.139185289778547
"1891","244388",2024-09-15 14:00:00,-28.0671391562684,39.1334767025474,-3124.41963889975,4713.83730351674,7.15866738301628,2.82888179786503,-0.902154805630279,-0.361780534529546,1.72246870496602,1.16821179284094,1.00580716877697,NA,-1.80665783026249,0.815770341074333,0.141042542518913
"1892","244388",2024-09-15 20:00:00,-28.0792960246791,39.1139564936033,-3125.77293530087,4711.04761217385,6.47874899894084,3.75703839528433,-0.225549387780992,-0.464948480268219,1.11041533093162,0.664427011764144,0.516585261312494,NA,-1.78740065700272,0.832072618541699,0.143391706284868
"1893","244388",2024-09-16 02:00:00,-28.0422960697832,39.1425185233814,-3121.65411916248,4715.12976129668,1.16627392547829,3.08624338644657,1.98760861461241,0.821815490016375,1.62354472559676,1.35198134955595,0.966215639701174,NA,-1.76853288638248,0.847762727997134,0.145724873729455
"1894","244388",2024-09-16 08:00:00,-27.9338437261495,39.1654445908531,-3109.58125949385,4718.40761418861,4.64970377551765,7.18985923876648,2.01164404834933,0.53410455349449,0.815927124898841,1.17285661618358,2.08487732906911,NA,-1.74758079724145,0.864441386044763,0.148352590076839
"1895","244388",2024-09-16 14:00:00,-27.8718151600013,39.1849013888709,-3102.67627109559,4721.19029348639,7.75527739432564,9.84015025189606,0.633865096473676,0.438664601953864,2.16160167537171,1.63045513925124,1.24056941256004,NA,-1.73129240748868,0.877662264260029,0.150422341304426
"1896","244388",2024-09-16 20:00:00,-27.9166329789246,39.1796123848023,-3107.66536787659,4720.43379198289,7.67662631962734,5.61573628256133,-0.831516127437133,-0.126083619493513,1.19010367332419,1.18365706641671,0.841133946581261,NA,-1.72021101965421,0.887684706414176,0.151843984989667
"1897","244388",2024-09-17 02:00:00,-27.9953510547217,39.1358554059833,-3116.42822399055,4714.17730440523,5.89026995946809,1.20417415264267,-1.67421527811621,-1.33254293262517,2.19220366340433,1.53067680592015,1.7940112052187,NA,-1.70582306944963,0.89995975690166,0.153706268050365
"1898","244388",2024-09-17 08:00:00,-28.0577710631067,39.1255264735826,-3123.37678753928,4712.70101849359,11.7031668802826,9.20115553945249,-1.15809392395472,-0.246047664863525,1.80841384603862,1.4940084486165,1.18382340562779,NA,-1.69484421719375,0.909178314952082,0.155139840210808
"1899","244388",2024-09-17 14:00:00,-28.0866942386741,39.1451580862893,-3126.59650071557,4715.5070977873,6.79000304315469,7.40392730736072,-0.536618861881316,0.467679869363093,1.5779046901677,1.17891167659988,0.711894287091175,NA,-1.68772103670104,0.915983168854418,0.156075781132938
"1900","244388",2024-09-17 20:00:00,-28.0824729454086,39.1750355753947,-3126.12658849876,4719.77920403833,1.95912139019754,2.06824748100532,0.186422543957504,0.739934406488974,1.27191207106781,1.26222658285054,0.716276715509752,NA,-1.68099070447292,0.922181477933279,0.156964327845485
"1901","244388",2024-09-18 02:00:00,-28.0386516193492,39.1828445762983,-3121.24842079594,4720.89609483497,5.1156110701374,2.14064461229898,0.993548767504889,-0.345104868224465,1.54634649492078,0.695602561337101,0.834162691716734,NA,-1.67558949136529,0.926819659063042,0.157680376581603
"1902","244388",2024-09-18 08:00:00,-27.9967944432394,39.1887055303986,-3116.58890126536,4721.73444629869,2.54549461674321,1.91935662070229,0.764571203651017,0.167007381888771,0.866295016766327,0.446019414283759,0.788990180446288,NA,-1.67062088862889,0.930705857763246,0.158341415828532
"1903","244388",2024-09-18 14:00:00,-27.958204306747,39.1940536418869,-3112.29306692139,4722.49950220288,5.67200896228645,4.38171314787152,0.487766053530445,-0.194760533401403,1.83563436215191,1.37826457222932,0.727190576953957,NA,-1.66709929740807,0.932926735719881,0.158811301091168
"1904","244388",2024-09-18 20:00:00,-28.0318433975035,39.1985852703927,-3120.49053300687,4723.14780485256,2.55730179802763,2.02975687885164,-1.4796223616022,0.127566101328691,0.95981735403465,0.74353373897939,1.37042777972453,NA,-1.66482827500907,0.933607663354014,0.159114922720438
"1905","244388",2024-09-19 02:00:00,-28.1059135629358,39.2496221509792,-3128.73598610578,4730.45214285259,8.17972237813716,5.38985769627676,-1.1648522759268,1.08744819311086,2.15757014147308,1.57121565234324,1.83636199624198,NA,-1.65990935377795,0.935882276282347,0.15977416549569
"1906","244388",2024-09-19 08:00:00,-28.1131188453068,39.2382433935376,-3129.53807447033,4728.82316467128,8.80044621604422,5.93146593644627,-0.133681390195869,-0.27149635644356,1.3281766868633,0.956050720437953,0.302563852484908,NA,-1.65971868177496,0.934191206389287,0.159799764182701
"1907","244388",2024-09-19 14:00:00,-28.0655062647343,39.1858217964776,-3124.23786624565,4721.32194790215,1.43009685441182,2.66722996667774,1.03494320220306,-1.36197029220391,1.88166353228792,1.28539086611273,1.53104073379316,NA,-1.6562458862013,0.936017913482349,0.160266585966982
"1908","244388",2024-09-19 20:00:00,-28.0074466664635,39.1492522027428,-3117.77470133049,4716.09239697586,3.11762122785736,2.48181680698008,1.07732057775807,-0.817690786563584,0.620923257225446,0.589514698953732,1.38570933853004,NA,-1.65418707563385,0.936021183680006,0.160543857017331
"1909","244388",2024-09-20 02:00:00,-28.0797932813632,39.1351684913106,-3125.82828966173,4714.07911880385,5.72463477559994,4.69417335918183,-1.95941089116853,-0.145671841130449,2.00474438626813,1.61553096408351,1.38348316463055,NA,-1.65868112562816,0.931245208156221,0.159939119589947
"1910","244388",2024-09-20 08:00:00,-28.1124409270974,39.1486667985148,-3129.46260896047,4716.00870486962,9.10646096970605,6.638294600733,-0.605719897888953,0.321597653711815,1.37078675688629,0.999602152868639,0.685863796638502,NA,-1.65989170742574,0.929274642257529,0.159776534468845
"1911","244388",2024-09-20 14:00:00,-28.1183021961119,39.1539103904285,-3130.11508244256,4716.75837812433,5.72920622831344,2.74515817519284,0.0178590726254821,0.038958481254298,1.84540273605353,1.40101657021585,0.165440898710398,NA,-1.66178526815527,0.926656683120301,0.159522491479317
"1912","244388",2024-09-20 20:00:00,-28.1266084075769,39.1726746276705,-3131.03972567327,4719.44155155563,3.2760902690228,1.57682812677904,-0.171152584066471,0.486566442977507,1.03319709425238,0.544614176387813,0.472981575174915,NA,-1.6638221051078,0.923358145537315,0.159249591779604
"1913","244388",2024-09-21 02:00:00,-28.0958589082266,39.2033940788252,-3127.61670706345,4723.83580744671,2.81817540106974,2.41547004770906,1.40446495316527,0.256053481197842,1.60524776400254,1.31653694499919,0.928283272445534,NA,-1.66617713762951,0.919062008995278,0.15893453142986
"1914","244388",2024-09-21 08:00:00,-27.9720833523949,39.1393090197439,-3113.83807521561,4714.67096862383,1.81221105251865,0.835843682434644,2.29643849196575,-1.5274731539691,0.52526321790562,0.406968162578895,2.75808776356703,NA,-1.66984682046282,0.913092941889746,0.158444602722145
"1915","244388",2024-09-21 14:00:00,-27.9751645557442,39.0789132004361,-3114.18107320348,4706.04142433488,6.53699164397577,4.0241624403435,-0.121567225729147,-0.860607008872821,1.75271919840621,1.32552760919363,1.43927954579353,NA,-1.67043302675561,0.90921789060067,0.158366453676867
"1916","244388",2024-09-21 20:00:00,-27.9645991980684,39.0634265910913,-3113.00494296696,4703.82984888972,3.80364545822977,1.27945740119807,0.20015127774285,-0.362203753453397,1.04984967696394,0.666223282375724,0.417483533475477,NA,-1.67811374771953,0.902099188541772,0.157345401360952
"1917","244388",2024-09-22 02:00:00,-28.0250554860993,39.029989932492,-3119.73490616581,4699.05657211361,2.69161220656715,1.26599366250122,-0.903960688045005,-0.850558267849994,1.70176229423991,1.17314081308191,1.37506252375413,NA,-1.68683134122967,0.894714477729091,0.156193004239907
"1918","244388",2024-09-22 08:00:00,-27.9181016529167,39.0096830940548,-3107.82885991754,4696.15876431315,4.88164991472154,3.96359936241569,1.9843409764261,-0.482967961486007,0.831966932439786,0.654300811833697,2.04223965928197,NA,-1.69638990581216,0.886028725108886,0.154937352506799
"1919","244388",2024-09-22 14:00:00,-27.8453477268773,39.0188461030829,-3099.72992991762,4697.46623173083,2.92150530892712,2.78071572838074,0.931729911781902,0.47997139601567,1.06418459190523,0.940804076621203,1.3673415289965,NA,-1.70137267958649,0.880720928164675,0.154286070262556
"1920","244388",2024-09-22 20:00:00,-27.878758883121,39.0910681311809,-3103.44924281749,4707.77756000938,3.07316291206845,1.65704917705698,-0.809191755970833,2.56391962897478,1.11682427439267,0.937619860840734,1.82687825526431,NA,-1.71078829544358,0.872564096763706,0.153061498178799
"1921","244388",2024-09-23 02:00:00,-27.9445480081677,39.1705350689425,-3110.77285471742,4719.13557103562,6.34561153181951,2.21669594170294,-1.36302908284863,0.802878715480195,1.63128299643015,0.859932666955892,2.25250840549508,NA,-1.71931584775777,0.86477687838592,0.151959307774843
"1922","244388",2024-09-23 08:00:00,-28.0094466190975,39.164397632687,-3117.99733503931,4718.2579019549,9.28197950473708,6.49937769045398,-1.20408001616482,-0.146278139116905,1.43797192202341,1.06673472678849,1.21271432594645,NA,-1.74375006445753,0.8467784232554,0.148837232813
"1923","244388",2024-09-23 14:00:00,-27.9845966429113,39.1596693605855,-3115.23104834404,4717.58179959609,1.54829606882354,0.700326745485178,0.649404721418866,-0.0456284784749221,1.72103596982361,1.23861478670522,0.47429712280119,NA,-1.76717631512831,0.831440921847133,0.145893833287284
"1924","244388",2024-09-23 20:00:00,-27.905576057719,39.1312909466606,-3106.43451703825,4713.52489186733,4.25020170369416,3.11685174366061,1.48674281724287,-0.994050328105755,0.959114068785963,0.714727698762906,1.61450812546141,NA,-1.78884430734192,0.817193389652902,0.143214473229491
"1925","244388",2024-09-24 02:00:00,-28.0615063125481,39.1558010711492,-3123.79259360508,4717.02870144922,2.52850758983938,2.46089368724652,-3.86392192118949,1.43114942918013,1.64459594716071,1.37194356769746,2.95147833003591,NA,-1.8123818859648,0.80140793606376,0.140350499607279
"1926","244388",2024-09-24 08:00:00,-27.9517336070738,39.1256256819021,-3111.57275192869,4712.71519702787,0.651577481665422,0.500123103965818,2.03664002345505,-0.718917255420905,0.399399368441498,0.384099777044334,2.16000268221981,NA,-1.82328525085757,0.792961747396089,0.13904013567295
"1927","244388",2024-09-24 14:00:00,-28.1575397558762,39.2022898516738,-3134.4829876155,4723.67782000576,2.16466358326102,1.57998821458209,-4.61245097686291,1.68250983822228,1.48326330721848,1.13182601822316,4.23302961956141,NA,-1.81587322124308,0.795748213090257,0.139929790889492
"1928","244388",2024-09-24 20:00:00,-28.277373971048,39.1892149499856,-3147.82287142803,4721.80731705656,6.07522928188719,4.90769491228983,-2.18234133105405,-0.331913249895203,1.08382976132213,0.861892892176107,2.24508450976661,NA,-1.78272477100409,0.813979998356882,0.143967006057245
"1929","244388",2024-09-25 02:00:00,-28.3343025253536,39.1596001412122,-3154.16012910493,4717.57190215958,2.02129460627483,2.53805425215198,-1.07837256090068,-0.287795075694824,1.09639912048652,1.26999909558499,1.27042992090178,NA,-1.75953825409195,0.830963630977361,0.146848179646819
"1930","244388",2024-09-25 08:00:00,-28.3493385359041,39.1042580342178,-3155.83393014298,4709.66186606854,3.48920367125407,3.35898358996661,-0.201569564445283,-1.85796618954087,1.01544181049734,0.81219684291468,1.34759768079052,NA,-1.74124133020934,0.845468642272092,0.149155331155614
"1931","244388",2024-09-25 14:00:00,-28.307763447228,38.9252383878783,-3151.20581244187,4684.11739824657,7.76498727639616,5.22283711997652,1.1818780484227,-2.7023445687742,2.00359640111762,1.53185621378685,4.32684110966518,NA,-1.72751528080895,0.85670027317468,0.150905678571441
"1932","244388",2024-09-25 20:00:00,-28.20443010084,38.9486185627071,-3139.70279693998,4687.44983865839,9.46289924913614,6.64773172507798,1.93542265210039,0.695922464343849,1.6650738545641,1.27709728703714,1.99554001431708,NA,-1.74017257240171,0.849721726740099,0.14929101595561
"1933","244388",2024-09-26 02:00:00,-28.118155710688,39.0083900696893,-3130.09877575976,4695.9742767456,7.00721780060414,6.15867154917366,1.07842241034741,1.4897518010533,1.9758537620758,1.4654049473103,2.1400628059089,NA,-1.73084190641265,0.866849127571533,0.150479922364096
"1934","244388",2024-09-26 08:00:00,-28.1638364975497,39.0727666498773,-3135.18393769225,4705.16360358083,2.67830192169694,2.419462602675,-1.01113604079519,1.40340830431578,1.34043810347449,1.07115893099989,1.75051977190249,NA,-1.73139212086722,0.877358606680096,0.150409598831475
"1935","244388",2024-09-26 14:00:00,-28.286473607032,39.0254222202609,-3148.83583827218,4698.40468149618,3.67239422076454,1.27839080900997,-2.72312936694705,-3.1558410053929,1.83052158459985,1.06232053622038,2.53853539737769,NA,-1.73710970897271,0.885241267072388,0.149680427429468
"1936","244388",2024-09-26 20:00:00,-28.3180570622125,39.012559626752,-3152.35169242036,4696.56919763817,6.25189995267878,2.45138286053113,-0.311789839134905,-0.0998708562759953,1.19246117905123,0.823314750990032,0.661137564083695,NA,-1.7368589377677,0.898018404074562,0.149712347438784
"1937","244388",2024-09-27 02:00:00,-28.2344161999003,39.0504094410027,-3143.04083421825,4701.97130449707,4.42111587807247,1.27155735964481,2.32511636188248,1.23047102645763,1.79419287089729,1.15325661843892,1.79390212020969,NA,-1.73873919718853,0.910642926289915,0.149473150734209
"1938","244388",2024-09-27 08:00:00,-28.2087970141603,39.1002223085956,-3140.18891950714,4709.08528564277,2.50205129279068,1.54886476890478,0.417149306610969,1.18419929197884,0.768502557147459,0.311416353826301,1.27736055089321,NA,-1.7368406465768,0.925357278144376,0.149714675895974
"1939","244388",2024-09-27 14:00:00,-28.1201787990651,38.9669997872596,-3130.32398492774,4690.07054307814,1.74160352643465,0.625101816567493,3.489585185617,-2.58873141514499,1.0277966788683,0.459744404563063,3.57018107790128,NA,-1.74059298973897,0.936409415986874,0.149237629477174
"1940","244388",2024-09-27 20:00:00,-28.0851758323723,38.9787939121552,-3126.42747249923,4691.75245235373,3.88127966141543,2.79877306430187,0.550880271890464,0.377094344579728,0.687220423994314,0.486792516412297,0.70742281781186,NA,-1.72635649577583,0.960866829051647,0.151054217424507
"1941","244388",2024-09-28 02:00:00,-28.1435777019579,39.0584007069363,-3132.92873888289,4703.11222931793,4.79456223335161,2.53148107599291,-1.62675898263576,2.08554274706176,2.17538344159996,1.42208039918063,2.18155381632801,NA,-1.70159665340717,1.00004149359303,0.154256848000462
"1942","244388",2024-09-28 08:00:00,-28.2246148761704,39.1092486392151,-3141.94975585154,4710.37491525706,22.4567915776959,3.87831011189677,-1.50757966755781,1.21079551185399,3.54531601665604,1.09103159398409,1.92989532530861,NA,-1.67758664539331,1.03870936607374,0.157415301335781
"1943","244388",2024-09-28 14:00:00,-28.3060536571866,39.1600862935579,-3151.0154794851,4717.64141559375,47.4567982304866,18.0507742275883,-1.51095393230367,1.21108338966763,5.09015180895115,3.01860868668306,1.93610482755806,NA,-1.66623852270266,1.06941955209618,0.158926325992137
"1944","244389",2024-07-05 19:00:00,-28.5546999999998,38.6545999999995,-3178.69466375467,4645.6228090992,9.99999999981661e-06,9.99999999233323e-06,9.57308322137858e-11,-2.21815638155382e-11,9.99999999976618e-06,9.999999999386e-06,0,NA,0.254223593203844,0.754294160761253,0.563215796652268
"1945","244389",2024-07-06 01:00:00,-28.4474886820743,38.6711561377263,-3166.75995443592,4647.9734694579,0.892997003299199,0.270326508553558,1.24762974616463,1.18468094228325,0.951658037196753,0.399474091995468,2.02726112811049,NA,0.254223593203844,0.746236215489109,0.563215796652268
"1946","244389",2024-07-06 07:00:00,-28.4576312356645,38.6125207351279,-3167.88901833693,4639.65080832857,1.1899890943152,0.249039370698906,-0.20263228652957,-1.41301422649646,0.246412250008715,0.0618075390313429,1.39978304115688,NA,0.254223593203844,0.738090304540367,0.563215796652268
"1947","244389",2024-07-06 13:00:00,-28.5835715165058,38.6322780185331,-3181.90862627054,4642.45437421772,5.96477656080266,4.71866927890492,-3.18140741445915,1.18369404576392,1.34750147354972,1.10969400025026,2.38285924802098,NA,0.261950400568247,0.72401628192144,0.56511568287645
"1948","244389",2024-07-06 19:00:00,-28.8040452826125,38.7205555130636,-3206.45165364682,4654.99051165775,4.62358904782323,3.62607796612814,-4.09050443152732,2.08935610963107,0.847625202186605,0.686181851506538,4.59328070095921,NA,0.273940677764724,0.706715794828046,0.568060078647476
"1949","244389",2024-07-07 01:00:00,-28.9166684537761,38.7522604432182,-3218.98880771228,4659.49668430839,0.442536227411512,0.482409870603915,-0.708818440680596,-0.234149606028227,0.778110264196128,0.584591367707332,2.22035387888527,NA,0.268938388696538,0.707836818556181,0.566832262397973
"1950","244389",2024-07-07 07:00:00,-28.9349428670067,38.6969689394475,-3221.02310608765,4651.63949577375,2.65638849042705,2.08809931528991,-0.339049661466776,-1.30953131945499,0.443087000566608,0.349736556593618,1.35268441373595,NA,0.268746848023345,0.713007953559613,0.566785232154022
"1951","244389",2024-07-07 13:00:00,-28.9199735374969,38.6696936251367,-3219.35672794911,4647.76579809569,3.28388631688268,2.54329436307757,0.622372651248433,0.0926400665518519,1.30056249029062,1.10148251313072,0.70283866316022,NA,0.276402624278322,0.712305744345086,0.56866405960221
"1952","244389",2024-07-07 19:00:00,-28.8419552619204,38.7319114191292,-3210.67177323936,4656.60427723135,1.23358917048651,1.61749846984163,1.44749234659071,1.47307972084191,0.543945075903929,0.394586436852519,2.06515929312572,NA,0.284800972530365,0.711676697255796,0.570722851193599
"1953","244389",2024-07-08 01:00:00,-28.7896936926539,38.771706912877,-3204.85404196055,4662.26157931595,9.05074862225422,5.27125765455305,0.859328090052725,0.701384516721442,1.91379937719611,1.32524576528354,1.35256614758161,NA,0.295948472677651,0.708461151910412,0.573451789828796
"1954","244389",2024-07-08 07:00:00,-28.7607442708166,38.7687737069885,-3201.63140706287,4661.84448805958,19.4150554782616,9.38995500902841,0.537105830903436,-0.0695151757046611,2.265857260928,1.1928417941887,0.542002327146712,NA,0.30621779349141,0.707943826740821,0.575961799988405
"1955","244389",2024-07-08 13:00:00,-28.7388680213373,38.7539580728888,-3199.19615411036,4659.738022683,31.5817790830158,13.3622333380456,0.403531018470086,-0.347529732098805,2.84771640075715,1.7265673797123,0.537010896712553,NA,0.318248784451847,0.706461205991778,0.578897408314622
"1956","244389",2024-07-08 19:00:00,-28.7180452808027,38.7403818630935,-3196.87817723713,4657.80816384787,47.5875680883981,23.9949976154383,0.386329478858926,-0.321643139253143,3.52551402772878,2.52467369741859,0.503012557896758,NA,0.330102405915647,0.705207639493515,0.581784293569964
"1957","244389",2024-07-09 01:00:00,-28.6981490960814,38.7278580478253,-3194.66334408522,4656.02823089552,66.5472061636927,38.5950863825653,0.369138858639364,-0.296655492122653,4.01152250488815,3.04462275634328,0.473842740882041,NA,0.341698817084727,0.704262471243523,0.584603126804477
"1958","244389",2024-07-09 07:00:00,-28.6791788786298,38.7163492266621,-3192.55158913828,4654.39283015167,87.4427974493483,55.3431525446269,0.351959157811398,-0.272566790707335,4.37666634936295,3.4220152463799,0.445393163536131,NA,0.353069425882583,0.703570216751737,0.587361708274971
"1959","244389",2024-07-09 13:00:00,-28.6611340399047,38.7058179295403,-3190.54284687996,4652.89656794201,109.616049921042,73.4381424395722,0.33479037637503,-0.249377035007189,4.65534900846123,3.70616493649408,0.417653738846389,NA,0.364243750324607,0.703082354441265,0.590067336771039
"1960","244389",2024-07-09 19:00:00,-28.6440139913627,38.6962266221227,-3188.6370517939,4651.53405059227,132.597831607151,92.3983490647685,0.317632514330259,-0.227086225022215,4.86781862089049,3.92235071176697,0.390613817526379,NA,0.375248332231578,0.702755978507827,0.592726549178704
"1961","244389",2024-07-10 01:00:00,-28.6278181444603,38.6875377109588,-3186.83413836376,4650.29988442814,156.027620019133,111.878130507249,0.300485571677085,-0.205694360752414,5.02745601082803,4.08592854368268,0.364262179898202,NA,0.38610696454903,0.702553222653298,0.595345180038981
"1962","244389",2024-07-10 07:00:00,-28.6125459106543,38.6797135484396,-3185.1340410732,4649.18867577534,179.614045640059,131.606429243508,0.283349548415509,-0.185201442197784,5.14383189232321,4.20726530763079,0.3385870379728,NA,0.396840904336338,0.702440742927148,0.597928417359487
"1963","244389",2024-07-10 13:00:00,-28.5981967014011,38.6727164375443,-3183.53669440585,4648.19503095958,203.11362696154,151.360076613141,0.266224444545529,-0.165607469358327,5.22420422049563,4.29389473774205,0.313576053074211,NA,0.407469072366279,0.702389253535201,0.600480854899423
"1964","244389",2024-07-10 19:00:00,-28.5847699281575,38.6665086363829,-3182.04203284537,4647.31355630656,226.318242584372,170.949874895959,0.249110260067147,-0.146912442234042,5.27433480524675,4.3516033565957,0.289216377264864,NA,0.41800824015926,0.702373109892914,0.603006541129825
"1965","244389",2024-07-11 01:00:00,-28.57226500238,38.6610523625325,-3180.64999087541,4646.538858142,249.047187566495,190.212369191954,0.232006994980362,-0.12911636082493,5.2989707525885,4.38503416621999,0.265494731638831,NA,0.42847320517453,0.702369933698686,0.605509025052546
"1966","244389",2024-07-11 07:00:00,-28.5606813355253,38.6563097971681,-3179.36050297963,4645.8655427916,271.141840013848,209.004542261172,0.214914649285174,-0.112219225130989,5.30214700313766,4.39804873300274,0.242397542814631,NA,0.438876954792498,0.70236027533515,0.607991399043915
"1967","244389",2024-07-11 13:00:00,-28.55001833905,38.6522430889894,-3178.17350364166,4645.28821658108,292.461905472851,227.200172811053,0.197833222981584,-0.0962210351522205,5.2873843302225,4.393956651698,0.219911173636271,NA,0.449230819646659,0.702327309439608,0.610456338872795
"1968","244389",2024-07-11 19:00:00,-28.5402754244106,38.6488143579424,-3177.08892734517,4644.80148583613,312.882678335989,244.687219886152,0.18076271606959,-0.0811217908886242,5.25782484486343,4.37566788994847,0.198022311305875,NA,0.459544616799347,0.702256559995866,0.612906141028179
"1969","244389",2024-07-12 01:00:00,-28.5314520030639,38.6459856987364,-3176.1067085738,4644.39995688248,332.292982225455,261.365876588113,0.163703128549194,-0.0669214923402002,5.21632616318458,4.34579693832224,0.176718629007403,NA,0.469826783201363,0.702135651774241,0.615342757478678
"1970","244389",2024-07-12 07:00:00,-28.5235474864665,38.643719184158,-3175.2267818112,4644.07823604583,350.593583836599,277.14708142622,0.146654460420395,-0.0536201395069483,5.16552782428759,4.30673553541874,0.155989945372809,NA,0.480084499830485,0.701954085376288,0.61776782797519
"1971","244389",2024-07-12 13:00:00,-28.5165612860748,38.6419768681798,-3174.44908154103,4643.83092965188,367.695952858681,291.9513592916,0.129616711683194,-0.0412177323888686,5.10789843473788,4.26070412171407,0.135830342583819,NA,0.490323806866638,0.701703033522131,0.620182709998754
"1972","244389",2024-07-12 19:00:00,-28.5104928133457,38.6407207888662,-3173.77354224693,4643.65264402636,383.521273310454,305.707901124505,0.112589882337589,-0.029714270985961,5.04576653400277,4.20978677697331,0.116242260196899,NA,0.500549710231241,0.701375156551159,0.62258850644787
"1973","244389",2024-07-13 01:00:00,-28.5053414797357,38.6399129710753,-3173.20009841255,4643.53798549495,397.999645103705,318.353824758078,0.095573972383582,-0.0191097552982257,4.98133917846706,4.15595373773741,0.0972450141245616,NA,0.510766279793884,0.70096443539296,0.624986091153366
"1974","244389",2024-07-13 07:00:00,-28.5011066967013,38.6395154289574,-3172.72868452155,4643.48156038339,411.069441231552,329.833576494167,0.0785689818211719,-0.00940418532566247,4.91671032737237,4.10107341302761,0.0788943059983,NA,0.520976739530192,0.700466020508267,0.627376132303933
"1975","244389",2024-07-13 13:00:00,-28.4977878756993,38.6394901682499,-3172.35923505758,4643.47797501737,422.676779056182,340.098442166314,0.061574910650359,-0.000597561068271463,4.85385844195904,4.04691488478546,0.0613328106005062,NA,0.531183549899677,0.699876095503421,0.629759113861687
"1976","244389",2024-07-13 19:00:00,-28.4953844281863,38.6397991883691,-3172.09168450427,4643.5218357226,432.775091072788,349.106147697054,0.0445917588711434,0.00731011747394737,4.79463604742974,3.99514211682254,0.044943826049665,NA,0.541388482700811,0.699191754290973,0.632135355044287
"1977","244389",2024-07-14 01:00:00,-28.4938957656188,38.6404044842989,-3171.9259673453,4643.60774882479,441.324775524737,356.820534193306,0.027619526483525,0.014318850300994,4.7407509169025,3.94730049204541,0.0309033222035507,NA,0.551592688651893,0.698410890808158,0.634505027948106
"1978","244389",2024-07-14 07:00:00,-28.4933212994535,38.6412680482756,-3171.8620180643,4643.73032064966,448.29290993221,363.211293729953,0.0106582134875037,0.0204286374128685,4.6937406515424,3.90479660873097,0.0229733183300589,NA,0.56179675793986,0.697532100418426,0.636868173385566
"1979","244389",2024-07-14 13:00:00,-28.493660441147,38.6423518712708,-3171.89977114493,4643.8841575229,453.653023089854,368.253756452019,-0.00629218011692026,0.0256394788095708,4.65494312562213,3.86887302046743,0.0265317127477838,NA,0.57200077397454,0.696554592213285,0.639224715008865
"1980","244389",2024-07-14 19:00:00,-28.4949126021559,38.6436179442695,-3172.03916107083,4644.06386577024,457.384916864199,371.928725231439,-0.0232316543297471,0.0299513744911009,4.62546482589783,3.84058025812951,0.0381320697592405,NA,0.582204360582527,0.695478111506114,0.641574471791772
"1981","244389",2024-07-15 01:00:00,-28.4970771939369,38.6450282593471,-3172.28012232566,4644.26405171737,459.474536460426,374.222346917268,-0.0401602091509766,0.0333643244574588,4.60615043237629,3.8207483831506,0.0524743779584052,NA,0.59240672287242,0.694302871869864,0.643917168940856
"1982","244389",2024-07-15 07:00:00,-28.5001536279465,38.6465448105413,-3172.62258939307,4644.47932169001,459.913878275316,375.126025078739,-0.057077844580609,0.0358783287086446,4.59755671544529,3.8099616996826,0.067695794776849,NA,0.602606682001358,0.69302949611965,0.646252447307384
"1983","244389",2024-07-15 13:00:00,-28.5041413156414,38.6481295945223,-3173.06649675671,4644.70428201387,458.700941137623,374.636365342323,-0.0739845606186442,0.0374933872446582,4.59993390338485,3.8085389935168,0.0832265679982167,NA,0.612802704071237,0.691658965681982,0.648579871370907
"1984","244389",2024-07-15 19:00:00,-28.5090396684781,38.6497446110595,-3173.61177890022,4644.93353901465,455.839704251592,372.755152792845,-0.0908803572650821,0.0382095000654996,4.61321705795507,3.81652220205568,0.0988704368407001,NA,0.622992923381494,0.690192577826997,0.650898935865442
"1985","244389",2024-07-16 01:00:00,-28.5148480979134,38.6513518632845,-3174.25837030727,4645.16169901806,451.340151686862,369.489361197077,-0.107765234519923,0.0380266671711688,4.63702862330362,3.83367496532746,0.114558541959753,NA,0.633175160263705,0.688631910270722,0.653209071118773
"1986","244389",2024-07-16 07:00:00,-28.5215660154038,38.6529133577521,-3175.00620546149,4645.38336834982,445.218329321126,364.851195770718,-0.124639192383166,0.0369448885616659,4.67069129504904,3.85949115115446,0.130273705199532,NA,0.64334693372124,0.686978792682897,0.655509647174947
"1987","244389",2024-07-16 13:00:00,-28.529192832406,38.6543911042969,-3175.85521884655,4645.59315333563,437.496439868888,358.858169656608,-0.141502230854813,0.0349641642369908,4.71325024013087,3.89321222938487,0.146022742440863,NA,0.65350546909474,0.685235284663736,0.657799976769288
"1988","244389",2024-07-16 19:00:00,-28.5377279603765,38.655747115688,-3176.80534494608,4645.7856603012,428.202985223408,351.533219108788,-0.158354349934862,0.0320844941971435,4.76350105233728,3.93385110985294,0.16182479556768,NA,0.663647700971082,0.683403659781826,0.660079317224248
"1989","244389",2024-07-17 01:00:00,-28.547170810772,38.656943407079,-3177.85651824375,4645.95549557224,417.372949528708,342.904853743734,-0.175195549623314,0.028305878442124,4.82002120150639,3.98021995701154,0.177705817205209,NA,0.673770271549652,0.681486395296192,0.662346871333089
"1990","244389",2024-07-17 07:00:00,-28.5575207950492,38.6579419952564,-3179.00867322319,4646.09726547446,405.048032053172,333.007350317571,-0.192025829920168,0.0236283169719323,4.88120126591442,4.03095871753332,0.193695699593321,NA,0.683869524675129,0.679486167219907,0.664601787296726
"1991","244389",2024-07-17 13:00:00,-28.5687773246645,38.6587048976838,-3180.26174436807,4646.20557633357,391.276933802955,321.880995788372,-0.208845190825426,0.0180518097865685,4.9452733412718,4.08456142069146,0.20982664711881,NA,0.693941495740363,0.677405850421421,0.666843157776996
"1992","244389",2024-07-17 19:00:00,-28.5809398110746,38.659194131343,-3181.61566616203,4646.27503447527,376.115715279648,309.572388077936,-0.225653632339086,0.0115763568860325,5.01033347460438,4.13939794295068,0.226132179242315,NA,0.70398189765637,0.675248523504406,0.669070018127165
"1993","244389",2024-07-18 01:00:00,-28.5940076657363,38.659371711372,-3183.07037308872,4646.30024622528,359.628227945596,296.134802884592,-0.242451154461149,0.00420195827032429,5.07435741694547,4.1937296906893,0.242646474444856,NA,0.713986103078808,0.673017478258424,0.671281343857586
"1994","244389",2024-07-18 07:00:00,-28.607980300106,38.6591996495005,-3184.6257996318,4646.27581790931,341.88664160433,281.628640395837,-0.259237757191615,-0.00407138606055607,5.13520783010543,4.24571796507034,0.259403910126403,NA,0.723949123071411,0.670716233532503,0.67347604739109
"1995","244389",2024-07-18 13:00:00,-28.6228571256404,38.6586399522807,-3186.28188027491,4646.19635585306,322.972081716567,266.12197076453,-0.276013440530484,-0.0132436761066086,5.19063272941052,4.29342399765912,0.276438722076326,NA,0.733865582376778,0.668348553453075,0.675652974158813
"1996","244389",2024-07-18 19:00:00,-28.638637553796,38.6576546191168,-3188.0385495017,4646.05646638224,302.975413438825,249.691203774217,-0.292778204477755,-0.0233149118678333,5.23825303915446,4.33479973677613,0.293784741654712,NA,0.743729691453351,0.665918469988149,0.67781089808283
"1997","244389",2024-07-19 01:00:00,-28.6553209960297,38.6562056400901,-3189.89574179582,4645.85075582256,281.998204368397,232.421912935997,-0.309532049033429,-0.0342850933442302,5.27553921117007,4.36766871345826,0.311475186955662,NA,0.753535215424463,0.663430309952808,0.679948516487044
"1998","244389",2024-07-19 07:00:00,-28.6729068637978,38.654254993582,-3191.85339164094,4645.57383049973,260.153921403544,214.409860256815,-0.326274974197506,-0.0461542205357993,5.29977416350399,4.38969500782399,0.329542494075561,NA,0.763275440070689,0.660888726658817,0.682064444472255
"1999","244389",2024-07-19 13:00:00,-28.6913945685572,38.6517646436933,-3193.91143352068,4645.22029673947,237.569429733291,195.762284721209,-0.343006979969986,-0.0589222934425406,5.30799990658924,4.39833754189682,0.348018180102292,NA,0.772943134980329,0.658298736535388,0.684157208785206
"2000","244389",2024-07-19 19:00:00,-28.7107835217643,38.6486965374617,-3196.06980191871,4644.78476086747,214.386906312018,176.599550893347,-0.359728066350869,-0.072589312064454,5.29694103120373,4.39078427859829,0.366932732529037,NA,0.782530513954551,0.655665761191126,0.686225241204578
"2001","244389",2024-07-20 01:00:00,-28.7310731348758,38.645012601876,-3198.32843131868,4644.26182920945,190.766322144548,157.057291635054,-0.376438233340154,-0.0871552764015396,5.26289664073211,4.36385883280079,0.386315521547055,NA,0.792029192743242,0.652995675551284,0.6882668714593
"2002","244389",2024-07-20 07:00:00,-28.7522628193483,38.6406747406881,-3200.68725620423,4643.64610809111,166.888739807519,137.289258322373,-0.393137480937842,-0.102620186453797,5.20158345750182,4.31388501945982,0.406194732643312,NA,0.801430144164856,0.650294862892246,0.690280319686217
"2003","244389",2024-07-20 13:00:00,-28.7743519866385,38.6356448310225,-3203.14621105902,4642.93220383817,142.960805848368,117.471215289786,-0.409825809143933,-0.118984042221227,5.10790369539546,4.23648492946038,0.426597317454189,NA,0.810723650638211,0.6475702778095,0.692263688424848
"2004","244389",2024-07-20 19:00:00,-28.7973400482029,38.629884719784,-3205.70523036669,4642.11472277634,119.221088958242,97.806447339326,-0.426503217958427,-0.13624684370383,4.9755849378631,4.12626475048674,0.447548961099869,NA,0.819899254125976,0.644829518399045,0.694214954136786
"2005","244389",2024-07-21 01:00:00,-28.8212264154982,38.6233562198635,-3208.36424861091,4641.18827123132,95.9494078548981,78.5338809816464,-0.443169707381323,-0.154408590901604,4.7965936068406,3.97630038864506,0.469074064352906,NA,0.828945703458332,0.642080909208358,0.696131958225974
"2006","244389",2024-07-21 07:00:00,-28.846010499981,38.6160211061424,-3211.12320027531,4640.14745552882,73.4813572657426,59.9407254157916,-0.459825277412622,-0.17346928381455,4.56011274767518,3.77723530764904,0.491195739059804,NA,0.837850898970431,0.639333596824613,0.698012397523653
"2007","244389",2024-07-21 13:00:00,-28.8716917131079,38.6078411112947,-3213.98201984355,4638.98688199455,52.2327840037817,42.3836125247093,-0.476469928052324,-0.193428922442669,4.25059536418036,3.51554746803589,0.513935815267204,NA,0.846601834348672,0.636597660317675,0.699853814187984
"2008","244389",2024-07-21 19:00:00,-28.8982694663355,38.5987779213902,-3216.94064179928,4637.70115695422,32.7464226837771,26.3276125641013,-0.493103659300429,-0.21428750678596,3.84357641322368,3.16977161563548,0.537314858535802,NA,0.855184535537794,0.633884239145932,0.701653584953128
"2009","244389",2024-07-22 01:00:00,-28.9257431711205,38.5887931712951,-3219.99900062614,4636.28488673354,15.8060504189411,12.4290917885093,-0.509726471156937,-0.236045036844423,3.2948390331731,2.7005227594631,0.561352195967543,NA,0.863583996512988,0.631205681565973,0.703408909645678
"2010","244389",2024-07-22 07:00:00,-28.9541122389194,38.5778484398737,-3223.1570308078,4634.73267765822,3.23930279733497,1.71150701229332,-0.526338363621847,-0.258701512618058,2.50176003945737,2.01339696842796,0.586065949525465,NA,0.871784111668009,0.628575717063073,0.705116798867595
"2011","244389",2024-07-22 13:00:00,-28.9833752574603,38.5659061270913,-3226.41457513084,4633.03926112519,5.38443597269687,2.7380520313602,-0.542939326593974,-0.282257765693308,0.960206646460019,0.535969420343173,0.611449934094361,NA,0.87976760451092,0.626009656837103,0.706774060723948
"2012","244389",2024-07-22 19:00:00,-28.9457869726301,38.6075001587247,-3222.23026640376,4638.93851071233,1.89787382574213,1.4584005127157,0.934608474125415,1.22527955051505,1.02968025929603,0.560629645987341,1.20529784459072,NA,0.887515981150707,0.62352460841766,0.708377292411919
"2013","244389",2024-07-23 01:00:00,-28.9481890075855,38.5530903789412,-3222.49765971186,4631.22230729516,3.37180638715569,2.78562790421556,-0.515661652347271,-1.376902628366,1.19267968579073,0.981776274591345,1.28670193337094,NA,0.897213707474383,0.619728898736191,0.710376582281612
"2014","244389",2024-07-23 07:00:00,-29.0159362238234,38.5491256774638,-3230.03924532612,4630.6602775323,1.71508468287134,0.686456785231828,-1.25693089697608,-0.0936716928340165,0.535395983373131,0.454345276819452,1.26044529617374,NA,0.912522954112574,0.612698290075726,0.713516159635286
"2015","244389",2024-07-23 13:00:00,-29.0620372855975,38.5443477047281,-3235.17119204784,4629.98300124523,8.95684922449676,7.57068716326835,-0.781311992785827,-0.121286035761854,1.76390309626137,1.46945689802902,0.862743779618281,NA,0.930377278537525,0.604720695984578,0.71715182086001
"2016","244389",2024-07-23 19:00:00,-29.0834040255124,38.5370954400348,-3237.54972665509,4628.95508145392,15.4001917470985,12.7246561340248,-0.396422441186343,-0.171319966214674,1.68595318669031,1.37926010914714,0.431843081780961,NA,0.948328099953283,0.597243701295658,0.720778821150888
"2017","244389",2024-07-24 01:00:00,-29.0913503640187,38.5282915452945,-3238.43430901128,4627.70737748187,16.9416377938322,13.5781181225166,-0.147430399343909,-0.207950663004424,1.46890179472235,1.19729627393103,0.25490307475913,NA,0.966599286693306,0.589978082552533,0.724441144822033
"2018","244389",2024-07-24 07:00:00,-29.0932010297216,38.5185030071359,-3238.64032417495,4626.32030873107,13.1782782534914,9.68327462214976,-0.0343358672585253,-0.231178126131106,1.565749465427,1.29497180205413,0.233708634764652,NA,0.984936208809876,0.582963672962123,0.728086569292374
"2019","244389",2024-07-24 13:00:00,-29.0962532670423,38.5083553920677,-3238.98009767927,4624.8825583219,8.95328793099597,4.89436840540536,-0.0731936627958052,-0.239453533142606,1.96394737741959,1.61698286693326,0.246221480594594,NA,1.00325235347055,0.576227961429714,0.731697549393779
"2020","244389",2024-07-24 19:00:00,-29.0992524298309,38.4847593460618,-3239.3139629537,4621.54017561817,15.2009766963769,11.1345544258562,-0.0555946045786647,-0.557960922155451,2.05172497630782,1.64814029453447,0.559831998489517,NA,1.02152739524228,0.569783014519961,0.735270010746318
"2021","244389",2024-07-25 01:00:00,-29.1057113331164,38.4545687697048,-3240.03296477853,4617.26528539464,20.6707987248703,15.5403140997535,-0.119833639226257,-0.712481693241718,1.81538646149755,1.41961712269673,0.722482912986081,NA,1.03958344660454,0.563693743336172,0.738769623829218
"2022","244389",2024-07-25 07:00:00,-29.1200566134112,38.4247872768996,-3241.62987407623,4613.05008682447,21.8504447165829,15.8778496587528,-0.266151551370992,-0.702533084349739,1.62439330801664,1.28540206431222,0.751234934788142,NA,1.05723512965446,0.558059817526786,0.742161820545812
"2023","244389",2024-07-25 13:00:00,-29.1467122333247,38.4023914838376,-3244.59716411178,4609.88139618752,18.311785664816,12.279447010796,-0.494548341012871,-0.528115095479513,1.66449183623654,1.37157255278726,0.723495604186802,NA,1.07455886963847,0.552866585051643,0.745462919606267
"2024","244389",2024-07-25 19:00:00,-29.1901021554665,38.394365194445,-3249.42730815016,4608.74602976366,10.2172167666823,5.41936543913741,-0.805024008151892,-0.189227726631042,1.79834798615203,1.43920195089276,0.827026072420712,NA,1.09173875163304,0.548042264224521,0.748708998452017
"2025","244389",2024-07-26 01:00:00,-29.2485805048131,38.4016234424607,-3255.93708822186,4609.77274666259,2.40778054821933,1.73352328112935,-1.17833968996387,0.27420157966454,1.70521664717598,1.04805695434814,1.09855775870611,NA,1.10880133165284,0.543545290765474,0.751905575077212
"2026","244389",2024-07-26 07:00:00,-29.2922274973458,38.395476911273,-3260.79584920526,4608.90328114602,9.33621868677998,7.06635869735781,-0.74279744196756,-0.215799809270325,1.66594904675713,1.20909387449392,0.822678014044536,NA,1.12534312426959,0.539430508663325,0.754978465600701
"2027","244389",2024-07-26 13:00:00,-29.32576216153,38.3775463683182,-3264.52891094617,4606.36731871274,11.8993809607296,7.66290454055603,-0.622176973589105,-0.422660385188368,1.29105343590982,0.962843456697388,0.752102841079084,NA,1.14200856521752,0.535662912121127,0.75804822310459
"2028","244389",2024-07-26 19:00:00,-29.3764848797932,38.3665448416482,-3270.17533811488,4604.81165841296,7.91488667880132,3.03732051712743,-0.941071211554785,-0.259276696270154,1.28438263883388,1.03261045851268,0.976113857204649,NA,1.15856060442311,0.532181785684246,0.761071070789085
"2029","244389",2024-07-27 01:00:00,-29.4518478461414,38.3695898061563,-3278.56470515343,4605.24220482513,5.23408762001664,1.05286478832356,-1.49930040346588,0.15785436007415,1.48713152716425,0.484358850282096,1.40017452958439,NA,1.17468928196862,0.528969087244767,0.763991579307707
"2030","244389",2024-07-27 07:00:00,-29.4921496803538,38.3513880858787,-3283.05108481599,4602.66882238167,8.26897951448427,6.32195304727808,-0.679606773177297,-0.482107999761245,1.30412897405866,1.12578633984467,0.86211364626907,NA,1.18992228049704,0.526019697664312,0.766727163869091
"2031","244389",2024-07-27 13:00:00,-29.5115407453671,38.3061728966925,-3285.20968829921,4596.27906183086,6.83935223046417,6.7826689628258,-0.359767274745934,-1.06496009428673,1.23434009673572,0.917458585841534,1.12409920289908,NA,1.20597106334938,0.52348016563353,0.769585298915081
"2032","244389",2024-07-27 19:00:00,-29.5456788733096,38.2417007335576,-3289.00992731841,4587.17486868223,12.0645958216339,5.17042666319649,-0.660359644412268,-1.5610429084772,1.7585272369147,0.943833215731977,1.64404057393557,NA,1.22159286698238,0.521146397507953,0.772343742944097
"2033","244389",2024-07-28 01:00:00,-29.5953820160204,38.1867568715119,-3294.54285585579,4579.42260157948,17.5463861262445,2.33833552180964,-0.987831083836438,-1.11504209333795,1.75383453203389,1.35804717897571,1.58708529515429,NA,1.23540572118219,0.518912596824532,0.774763301234426
"2034","244389",2024-07-28 07:00:00,-29.6637308616064,38.1722072771515,-3302.15141454274,4577.37072400717,18.3215085455111,8.66529698366452,-1.26809311102598,-0.34197962994926,1.56852029242139,1.28182554709215,1.31351077747177,NA,1.24840031498967,0.517021772013649,0.777022825209744
"2035","244389",2024-07-28 13:00:00,-29.7353821568973,38.168296318718,-3310.1276002492,4576.81924587785,14.3208158473929,9.36492690543403,-1.32936428094592,-0.0919130561178697,1.58005200935739,1.01701513260392,1.33287316741772,NA,1.26242061535907,0.515677196961395,0.779442521778359
"2036","244389",2024-07-28 19:00:00,-29.7985325318431,38.1527699547991,-3317.15746783157,4574.63019185417,4.64575579511915,4.05165239178997,-1.17164459359624,-0.364842371843779,1.81437218825415,1.18357135333356,1.22745025962317,NA,1.27589017237214,0.514438396835401,0.781749380788512
"2037","244389",2024-07-29 01:00:00,-29.8468888761521,38.1099204525314,-3322.54047145668,4568.59129911812,7.88741179547331,6.45186901189996,-0.800000598208872,-1.25369662939107,2.0051011480107,1.50311683556302,1.34846808563978,NA,1.28902912738505,0.51330483799498,0.783982813581213
"2038","244389",2024-07-29 07:00:00,-29.8879510397211,38.0328890625165,-3327.11149059604,4557.7440380758,16.8176712707426,10.8988254601623,-0.75869411311438,-1.85854996041379,2.00566661968668,1.28989403278332,1.96186208060822,NA,1.30165604665832,0.512161693862068,0.786113561053068
"2039","244389",2024-07-29 13:00:00,-29.9213978256427,37.9424080894549,-3330.83476977351,4545.01753822383,22.8918294014273,10.5390870044722,-0.620546518592444,-2.12108328015841,1.93127706726229,1.13837722324444,2.20995395651765,NA,1.31207302916494,0.510545081959555,0.787859841912665
"2040","244389",2024-07-29 19:00:00,-29.9436939526491,37.8577450567042,-3333.31676327852,4533.12365572468,28.7925973888667,10.4795954330787,-0.344945143843768,-1.92294165597593,2.11496499963966,1.55541882060886,2.02498616081988,NA,1.31984779906288,0.508557141079388,0.789156383138051
"2041","244389",2024-07-30 01:00:00,-29.9479063859863,37.7999187000832,-3333.78568921262,4525.00783897357,32.3807009627874,14.924172981428,-0.0725989191785642,-1.34075533233537,2.06915158381754,1.72409792133306,1.35485954398797,NA,1.32633128638306,0.506707083316616,0.790233139015163
"2042","244389",2024-07-30 07:00:00,-29.9463012167384,37.7654106614302,-3333.60700258931,4520.16775520402,33.2475616586088,19.1025262441152,0.0297810944362968,-0.806680634327782,1.95843462530031,1.58171072446529,0.807164204795217,NA,1.3338399945802,0.505556560088541,0.791475105541677
"2043","244389",2024-07-30 13:00:00,-29.9485330641995,37.7516329605991,-3333.85545071221,4518.23593656335,30.667771382354,20.2467159975463,-0.0414080299307031,-0.321969779512246,1.93927686150123,1.43047621998959,0.324552476257084,NA,1.34209316347819,0.504653480109106,0.792833950670462
"2044","244389",2024-07-30 19:00:00,-29.9639571169395,37.7564848840696,-3335.57244840919,4518.91619999243,24.5145395472487,17.7062070911995,-0.286166292279564,0.113377232111236,2.04397085289071,1.44106670911606,0.308048272987527,NA,1.35087478175742,0.503746517705632,0.794272607513064
"2045","244389",2024-07-31 01:00:00,-30.0019285635285,37.7778509496424,-3339.79941050816,4521.9123624321,15.253789736858,11.7238879906403,-0.704493692610285,0.499360400542663,2.17396613294564,1.58287588435501,0.86379947115767,NA,1.35988355521694,0.502657129882843,0.795740771735884
"2046","244389",2024-07-31 07:00:00,-30.0718025925365,37.8136059652742,-3347.57775183701,4526.92824082321,2.88006903485553,2.37430285474024,-1.29639023092287,0.835979725782035,2.13646439642622,1.63915816029296,1.54285118883789,NA,1.36859590966815,0.501194039353235,0.797153206928288
"2047","244389",2024-07-31 13:00:00,-30.1772464688641,37.8592813073459,-3359.31571045707,4533.33935301492,7.38640820639786,5.75595406406779,-2.09098005820855,1.11495216834809,1.55785000194877,1.21062969313405,2.22939417437328,NA,1.37610353504752,0.499080269173278,0.798364481798384
"2048","244389",2024-07-31 19:00:00,-30.2969567401036,37.8723129647005,-3372.64179689417,4535.16924539137,7.36366683504342,5.12045308115754,-2.22101438312415,0.304981975444835,1.00223683755654,0.807359493485876,2.24198075609185,NA,1.38118516368347,0.496006613228748,0.799181275283297
"2049","244389",2024-08-01 01:00:00,-30.3830986236022,37.8066794958635,-3382.2310675012,4525.95637255945,2.05483992038563,1.32194331518739,-1.35799841717206,-2.11837376579345,1.1681630918766,0.790074246415342,2.21604902949356,NA,1.38555933308957,0.49292318860656,0.799882369581948
"2050","244389",2024-08-01 07:00:00,-30.5427758238032,37.7418783700417,-3400.00625211888,4516.86843130571,3.47464634051278,1.45298642395059,-3.51632614959415,-1.1824857216077,0.804672026060124,0.352995213825473,3.32706567612595,NA,1.3915946851912,0.490699587198131,0.800846703528248
"2051","244389",2024-08-01 13:00:00,-30.6211121551689,37.6682077803663,-3408.72661263713,4506.5463441919,8.70953629749164,6.3794467300604,-1.28966066886396,-1.76259537509999,1.37513614548091,1.10546016106402,2.2520708888336,NA,1.39284533580382,0.486864921488776,0.801046096323147
"2052","244389",2024-08-01 19:00:00,-30.6158472141996,37.5936530327294,-3408.14052208936,4496.11089007657,8.41860521514452,6.00010662652657,0.0976817205015413,-1.7392423188127,1.11701452610886,0.870620067761421,1.74200754648176,NA,1.39652035008701,0.484921669989279,0.801631140014684
"2053","244389",2024-08-02 01:00:00,-30.5880662890293,37.5462039887053,-3405.04796364564,4489.47492053672,2.78698177603863,0.674576649342771,0.486650854278848,-1.01499973148682,1.39755152545614,1.12318848930761,1.22023071355334,NA,1.40161640540745,0.483819045955602,0.802440262402922
"2054","244389",2024-08-02 07:00:00,-30.5835916898772,37.5527156159458,-3404.54985354653,4490.38534958786,2.0491010333804,0.910017933503424,0.0827568239675005,0.152494308632868,0.502505674137376,0.175289833381705,0.172984942416407,NA,1.40764946877131,0.483171127032035,0.803394938423404
"2055","244389",2024-08-02 13:00:00,-30.5032251264554,37.5879047939647,-3395.6034886296,4495.30674512848,5.33308583338076,4.30567865381601,2.15294393850296,1.11038179432947,1.27796928394009,1.07374284602256,1.70180959781625,NA,1.41621197775332,0.483443053174865,0.804743887087925
"2056","244389",2024-08-02 19:00:00,-30.3223436793096,37.6739084371435,-3375.46785803939,4507.34470189148,2.28734971941263,2.31381934583137,3.35593834192604,2.0063260993073,0.763139880207543,0.618205964333331,3.90991107621424,NA,1.42439590268252,0.483249965354775,0.806026630409542
"2057","244389",2024-08-03 01:00:00,-30.1651250608094,37.7765340436116,-3357.96636148472,4521.72766751052,2.5165822401554,1.57434159123062,2.73456600409167,2.2895513550075,1.01248744950743,0.937568660908244,3.77552348530792,NA,1.42583671880688,0.480014260412417,0.806251799376562
"2058","244389",2024-08-03 07:00:00,-30.0129637156176,37.8596781204776,-3341.02783801954,4533.39506830424,5.99454481613053,4.62632744205427,2.84516096225612,1.88958580840455,1.06759235025565,0.81557893025443,3.428068383682,NA,1.42321529962104,0.476372455710304,0.805841979142206
"2059","244389",2024-08-03 13:00:00,-29.8610947825647,37.9346114191554,-3324.12186572478,4543.92164625789,4.81943635882593,1.8128915735039,2.78175239380839,1.75236934522223,1.25400521752179,1.03565143708375,3.31921020459377,NA,1.41857926665625,0.473317745482965,0.805115593618136
"2060","244389",2024-08-03 19:00:00,-29.7025942781391,38.0014112507313,-3306.47767028165,4553.31476617798,2.95966018837586,1.25746288461199,2.94069902169681,1.56551971181182,0.807980984741728,0.357444095184318,3.33118561862884,NA,1.41103155553718,0.470318314517368,0.803928596040513
"2061","244389",2024-08-04 01:00:00,-29.6528306963909,38.0002673378627,-3300.93801370139,4553.15384125494,1.63646609592522,0.747422066405003,0.38538344767097,0.443040382136858,0.92669645716015,0.513195027651163,0.923928514337459,NA,1.400219849359,0.467479801381352,0.802218773013892
"2062","244389",2024-08-04 07:00:00,-29.6437162595196,38.0118727091824,-3299.92339923001,4554.78659483692,10.6162942885632,8.38206106687986,0.15114936782692,0.21670610687383,2.07457384430035,1.66160331445808,0.32029396051508,NA,1.39947587924556,0.469083221737927,0.802100705337664
"2063","244389",2024-08-04 13:00:00,-29.6431313514591,38.0069511527431,-3299.85828756255,4554.09415182842,22.0221710829785,17.8488771251097,0.0108519445725961,-0.115407163685675,2.39135417304903,1.98154475989466,0.115981509026614,NA,1.39951094309981,0.470616723030272,0.802106271145354
"2064","244389",2024-08-04 19:00:00,-29.6511131921428,37.9906229244896,-3300.74682200305,4551.79717202971,31.7834549042049,26.1269754855682,-0.148089073420711,-0.382829962054525,2.38212999753753,1.99892547708155,0.410575393392068,NA,1.39975551401357,0.471822541695866,0.802145089458613
"2065","244389",2024-08-05 01:00:00,-29.668666651137,37.9656407909745,-3302.70086411995,4548.28379827393,38.7637199398411,32.2072326162482,-0.325673686153,-0.585562288232722,2.2466173723421,1.89594993708044,0.670128616798143,NA,1.39993652536968,0.472606979558502,0.802173815900176
"2066","244389",2024-08-05 07:00:00,-29.696796598008,37.9347574661367,-3305.83227548167,4543.94217339423,42.3471156230012,35.5313408074597,-0.521901893624273,-0.723604142220264,2.10986588330137,1.78030286928305,0.89225194139338,NA,1.39986298061844,0.472938791056655,0.802162144751794
"2067","244389",2024-08-05 13:00:00,-29.7365079023221,37.9007283679642,-3310.25291765666,4539.16044022374,42.2842158412496,35.8553061090645,-0.736773695834528,-0.796955524017152,2.05941509410589,1.72814575583667,1.08538582363966,NA,1.39937311154507,0.47281433425575,0.802084391983435
"2068","244389",2024-08-05 19:00:00,-29.7888054336457,37.8663133263001,-3316.07465221334,4534.32674159562,38.6537140206857,33.2106807522601,-0.970289092783766,-0.805616433623385,2.12352683146107,1.76972365363329,1.26114679329723,NA,1.39833305734413,0.472248573506771,0.801919236684094
"2069","244389",2024-08-06 01:00:00,-29.8546940615449,37.8342772427773,-3323.40934072015,4529.829220343,31.8804567551178,27.9127698973602,-1.22244808447199,-0.749586871038964,2.25573968120176,1.87405626353953,1.4339379056447,NA,1.39662516057744,0.471267731684255,0.801647806311036
"2070","244389",2024-08-06 07:00:00,-29.9351786555861,37.80738970466,-3332.36884474552,4526.05601929903,22.8195802478151,20.6163592118871,-1.49325067089919,-0.628866836263889,2.35577382999801,1.9629896545501,1.62021783529642,NA,1.39412574189341,0.469904021953556,0.801250077584707
"2071","244389",2024-08-06 13:00:00,-30.0312640853357,37.7884235544905,-3343.06502585789,4523.39528129686,12.944558557811,12.4202395382467,-1.78269685206538,-0.44345632929816,2.2812232359271,1.92406619637272,1.83697140293147,NA,1.39067208833835,0.468193961313634,0.800699516550004
"2072","244389",2024-08-06 19:00:00,-30.1439552203598,37.7801524168794,-3355.60974562569,4522.23514916962,3.6265193048791,4.22151372253382,-2.09078662797055,-0.193355350141777,1.76101365695968,1.55711828948742,2.09967776699104,NA,1.38601820559506,0.466183502712435,0.799955811455434
"2073","244389",2024-08-07 01:00:00,-30.2508705876735,37.7760594233801,-3367.51150987303,4521.66110325055,0.295195937977692,0.251518821619613,-1.20142547828502,-0.0839097442048014,0.858551203236269,0.472009260708247,1.98589843640835,NA,1.37977859578078,0.463946363474192,0.798955439407815
"2074","244389",2024-08-07 07:00:00,-30.3049497440565,37.8004034615716,-3373.53157402412,4525.07584766197,10.2562497702403,6.61893233516076,-1.00083754408314,0.577448090611899,1.72939766346841,1.1156023503636,1.15369764452676,NA,1.372602959134,0.461822210468456,0.797800375258981
"2075","244389",2024-08-07 13:00:00,-30.3592606451602,37.8248134460279,-3379.5774358795,4528.50098203589,18.6651588446123,11.2262065348517,-1.03452714507208,0.4883582543226,2.08441812909439,1.53955310238091,1.15828678600855,NA,1.36724138230927,0.4602083380553,0.796934091731974
"2076","244389",2024-08-07 19:00:00,-30.4202078489321,37.8305396450817,-3386.36204756867,4529.30463017957,26.0590324489885,17.2718991092405,-1.13076860883308,0.133941365459714,2.17041012241847,1.73898410294923,1.13868569196826,NA,1.36143711170363,0.458431790882074,0.795993166748015
"2077","244389",2024-08-08 01:00:00,-30.4813547281697,37.8251691669018,-3393.16888702899,4528.55090414438,31.3113258921444,21.9806054573091,-1.13447323735927,-0.125620997684854,2.04900336927293,1.64558297718847,1.14133188682911,NA,1.35551339149472,0.456556698395241,0.795029538613618
"2078","244389",2024-08-08 07:00:00,-30.5377136476667,37.8127556844303,-3399.44273324906,4526.80893108464,33.1818284778213,23.7371936962809,-1.04564103065065,-0.290328835111106,1.92567242838738,1.51746850048249,1.08508409918337,NA,1.34925731578205,0.454558076662182,0.794008181894716
"2079","244389",2024-08-08 13:00:00,-30.5842969722171,37.7973525843259,-3404.62836521747,4524.64783815464,31.3008270165692,22.0517412707345,-0.864271988707223,-0.360182146819041,1.92102885607194,1.50489967840197,0.936205570227968,NA,1.34270732532813,0.452462741487825,0.792934807554298
"2080","244389",2024-08-08 19:00:00,-30.6161170666147,37.7830157450737,-3408.17056192281,4522.63675250871,25.9310921600633,17.0894973212362,-0.590366111528986,-0.335180932808659,2.0359672616627,1.6204435340962,0.678795056827938,NA,1.33602495725856,0.450283376344018,0.7918354870696
"2081","244389",2024-08-09 01:00:00,-30.6281862956535,37.7738040674347,-3409.51410235367,4521.34480130116,18.0318844636201,9.64062376004944,-0.22392339911594,-0.215325193079961,2.15012650290244,1.73014779993152,0.310632736917283,NA,1.32942756644065,0.44799191940924,0.790745931800122
"2082","244389",2024-08-09 07:00:00,-30.6156014226519,37.7737464436676,-3408.11316069943,4521.33671999479,9.70207777955763,0.885835804564987,0.235372086772935,-0.000291076358671654,2.05606323428191,1.59756788651423,0.233481973801602,NA,1.32308091413535,0.445521428520117,0.789693833665937
"2083","244389",2024-08-09 13:00:00,-30.5735683205262,37.787013798746,-3403.43405717434,4523.19753588796,2.87025288055719,1.51412828909215,0.779850493791121,0.310135978850904,1.27269238527892,0.275857752571595,0.83913023596689,NA,1.31694874942145,0.442805592729947,0.788673610006893
"2084","244389",2024-08-09 19:00:00,-30.5869774766486,37.8080938390396,-3404.92675760585,4526.15481471392,4.94125576412494,4.15630949338991,-0.607655398097076,0.487873003540991,1.31171126198094,1.10135825383026,0.552174891178258,NA,1.3106061208927,0.439860863653678,0.787614564160118
"2085","244389",2024-08-10 01:00:00,-30.647745384659,37.8045107784747,-3411.69141018214,4525.65209391587,2.19232773089862,3.76439551315572,-1.12744204667046,-0.0837868335803832,0.728128953431192,0.687985300163796,1.13053402420144,NA,1.3051287531325,0.436629879201985,0.786696878388176
"2086","244389",2024-08-10 07:00:00,-30.6702671912151,37.7511638260629,-3414.19852621971,4518.1701639891,5.550243070602,5.26762138607235,-0.271597823826343,-1.47694711264867,1.13100790508743,0.962362648790385,1.31513916235561,NA,1.29978381656245,0.43311787709095,0.785798597475802
"2087","244389",2024-08-10 13:00:00,-30.6403596416711,37.6439830013938,-3410.8692330336,4503.15443532299,5.01027296249075,3.94494999722644,0.69348596541165,-2.6341919959817,1.17861097152983,1.02522414055517,2.56337554191589,NA,1.29504062492473,0.429318888255819,0.784999145198958
"2088","244389",2024-08-10 19:00:00,-30.588577370622,37.5492538368372,-3405.1048569883,4489.90132782542,1.44403098564823,0.691733262497514,0.960729234887568,-2.2088507064916,0.757301407815035,0.625434366226144,2.4089115507124,NA,1.28685083391043,0.426116588941813,0.783613683190108
"2089","244389",2024-08-11 01:00:00,-30.6166645869325,37.5591969463946,-3408.23151160578,4491.29162232762,2.61266791211579,1.85849170432001,-0.386957802755567,0.184764301207936,1.11386109244762,0.874570563677562,0.570390035092788,NA,1.2768772404813,0.424235600758201,0.781917744834122
"2090","244389",2024-08-11 07:00:00,-30.5408843591847,37.5675172114983,-3399.79569524069,4492.455146522,1.01997463015863,1.28432268256368,1.40596938984772,0.193920640049584,0.406920421346148,0.326657501798763,1.41924486348677,NA,1.27806920724493,0.420079695858443,0.782120933546774
"2091","244389",2024-08-11 13:00:00,-30.5048373636353,37.5840601847956,-3395.78296205151,4494.7689417654,5.33305749781434,4.51838766342452,0.0527328523627633,0.592575119223905,1.27080058939778,1.04482563525411,0.771842077075051,NA,1.28072303649781,0.415130159534978,0.782572828096195
"2092","244389",2024-08-11 19:00:00,-30.5890040565821,37.6075394409937,-3405.1523554521,4498.0537757712,3.78678071957483,2.83088576391496,-1.56156548528864,0.547472245796333,0.782478865460374,0.667684588199296,1.65482962853411,NA,1.28422093765544,0.409761339012821,0.783167416756883
"2093","244389",2024-08-12 01:00:00,-30.6481409707037,37.5780211739168,-3411.73544661921,4493.92423094771,2.66297646470345,1.0129536648251,-0.663297650826704,-1.35655505451129,1.10960341164415,0.5390708417875,1.29491028227721,NA,1.28967609292216,0.403659096003544,0.784092359498168
"2094","244389",2024-08-12 07:00:00,-30.653210965349,37.521410153699,-3412.29983584144,4486.00908186508,2.06518772616696,1.33188846255113,0.0188320854944435,-1.24464616275316,0.694611655758814,0.30357761122896,1.32250145286115,NA,1.29673851550864,0.397295060082506,0.785285568841076
"2095","244389",2024-08-12 13:00:00,-30.5334976028326,37.3648088601329,-3398.97340528496,4464.14513743323,0.83037347129263,0.705690331236207,2.74146802028091,-3.70613000543823,0.767295053283568,0.574581697084617,4.26761088013524,NA,1.30395942169083,0.390863083585356,0.786500593061581
"2096","244389",2024-08-12 19:00:00,-30.5919001437005,37.2070068523617,-3405.47474639542,4442.16005346701,1.02283275381455,0.83099566751075,-1.65862762142223,-3.65467939532191,0.286163062452041,0.243735161946553,3.82100709292703,NA,1.30423704468049,0.384746798568038,0.786547207087072
"2097","244389",2024-08-13 01:00:00,-30.6340163441303,37.0530827398844,-3410.1631003814,4420.75986484216,5.26270237037674,4.44527825537963,-0.57208384746383,-3.5271395161605,1.20410395439308,1.00317272087847,3.65132988411329,NA,1.30792132397391,0.380067157321224,0.78716511027801
"2098","244389",2024-08-13 07:00:00,-30.6426680478606,36.910444958082,-3411.12620363515,4400.96787107775,3.45907354490758,2.41427050477425,-0.160517190306239,-3.2986656076918,0.714328715358618,0.616570924327248,3.30250580858248,NA,1.30636184808228,0.376877363034815,0.786903724611406
"2099","244389",2024-08-13 13:00:00,-30.6242819704409,36.762661263897,-3409.07947485911,4380.5011758828,2.0784810253047,1.79840149277611,0.573900466107951,-3.92877212409258,1.28020971987205,1.0335111868147,3.42818601137555,NA,1.3015538980601,0.374930410326664,0.786096385384865
"2100","244389",2024-08-13 19:00:00,-30.662134650833,36.6521040024052,-3413.29321596552,4365.21600316582,2.18074464369429,2.02385192444172,-0.714344393035905,-2.53447264806957,0.430375371215193,0.388585870494919,2.64254543615759,NA,1.29102223481715,0.374424459014094,0.784320162767992
"2101","244389",2024-08-14 01:00:00,-30.7307544274527,36.5688792744709,-3420.93193455717,4353.72430855223,3.79338165361036,2.26548282728134,-1.43386376824163,-1.73209717463074,0.979812819693703,0.593302406226841,2.29996918978615,NA,1.2819143137304,0.375154804591466,0.782775458776831
"2102","244389",2024-08-14 07:00:00,-30.74638896186,36.4786216678813,-3422.67236296618,4341.27562035794,3.74531172288067,2.93094749322676,0.0217815968048244,-2.17938803400503,0.915425333157296,0.675969252496118,2.09497818588128,NA,1.2724445746776,0.37663934379615,0.781160931578374
"2103","244389",2024-08-14 13:00:00,-30.6732869711843,36.4251786561663,-3414.53468658819,4333.91144148236,0.683290928703356,0.6372444530165,2.30702191170649,-0.487401046372732,0.613067455086003,0.55189911539293,1.82923668763678,NA,1.26192032469187,0.37884933204376,0.779356503846977
"2104","244389",2024-08-14 19:00:00,-30.5003584387297,36.4864038763539,-3395.28437041171,4342.348396771,2.88724474573841,2.37122205761539,3.3520544984831,1.72170080235267,0.588328964226998,0.486890350710782,3.50290381182637,NA,1.25390639624043,0.380747283428981,0.777975344492147
"2105","244389",2024-08-15 01:00:00,-30.5093139004766,36.5377467706935,-3396.2812878532,4349.42873435699,0.890030713611577,0.904423242872964,-1.65008098836682,0.317362890379868,0.607538827955608,0.462899109392125,1.19188671966006,NA,1.24777280529247,0.382024275282888,0.776914085013061
"2106","244389",2024-08-15 07:00:00,-30.4092662845969,36.5271164816384,-3385.14403819838,4347.9623969292,4.49775555833282,3.18224760345334,2.41394954319334,-0.334194210006123,0.858625079394878,0.617634764896438,1.87221627409258,NA,1.25484414557634,0.379639021481252,0.778137279437337
"2107","244389",2024-08-15 13:00:00,-30.23408931471,36.4950271173858,-3365.64342711187,4343.5372363769,1.16521362564557,0.914964079031075,3.19414280773582,-0.723691177788891,1.24900898259491,0.892887068791194,3.33278633954865,NA,1.26549570663501,0.376329435316032,0.779970712195425
"2108","244389",2024-08-15 19:00:00,-30.0517358847493,36.4793360986899,-3345.34393614424,4341.3741000202,2.97934664342315,2.53267865936603,3.38324835399281,-0.36052285457322,0.498336180798215,0.423562336569448,3.40235953886763,NA,1.2706167672878,0.374510631330679,0.78084831001926
"2109","244389",2024-08-16 01:00:00,-29.9529394751876,36.4358014537469,-3334.34597013963,4335.37480225999,1.93509445840501,1.90182359965992,1.27241128528789,-1.20806982683921,1.21409993199149,1.07438182432795,2.08797422657343,NA,1.27180246513199,0.374025427362836,0.781051144078261
"2110","244389",2024-08-16 07:00:00,-29.9127177690372,36.3768692677705,-3329.86851029212,4327.25904882464,6.46655106505349,5.48859478391276,0.746243346911546,-1.35262549349592,1.01658544832973,0.851541865395219,1.54484029954927,NA,1.2766848223184,0.373477209091885,0.781884931450142
"2111","244389",2024-08-16 13:00:00,-29.8745389443058,36.3551172293505,-3325.61846296394,4324.26506859457,0.774011589313834,0.839434594557961,0.708341260358762,-0.498996625950068,1.03597851438676,0.877356573267771,0.866455900334609,NA,1.28226304771494,0.372856088557882,0.782834750972407
"2112","244389",2024-08-16 19:00:00,-29.811924619245,36.4126085584698,-3318.64826818181,4332.1800880555,2.74195222555499,2.36579907632305,1.17989354688963,1.39206401998389,0.484590244211895,0.422552562832346,1.75782127954868,NA,1.28936543195976,0.372050017700757,0.784039762586544
"2113","244389",2024-08-17 01:00:00,-29.6809997844356,36.412676182038,-3304.07378223864,4332.18940149078,0.722784570773767,0.605743471902157,1.48265090339823,-0.44268900024017,0.58057568404583,0.437431529180203,2.429078331138,NA,1.29767933726408,0.371063322029875,0.785444160236498
"2114","244389",2024-08-17 07:00:00,-29.5710837807484,36.45504053147,-3291.83798867814,4338.02562713691,0.889857505442244,0.686648795588755,2.28720466697865,1.25100600542245,0.187753338040278,0.153782207504346,2.259437647697,NA,1.30626889233167,0.370329890433285,0.786888136794205
"2115","244389",2024-08-17 13:00:00,-29.4270826354325,36.5240413836808,-3275.80785450792,4347.53825716545,3.60705774018256,3.24147508185283,2.4800573313166,1.80710715323817,1.08424265874573,0.900902769018306,3.10676945444086,NA,1.3143802696873,0.369983828108519,0.788245210388002
"2116","244389",2024-08-17 19:00:00,-29.2695552258602,36.655437900554,-3258.27198348836,4365.67660956323,2.45368378745045,1.4926238593004,2.93610454789819,3.05958444572577,0.585123139886446,0.518966838396436,4.20464163496763,NA,1.31747019946,0.369100895939882,0.788760505723359
"2117","244389",2024-08-18 01:00:00,-29.1698412769011,36.7120028908924,-3247.17187746524,4373.49461322156,3.49229855614938,3.16350960177938,1.18817390087043,1.07319556409795,1.3463246737146,1.10938445779342,2.2631320863366,NA,1.31120981702023,0.367046472264787,0.787715531623691
"2118","244389",2024-08-18 07:00:00,-29.1662521987441,36.7742371568401,-3246.77234311239,4382.10289334388,5.24094956643782,3.90400921351391,0.0665891028729146,1.43471342612639,0.824123231826906,0.648525460354852,1.43616672119078,NA,1.3140053106132,0.367625372723015,0.788182617442806
"2119","244389",2024-08-18 13:00:00,-29.1797807023783,36.8782770940983,-3248.27832924815,4396.50951671945,1.85975706147889,0.799075887867983,-0.0113281546185623,2.72845877162203,0.983258053910084,0.654884409689191,2.41429453249371,NA,1.31958104830536,0.368684767053401,0.78911199543319
"2120","244389",2024-08-18 19:00:00,-29.0981856930667,36.9699608091883,-3239.1952143603,4409.22156451151,3.06338406778431,2.32808986845446,1.84116574145126,1.9008836619132,0.731636876813708,0.569422842564739,2.60380917337608,NA,1.32130346437103,0.368627041659072,0.789398487282499
"2121","244389",2024-08-19 01:00:00,-29.0240847435556,37.0204864608575,-3230.94633439342,4416.23360133618,0.794723011108357,0.367725533489846,1.09402735900286,0.556934020915807,0.792166246179324,0.533124372188886,1.804490692656,NA,1.32254884142978,0.368510155004999,0.789605454749883
"2122","244389",2024-08-19 07:00:00,-28.8927629830025,37.0830833733505,-3216.32766287858,4424.92743455915,4.27958980976711,3.2534454238016,2.72009791633665,1.68107059499992,0.877647865966386,0.667133408681707,2.83452764124807,NA,1.32565679294462,0.369025847073915,0.79012130990835
"2123","244389",2024-08-19 13:00:00,-28.7079528049026,37.0841371045951,-3195.75468795908,4425.07384497993,7.15099462852241,5.15157098029554,3.43719248711291,0.00483992821366146,1.07755677912879,0.820221819119024,3.4288171297883,NA,1.32466141101996,0.367985298648559,0.789956198429008
"2124","244389",2024-08-19 19:00:00,-28.5349345204469,37.0314590515843,-3176.49438063555,4417.75701771851,2.4808914741522,0.893163819909006,3.21005117912564,-1.21947119100795,0.98731389293328,0.789727594518133,3.43407723986946,NA,1.32155426262578,0.366318406711508,0.789440179093819
"2125","244389",2024-08-20 01:00:00,-28.4029131322253,36.9772679139086,-3161.79782692491,4410.2353665286,2.2414867337451,0.931113604787932,1.95697635353239,-0.576173416931359,0.872228958044627,0.561708682180058,2.75178142870301,NA,1.31589651761676,0.364115761865894,0.788498183843466
"2126","244389",2024-08-20 07:00:00,-28.2028222519911,36.9330970447285,-3139.52381202485,4404.10850955184,2.92344538892983,1.37126678873012,3.82034980466989,-1.05139260470623,0.541826089676251,0.265379894586378,3.85003151686649,NA,1.30987847263885,0.362114259241694,0.787492819241897
"2127","244389",2024-08-20 13:00:00,-28.0638668299637,36.8604879122332,-3124.0553652018,4394.04481115965,1.00199110117577,0.920936411199745,2.29777564344147,-1.96606908240876,0.884926964567303,0.707796657308485,3.07573034080323,NA,1.29710334208334,0.358271414615995,0.785347076629703
"2128","244389",2024-08-20 19:00:00,-27.9849969349585,36.7801866130531,-3115.2756086509,4382.92619454039,2.07899332622091,1.86709958283453,0.959145235885106,-1.83880813261379,0.564283487069421,0.504706282383683,2.36114641259226,NA,1.28432540456273,0.35539433935923,0.783185156406792
"2129","244389",2024-08-21 01:00:00,-27.9071819859624,36.7207779036745,-3106.61328815255,4374.70795191369,0.84044464564388,0.842084737048075,0.937848204758401,-0.551592744079228,0.473393966167153,0.467310846718874,1.99014104344824,NA,1.27179302232924,0.353087169804067,0.781049529257875
"2130","244389",2024-08-21 07:00:00,-27.8456292481681,36.642237697575,-3099.76126872436,4363.85300703155,0.661822027938626,0.524484595403919,1.24057925469057,-2.12832535035529,0.151599568393818,0.140544686908713,2.13942064948949,NA,1.25888477413406,0.35091692597347,0.778834068119039
"2131","244389",2024-08-21 13:00:00,-27.7967306942382,36.5247647889217,-3094.31790660035,4347.63803292159,0.7344851503444,0.770101047964021,0.238332294923776,-2.65903335885189,0.733456694128963,0.674313981116755,2.85069621714962,NA,1.24368206513695,0.348640367565681,0.776204280634302
"2132","244389",2024-08-21 19:00:00,-27.7625910889782,36.4217626943303,-3090.51750312693,4333.44091301185,1.87522136421314,0.903709326410007,0.685146643412795,-2.3205142051335,0.405556199543484,0.269648525441113,2.44951954856122,NA,1.22317805976487,0.346991519379629,0.772622345288827
"2133","244389",2024-08-22 01:00:00,-27.7632236410094,36.3319661813799,-3090.58791849694,4321.07945371084,4.94984557599216,4.1860136373325,-0.07333822746435,-1.86331206964243,1.39699610920874,1.11540935061695,2.06011969966317,NA,1.20104763542465,0.347438851544125,0.768711099586136
"2134","244389",2024-08-22 07:00:00,-27.7610012517611,36.2806370705716,-3090.34052325748,4314.01990346776,5.62221314527775,3.07909776451538,0.0412325009497588,-1.17659169948302,0.874221809332432,0.668390917022215,1.17741266052997,NA,1.17810162096415,0.350042681481258,0.764606298496192
"2135","244389",2024-08-22 13:00:00,-27.7898484439639,36.2594840997608,-3093.55177800431,4311.11199202101,0.757981328075176,0.502944902640242,-0.728780960099896,-0.444201764608743,1.18949550115711,0.482471982792368,0.722217554930282,NA,1.15706877817053,0.353751531034999,0.760799688629212
"2136","244389",2024-08-22 19:00:00,-27.7748572001946,36.1676771469821,-3091.88296038155,4298.50042877775,4.18914313190675,1.35738074652838,0.780434935412725,-2.93783180632253,0.861155387962226,0.459703785505233,2.1203329610702,NA,1.13721613061101,0.357885325722006,0.757168150649075
"2137","244389",2024-08-23 01:00:00,-27.7566808224337,36.0959107997392,-3089.85957526474,4288.65222737491,0.376461329194653,0.358164632561346,-0.241680801927771,-1.11597914174847,1.30359566301551,0.708994161759478,1.67555629611668,NA,1.11596407096001,0.363451351231746,0.753239325884896
"2138","244389",2024-08-23 07:00:00,-27.8766433260901,36.0089700963564,-3103.21374008606,4276.73385563864,2.60111563279198,1.51903263766904,-2.26828141559484,-2.00514051362072,0.444867382184629,0.262134334865033,2.9832169132149,NA,1.09434730941516,0.370776523578535,0.749199464036235
"2139","244389",2024-08-23 13:00:00,-27.9779832213701,35.9421016827709,-3114.49484562567,4267.57613685364,6.23180455594881,4.4997404836762,-1.6911362830616,-1.14201367683291,1.39774759493212,1.1628104903015,2.42155170746827,NA,1.07110810794725,0.380662446732723,0.7448075901958
"2140","244389",2024-08-23 19:00:00,-28.073322875282,35.9433231241618,-3125.10800735155,4267.74334475153,5.50249180444827,4.43244932576971,-1.76886036307986,0.0278679037595459,0.859807083991335,0.676949059877631,1.76913590954092,NA,1.04677239594448,0.393883759381407,0.740154629122917
"2141","244389",2024-08-24 01:00:00,-28.2215737872826,35.9496304699107,-3141.6112233851,4268.60682352041,1.5343432073008,1.2775832575803,-3.32128561027513,-0.0719485705884115,1.43937964954929,1.19468654159277,2.75449072751231,NA,1.0256459425602,0.406015055867218,0.736070900664515
"2142","244389",2024-08-24 07:00:00,-28.4323830905472,35.8866550892115,-3165.078407679,4259.98857821949,1.9587298423618,1.4169499031399,-3.91119713237998,-1.43637414693058,0.366911680384943,0.279778739238931,4.16659446107712,NA,0.999972846120628,0.423826202289861,0.73105323981979
"2143","244389",2024-08-24 13:00:00,-28.4415505705852,35.7817949164224,-3166.09892688868,4245.65368051003,1.23092607159088,0.600137983130175,0.79793373408396,-2.25914067111031,0.791097250019236,0.608873593559458,2.39521103239591,NA,0.965502719910987,0.453917129015039,0.724222187525706
"2144","244389",2024-08-24 19:00:00,-28.4303426731035,35.7711434909611,-3164.85126944816,4244.19864681386,4.41496905970561,4.15062803204683,0.184499466701306,-0.163105466907402,0.75626389794531,0.710097775915415,0.319367730580114,NA,0.94490522646353,0.472356172896156,0.720089424583795
"2145","244389",2024-08-25 01:00:00,-28.4069806271827,35.7787748146921,-3162.25061839237,4245.24110075251,4.82026498728502,5.16298610503626,0.616732124650492,0.148931322009004,1.420299686655,1.22315047707083,0.466948057398737,NA,0.933769840735524,0.480505412100372,0.717839478175768
"2146","244389",2024-08-25 07:00:00,-28.3695444840337,35.7966594759832,-3158.08324599976,4247.6845764988,6.82336445443625,7.18078630576358,0.694561983923864,0.407246037587443,1.02475278008088,1.01349417273766,0.805143347063796,NA,0.922750364974547,0.488115451312255,0.715602179916457
"2147","244389",2024-08-25 13:00:00,-28.4264730427452,35.8832414061849,-3164.42050416711,4259.52160986759,4.80477417379968,6.49720572128622,-1.56873622186995,2.39539320907739,1.31840796935642,1.12671177966555,2.23768711664089,NA,0.911290036726167,0.495939494122179,0.713264071615195
"2148","244389",2024-08-25 19:00:00,-28.6480490091116,36.0821996787618,-3189.08622791505,4286.77173925588,3.41654949545101,3.37837740408642,-4.11095368876126,4.54168794273281,0.746525944847486,0.859173333353954,6.12629423914045,NA,0.899995448975642,0.503352612229342,0.710948567387202
"2149","244389",2024-08-26 01:00:00,-28.7027789004285,36.1761643275926,-3195.17873154762,4299.66569089009,0.978699919896483,1.03474491670236,0.212915522899192,0.627034467356867,0.910731035663852,0.869220502987375,2.37677848911274,NA,0.865361157277288,0.543718530032864,0.703779535407027
"2150","244389",2024-08-26 07:00:00,-28.77403218625,36.0976471855835,-3203.11061104261,4288.89039730014,3.70974255393243,3.14514078298864,-1.34057068363617,-1.82526334860308,0.618537974899552,0.522509142634968,2.22994532521779,NA,0.858440764323982,0.555994102921588,0.702334782417481
"2151","244389",2024-08-26 13:00:00,-28.8172929899919,36.0391880577318,-3207.92638168647,4280.87481608874,3.12524167132425,2.69915464347508,-0.428999786341079,-0.905887774899154,1.0902590820209,0.925121537842697,1.55844805665267,NA,0.869723626877441,0.543634366819914,0.704688187246133
"2152","244389",2024-08-26 19:00:00,-28.7370589299085,36.0432251472786,-3198.99476697371,4281.42816563483,4.41918780075566,2.62467793979564,1.58373779921066,0.141510318444008,0.737738634467113,0.510532210544749,1.49131798197678,NA,0.880980850815913,0.532289027567836,0.707025436240142
"2153","244389",2024-08-27 01:00:00,-28.6018343936766,36.0265281888476,-3183.94164045762,4279.13975830697,2.85741564851813,0.710242172734136,2.80160630114451,-0.7401571168844,1.26978117591364,0.698321876064118,2.53782186623805,NA,0.899105227880707,0.511901851298485,0.710765591978305
"2154","244389",2024-08-27 07:00:00,-28.4968244001134,36.0098320885188,-3172.25198144595,4276.85195774263,6.42547052211084,2.93406976321296,1.73853092275713,-0.281857288369607,1.18398823853153,0.602818454456203,1.98564094092037,NA,0.91329294176369,0.496965286432158,0.71367352758539
"2155","244389",2024-08-27 13:00:00,-28.463058413058,36.0373508145138,-3168.49316896082,4280.62300115207,7.33302638461951,1.76894103474318,0.0606634547699718,1.10158721950702,1.30409972923716,1.05838436646376,0.887387523646204,NA,0.926631923837688,0.483984251067713,0.716391476553953
"2156","244389",2024-08-27 19:00:00,-28.5708987624675,36.099762037849,-3180.49790174406,4289.1804864294,1.51701478847248,0.354658672681462,-2.0007888611465,1.42624715802663,1.10652911575816,0.287497805946957,2.45749484803722,NA,0.943661236162984,0.466662244381281,0.719838616460022
"2157","244389",2024-08-28 01:00:00,-28.7003506845614,36.0882339290174,-3194.90842379375,4287.5992993774,1.76664028729882,0.707624260618713,-2.03085474895058,-1.31236135775745,1.19599269470515,0.792955475714488,2.41603760044528,NA,0.96190023608338,0.447811841317578,0.723502102691806
"2158","244389",2024-08-28 07:00:00,-28.7711284415224,36.0084711934374,-3202.78736765815,4276.66550122203,2.51268053348872,2.11648612310123,-1.31315747765158,-1.8222994850016,0.448485590406587,0.355263701827545,2.24612005697692,NA,0.981489177525137,0.428235869993952,0.727403601757413
"2159","244389",2024-08-28 13:00:00,-28.9920087924552,36.0265317256941,-3227.37565585022,4279.14024299887,4.2273460834042,1.82755154696212,-5.18329362795129,0.320710675733079,1.15800300904593,0.85140072607622,4.1197931003651,NA,1.00184794594624,0.408627043113912,0.731421751682673
"2160","244389",2024-08-28 19:00:00,-29.2911675197594,35.9741028418973,-3260.67785304009,4271.95776198076,1.62268473741503,1.32680772067441,-5.60486289822264,-1.36454465410061,0.875798393079648,0.476806274290294,5.67712123067011,NA,1.0230011276802,0.38893836144639,0.735556770371736
"2161","244389",2024-08-29 01:00:00,-29.4702008824319,36.0443581124737,-3280.6077558078,4281.58346229899,1.14239634369547,1.13269886204896,-1.19358971381958,0.254437968209844,0.78775944629034,0.587125397434517,3.68873308802393,NA,1.02730131916697,0.388376704573842,0.736392365857445
"2162","244389",2024-08-29 07:00:00,-29.6293588841843,35.9826385514619,-3298.32514351855,4273.12678105636,6.41612175994751,4.93833892842677,-2.99198728387615,-1.44597540145837,1.07728421161614,0.818038052322709,3.27197084786731,NA,1.0466857230155,0.375907136536569,0.74013795933952
"2163","244389",2024-08-29 13:00:00,-29.8264287619315,35.8961759334203,-3320.26286196006,4261.29107151687,5.99683707177027,3.99266968188415,-3.69040656905464,-1.96747746354072,1.24612194698976,1.03930013905187,4.1546044921743,NA,1.0736814079193,0.358046852710035,0.74529638718159
"2164","244389",2024-08-29 19:00:00,-30.0273915774607,35.8148557404937,-3342.63394025315,4250.17119428817,2.46749393374289,1.94426973265577,-3.72994031994007,-1.84894171353502,0.864668126162829,0.601845015573936,4.16374683955621,NA,1.09000254253225,0.351143189001086,0.748382200382163
"2165","244389",2024-08-30 01:00:00,-30.1849953255579,35.8031243440278,-3360.17830923845,4248.56796980407,1.07285118532159,1.16104035228947,-2.17114046878783,0.792723925395415,0.856373663462714,0.728346263501798,2.93615626613968,NA,1.09824918804844,0.352275946380755,0.749931912453902
"2166","244389",2024-08-30 07:00:00,-30.2517466258371,35.6822978749667,-3367.60902999532,4232.06957605334,2.18996894016628,2.27701881984981,-1.23845352811038,-2.74973193398669,0.386886200881642,0.403275459688436,3.01571080145296,NA,1.11080849135074,0.350947748304609,0.752279808491827
"2167","244389",2024-08-30 13:00:00,-30.4307769540683,35.6664321797445,-3387.53859497057,4229.90504982046,6.61864559062291,5.6991465698689,-3.70922124812602,0.0968907931671288,1.28956292257117,1.07671391751432,3.3411132231872,NA,1.12647130464439,0.347330405520725,0.755187103116145
"2168","244389",2024-08-30 19:00:00,-30.6433214545913,35.7359143185974,-3411.1989405397,4239.38757968106,5.13448246181985,4.21673753372632,-3.9433908113756,1.58042154743117,0.890798653292507,0.753382325536922,4.24841458153574,NA,1.14864935713151,0.339660493887385,0.759264130050264
"2169","244389",2024-08-31 01:00:00,-30.755780652543,35.7848634507692,-3423.7178411907,4246.07289290135,0.585121925300703,0.243526026902337,-1.2149606049187,0.632322061874947,1.02021092935228,0.694274286247226,2.36521591645122,NA,1.16457421495798,0.337042152065128,0.762162879722325
"2170","244389",2024-08-31 07:00:00,-30.9231172523029,35.8500491842982,-3442.34566626705,4254.98220027452,1.82502364243271,1.65651682702224,-3.58934903486698,1.80870881073203,0.478290882312936,0.402992596143606,3.44155291657858,NA,1.18683260906065,0.332061713749535,0.766174100339598
"2171","244389",2024-08-31 13:00:00,-30.9228386009265,35.8156531202723,-3442.31464693773,4250.28017368615,1.26250674793568,1.10318137111032,0.734988851355258,-1.16667066130061,1.0349896928824,0.93816600548357,0.783818628390221,NA,1.2023015806193,0.33106000827527,0.768933968825865
"2172","244389",2024-08-31 19:00:00,-30.7772354884298,35.8276801736818,-3426.10618259667,4251.92406770485,4.60862745779287,3.8870368679055,2.70141061791781,0.273982231699643,0.756427350692389,0.632644336201755,2.71515929721216,NA,1.23648469130628,0.323001126004537,0.774951531233168
"2173","244389",2024-09-01 01:00:00,-30.6254106840846,35.8516175325349,-3409.20512268718,4255.19664636977,1.01114306433198,0.276431910403037,2.63127438478953,0.477510281610128,0.94121337522705,0.65417433627538,2.86926858716064,NA,1.27222986293495,0.318149772043495,0.781124224705677
"2174","244389",2024-09-01 07:00:00,-30.4972715842393,35.9157350311616,-3394.94074334169,4263.96733788676,8.21576640603862,6.4233699678071,2.37440706182376,1.62101869224085,1.5247621114162,1.22438220733445,2.79086755238575,NA,1.30479528855488,0.317905596208066,0.786640916048437
"2175","244389",2024-09-01 13:00:00,-30.3603056006919,36.0123079367922,-3379.69375979719,4277.19118256144,10.5815124854142,7.86299741316101,2.54116392614403,2.20397406903967,1.23351153915354,0.970277784983226,3.36368834283881,NA,1.33542223556205,0.320941079461692,0.791736121742782
"2176","244389",2024-09-01 19:00:00,-30.2021311522092,36.1059548725236,-3362.08586073559,4290.02998776818,6.26701345932567,3.63079358099093,2.93464984566104,2.13980082438312,1.23507720702281,0.968666573653175,3.63187463716811,NA,1.36038799307669,0.32518993772347,0.795822749520601
"2177","244389",2024-09-02 01:00:00,-30.0282583931566,36.163902623157,-3342.73043373504,4297.98223990615,6.27526338824876,1.04184575928412,3.23989111869315,0.453911771833914,1.64249068081386,0.763474414856543,3.48794385958715,NA,1.38012048141628,0.329249834910895,0.799010349395812
"2178","244389",2024-09-02 07:00:00,-29.9504632086303,36.2726860939062,-3334.0703134074,4312.92678477748,12.2591388045634,7.72511677846552,1.34956247688191,2.5983423463587,1.66351503300156,1.30417162050714,2.87876394548754,NA,1.39780029885989,0.333386491768567,0.801834597170524
"2179","244389",2024-09-02 13:00:00,-29.9434033209337,36.4395965596886,-3333.28441030396,4335.89765223797,14.0617592467675,9.95403692729652,0.130983872440758,3.82847784790778,1.38287328751388,1.0850677463229,3.83059789167933,NA,1.41690505945481,0.338664552205506,0.804852768820398
"2180","244389",2024-09-02 19:00:00,-29.9630257676983,36.6158513581492,-3335.4687710859,4360.20868972852,10.0978251020678,6.79411527146179,-0.364060108456848,4.05183951958419,1.41283132338727,1.0857839118917,4.06821289367913,NA,1.42888303399728,0.34067086758212,0.806727219864749
"2181","244389",2024-09-03 01:00:00,-29.9716107333585,36.7633961375121,-3336.42444509168,4380.6028506294,4.84976962633854,2.52739759324545,3.37878247830526e-05,3.15138564442209,1.65625912065072,1.34098168547732,3.40299175926974,NA,1.43355651996958,0.339444943386744,0.807454857995833
"2182","244389",2024-09-03 07:00:00,-29.9127654272224,36.8608138110579,-3329.87381557703,4394.08995950144,3.81895123470611,4.17414427907476,1.09177174481825,2.24785165638316,0.744744345057443,0.654523078020623,2.49955472700629,NA,1.43732161219345,0.338335673827906,0.808039545048238
"2183","244389",2024-09-03 13:00:00,-29.7236416948114,36.9997421315394,-3308.82065798812,4413.35409905381,2.27741673727943,2.35555178647853,5.02410564460807,4.09085890245471,1.04783964958067,1.03810770713694,4.75589296989711,NA,1.44476848411866,0.339082062946512,0.809191992594618
"2184","244389",2024-09-03 19:00:00,-29.5437862976689,37.2307812138542,-3288.79924676179,4445.46934171607,2.41043095721604,2.28822749324514,2.78638142958471,5.5909931096527,0.650292773977838,0.551487614767235,6.30684025449626,NA,1.44200913774885,0.334279749078285,0.808765585128423
"2185","244389",2024-09-04 01:00:00,-29.629842928113,37.3579360395904,-3298.37902704222,4463.18664179365,4.20557691120014,1.27487090225955,-2.18393599389193,0.604361498696024,1.34211054141492,0.762483782566396,3.35696440357261,NA,1.41937072936462,0.323166551595714,0.805239747670356
"2186","244389",2024-09-04 07:00:00,-29.8695146708772,37.4329927184318,-3325.05916340427,4473.65897949111,5.58981668773417,4.97526560731985,-4.84025799899507,1.9639301064283,0.955032740738304,0.909653067298468,4.77700847684011,NA,1.43173608916708,0.32792113909797,0.807171674449873
"2187","244389",2024-09-04 13:00:00,-30.1500349143032,37.491548621934,-3356.28653405965,4481.83638997199,4.29285516367993,5.17692754088402,-4.82516007450967,0.884779385152504,1.06463093332162,0.922324547654165,5.38048875274757,NA,1.44067356993657,0.331659873099947,0.808558935930731
"2188","244389",2024-09-04 19:00:00,-30.2933112331356,37.4495895338736,-3372.23598091481,4475.97609134417,2.06655119316773,1.24211138502103,-1.91559160699489,-1.57763088981729,0.736598287127871,0.939815639428646,2.83223215275655,NA,1.43968283554819,0.332191077072641,0.808405531901455
"2189","244389",2024-09-05 01:00:00,-30.4178317930156,37.3884115634208,-3386.09754623394,4467.43748628241,1.3324478072444,0.635430403385338,-3.16732564125656,-1.01827984086212,0.696051049807513,0.544562471454753,2.71347149395503,NA,1.45560586972264,0.340596739250931,0.810859683833121
"2190","244389",2024-09-05 07:00:00,-30.5632185283275,37.3463094079824,-3402.28192357696,4461.56537280401,5.63622863481455,4.57406379352305,-2.50333849924208,-0.933140877625192,1.2008147115837,0.970989629310562,2.8693396978298,NA,1.4697605329509,0.348609589002098,0.81302098549167
"2191","244389",2024-09-05 13:00:00,-30.7194957870072,37.3151750362516,-3419.67862843575,4457.22510438887,4.98214586032619,1.97464169680562,-2.95100305496807,-0.719721281587122,0.984762829676405,0.707834122265282,2.98845256921038,NA,1.48177755995414,0.355712253139524,0.814840920516657
"2192","244389",2024-09-05 19:00:00,-30.9571415703459,37.2666735514382,-3446.13323602618,4450.4673941101,4.6691201045544,2.95478056131187,-4.70026572793991,-1.26155715599675,0.893635339227412,0.637055992368166,4.55064839851042,NA,1.49132950176012,0.3614567087676,0.816277739665709
"2193","244389",2024-09-06 01:00:00,-31.1768806010465,37.1973716800696,-3470.59447303118,4440.81917860314,2.29761931745282,1.94830754793756,-3.5490472983332,-1.82266749305797,1.47660801345431,1.14156292510844,4.38252778126942,NA,1.49204949108675,0.361822886321108,0.816385690719932
"2194","244389",2024-09-06 07:00:00,-31.2978409269498,37.0859827702094,-3484.05971491693,4425.33029546747,8.82179944425435,6.20820832686955,-2.24420699542751,-2.58148049026818,1.40067552558783,0.9910934167057,3.4205476714649,NA,1.48841882953338,0.36016010756742,0.815840828930806
"2195","244389",2024-09-06 13:00:00,-31.3722742897375,36.9648269516198,-3492.34559896049,4408.50934176714,7.84014784114555,3.3696300108059,-1.38098068839583,-2.80349225104451,1.03178900033765,0.812060927886177,3.125136105748,NA,1.48693032598038,0.360126613417064,0.815617084205542
"2196","244389",2024-09-06 19:00:00,-31.4328689990736,36.8571723234984,-3499.09097114855,4393.58549763923,2.94311242173205,1.11384432891813,-1.06559766984132,-2.35957639771855,1.30878050482875,0.507815501296923,2.72962393404191,NA,1.48335875743164,0.358888388831589,0.815079365240458
"2197","244389",2024-09-07 01:00:00,-31.5086563722822,36.7330572028697,-3507.52758294269,4376.40607008262,1.16491931095771,1.07807738787436,-1.52004141536602,-3.00354349744498,1.03858343896731,0.836598863534975,3.18984754742901,NA,1.47867983105077,0.356946153516603,0.814373094171916
"2198","244389",2024-09-07 07:00:00,-31.5142847544363,36.5932549422916,-3508.15413157808,4357.08881290315,3.81433927145815,1.73982920698416,-0.029525454131046,-3.2307109873302,0.667619368022329,0.362620773238874,3.22122821202971,NA,1.46919164649537,0.352183465785208,0.812934489188256
"2199","244389",2024-09-07 13:00:00,-31.3847558877721,36.4804493871401,-3493.73504409799,4341.52756145198,2.95119517198602,1.40092734399406,3.18983359629513,-2.36154822401617,1.01000204301115,0.713515640528837,3.53577294720478,NA,1.45671484546984,0.346166260084295,0.811029704662836
"2200","244389",2024-09-07 19:00:00,-31.1479705095666,36.4175032735575,-3467.37621636886,4332.85423232536,1.209587299785,1.51431466539321,4.58019269610927,-1.18917982056437,0.579944561880756,0.370045946331419,4.62473902901768,NA,1.44468561325985,0.340829223161112,0.809179196980332
"2201","244389",2024-09-08 01:00:00,-31.0310332589717,36.3440984565263,-3454.35882117787,4322.74875171489,1.34209773149018,0.762146146078211,1.33221511293881,-3.00165643519144,1.03703277547445,0.719703778363845,2.74670121620396,NA,1.42774276739776,0.334249271125895,0.806549369122448
"2202","244389",2024-09-08 07:00:00,-30.8476715777868,36.2659740593579,-3433.94709219736,4312.00408612337,0.994285156690888,0.905198362581362,3.46565067856636,-1.75106420784467,0.273939276602847,0.1975820731431,3.84439721869028,NA,1.41786631036735,0.331273547069281,0.805003703251033
"2203","244389",2024-09-08 13:00:00,-30.6832519679491,36.2561069418,-3415.6439849538,4310.64780565538,6.04421506730625,4.91233900106876,2.97295311114675,0.0221304886203848,1.20484363271305,0.976830512799933,3.05880441383957,NA,1.40135285662169,0.326365327586869,0.802398478713274
"2204","244389",2024-09-08 19:00:00,-30.5287024390216,36.2995116381048,-3398.43961009126,4316.61527263742,3.02221584463898,1.5764470011249,2.86739582365726,0.994577767834711,0.851194971698474,0.702316767192124,3.03499395803437,NA,1.38772887771045,0.323010121976463,0.800229423881438
"2205","244389",2024-09-09 01:00:00,-30.3647828973391,36.3379685328531,-3380.19217018009,4321.90529350653,6.47701732308183,5.30645661420608,3.0182039127283,0.792916572393151,1.56159759600746,1.33014016925533,3.1664733553848,NA,1.37276222425687,0.319635330130263,0.797826065883622
"2206","244389",2024-09-09 07:00:00,-30.2077171357913,36.3734671476378,-3362.70768958354,4326.79072066722,8.84889759246896,8.10099547370137,2.91408012778512,0.814237914158088,1.15775720613731,1.02893939200825,3.02585462389695,NA,1.35443529026849,0.316492008389624,0.794853797975025
"2207","244389",2024-09-09 13:00:00,-30.036336841718,36.4392852459735,-3343.62972251529,4335.8547617214,3.69370462529316,4.9598076276404,3.17966120640094,1.51067356307346,1.15820859497074,0.959464434824329,3.52038040204469,NA,1.33365153006067,0.314514299135225,0.791443999222244
"2208","244389",2024-09-09 19:00:00,-29.8353639120081,36.5558148606608,-3321.25751831675,4351.92150539064,2.73183878066148,1.45588080569069,3.8970122969148,3.0320818554045,0.738481713967562,0.850195414599432,4.59042279791277,NA,1.3075291560608,0.315191362573636,0.78709940055712
"2209","244389",2024-09-10 01:00:00,-29.6879920075441,36.7172787965173,-3304.85215295459,4374.22410656171,3.79704100071991,2.71760266419612,1.40862783804036,3.53485429763883,1.26267244954897,1.00275413531689,4.61393215824848,NA,1.2705777541985,0.323812806553193,0.780841633861371
"2210","244389",2024-09-10 07:00:00,-29.8082676456977,36.8316493332476,-3318.24117574868,4390.05043173662,1.63975866275431,1.38442414448132,-2.23150341471611,2.63772108509287,0.570535693549057,0.422646471715891,3.45501883117667,NA,1.22506313003063,0.34642121449672,0.772953338685485
"2211","244389",2024-09-10 13:00:00,-29.7450865745345,36.9777482390312,-3311.20789107902,4410.30201121553,1.39830668684648,1.152706249462,1.81273535804511,3.47073724797569,0.707246184254743,0.593058710577398,3.57301534362064,NA,1.20057389371779,0.361107599752911,0.768626860267625
"2212","244389",2024-09-10 19:00:00,-29.8565807232111,37.0643337499908,-3323.61936293613,4422.32261598358,4.3419887184604,3.62130540933109,-2.21125067168786,1.9495278053999,0.748895365419831,0.623125810217926,2.87970336181309,NA,1.1784503043705,0.376154449238395,0.764669049968103
"2213","244389",2024-09-11 01:00:00,-29.9482323146559,37.1216902430737,-3333.82197142615,4430.29299719732,3.62056199169168,1.80879106774692,-0.827577053117537,0.956769386607352,1.31916264097164,1.09087910096533,2.15784505067327,NA,1.16653932908851,0.38344833870782,0.762518913651845
"2214","244389",2024-09-11 07:00:00,-29.845561347358,37.0963502282725,-3322.3926916273,4426.77094415096,2.59869176793078,0.947497764236486,1.90487984635854,-0.587008674848055,0.604014662654818,0.290998496081169,1.99326290176499,NA,1.155135692976,0.39073145059792,0.760447721642537
"2215","244389",2024-09-11 13:00:00,-29.7764333524613,37.1281474863805,-3314.69739843583,4431.19069083492,3.80901526725363,1.45944077442876,1.50402531132094,1.06245861694134,1.04267620678447,0.757011687879954,1.47907373911411,NA,1.1576819097491,0.383945468421572,0.760911250630818
"2216","244389",2024-09-11 19:00:00,-29.5239025026855,37.1785220577628,-3286.5857928292,4438.1964775264,4.99308279017816,3.31912896679173,5.05903466070827,1.17776540231588,0.916455458882067,0.624837930886313,4.82860112621186,NA,1.16236302900781,0.374936751065252,0.761761824339523
"2217","244389",2024-09-12 01:00:00,-29.2505414923197,37.2240148748709,-3256.15538435255,4444.52738951434,0.881225354797187,0.487698164882506,4.66445357817921,0.411895765635994,0.862009534191407,0.57860323000399,5.18022326412434,NA,1.15814513407585,0.373748148836305,0.760995512678911
"2218","244389",2024-09-12 07:00:00,-29.0743599985721,37.2198625352152,-3236.54295018137,4443.94937828049,7.14294337499818,4.55348994930456,3.03219273937399,-0.0917537705422489,1.40597286203545,0.897460606583795,3.2709180023911,NA,1.14177776110982,0.386071837898482,0.758005888544754
"2219","244389",2024-09-12 13:00:00,-28.9457345238012,37.2587271145802,-3222.22442782683,4449.36063597554,9.51211751568832,4.40349275141473,2.39719120581157,1.23326454303615,1.25998255541895,1.01421599488889,2.55147368404105,NA,1.13249395531895,0.394156595224837,0.756298856000328
"2220","244389",2024-09-12 19:00:00,-28.802435904324,37.3644798790624,-3206.27249847525,4464.09925513714,3.98662230643913,2.63361948075295,2.65865486715668,2.45643615961501,1.25167466070755,0.678815778162374,3.61905366074504,NA,1.12390044798916,0.40216070460589,0.75471149255204
"2221","244389",2024-09-13 01:00:00,-28.6136449461036,37.3480283426909,-3185.25638513977,4461.80505271993,2.72769460340492,0.525866292507893,3.73572841327424,-1.53225645820723,1.19721558605377,0.590982695263094,3.52362481551427,NA,1.10809919630272,0.418293982090904,0.751774573069303
"2222","244389",2024-09-13 07:00:00,-28.4828964665428,37.3745387551319,-3170.70153097308,4465.50223711093,1.21045074305071,0.88770870556545,2.38594008940973,0.681787635128651,0.495746719060803,0.176203912729775,2.5026335832011,NA,1.09842364221773,0.429182519147963,0.749964627122417
"2223","244389",2024-09-13 13:00:00,-28.4295550146909,37.4231174503017,-3164.76358771474,4472.28052105369,4.00365789562365,3.73354392699018,1.74668943761393,1.73609456503401,1.28844561432458,1.0864083666542,1.50233591864259,NA,1.09077034576736,0.438898616749699,0.748526754980169
"2224","244389",2024-09-13 19:00:00,-28.225298404181,37.5413552813608,-3142.02584584162,4488.79704622633,3.6999150131527,3.16536829527957,3.78962327726889,2.75275379497933,0.696791914978039,0.604694399369753,4.68346953019319,NA,1.0855770323705,0.446049535674315,0.74754793333558
"2225","244389",2024-09-14 01:00:00,-28.1723446518434,37.5643361832792,-3136.13106109581,4492.0102890576,1.27354242198057,0.991986751690415,-0.320765954594554,-0.379157703481778,0.888351059170434,0.696574645853295,1.11899917186747,NA,1.07006330640911,0.465562418131855,0.744608954769566
"2226","244389",2024-09-14 07:00:00,-28.0393489580823,37.5411950539565,-3121.32604818862,4488.77464636713,5.66851239682818,4.90485884771299,3.0604283921656,-0.550024939494185,1.15741687884825,0.996966789542287,2.5258122231896,NA,1.07662104124879,0.46123376996593,0.745854014346848
"2227","244389",2024-09-14 13:00:00,-27.8277268576973,37.5381885282244,-3097.76838373316,4488.35434179341,5.90852066017866,5.09468255342214,3.92627728513633,-0.0700508703177367,0.971436486399774,0.823977842438095,3.92672363983633,NA,1.08143160669646,0.458650815217002,0.74676480599937
"2228","244389",2024-09-14 19:00:00,-27.6858752618775,37.5100720667125,-3081.97753631829,4484.42455955936,0.73485592567248,0.678434917059907,2.63180777837123,-0.654963813707632,0.923914251241816,0.790058658602935,2.71213926387751,NA,1.07780501116099,0.466577500658188,0.746078377380385
"2229","244389",2024-09-15 01:00:00,-27.5997945174526,37.5077131281098,-3072.3950716818,4484.09492326621,2.39583576294534,1.48682815432452,1.50607417864888,0.522025868897147,1.1546577479902,0.756647028983929,1.59800067135335,NA,1.07609515505191,0.473939889568826,0.745754316678444
"2230","244389",2024-09-15 07:00:00,-27.5340925279387,37.5395511102439,-3065.08115966502,4488.54482514171,6.24050383572503,3.02357567738752,1.20453124900654,0.752541848366056,0.995764983134184,0.541329937971541,1.42692956761125,NA,1.07672578389056,0.478987072691388,0.745873868411194
"2231","244389",2024-09-15 13:00:00,-27.4711393236578,37.5870764285482,-3058.07324102066,4495.19086681956,5.54584330760574,0.78143087407001,1.1895156813497,1.20714799788727,1.28692858724517,0.511233845064375,1.60972627718299,NA,1.07738234495637,0.483813694911305,0.745998296870678
"2232","244389",2024-09-15 19:00:00,-27.4154917871383,37.6433494275411,-3051.87858559141,4503.06573845267,3.73604890118735,2.91835371131621,1.01910550818077,1.32074431941546,0.906381204801005,0.538583690682167,1.66998183891772,NA,1.07651511123405,0.490346283873742,0.745833934174841
"2233","244389",2024-09-16 01:00:00,-27.3495264831897,37.6998591524968,-3044.53536154583,4510.97979373037,0.728390332258442,0.583769867933899,0.767403352891048,1.01842601347847,0.85706207561174,0.681107433291202,1.79921860065246,NA,1.07404123256348,0.498899821354933,0.745364686550435
"2234","244389",2024-09-16 07:00:00,-27.2944475374036,37.7739578109663,-3038.40400134749,4521.36636272337,3.23644006030717,2.8118154539093,1.21129694653977,1.92378999887137,0.662945065045862,0.578199910444747,2.01024518943163,NA,1.06969363899883,0.509987842327118,0.744538650070626
"2235","244389",2024-09-16 13:00:00,-27.2956431717614,37.826708860218,-3038.53709875538,4528.76698854598,2.49166367950548,2.45164934285784,-0.887127467315352,0.644084290588249,1.17538359093139,1.07893512836914,1.23363959609391,NA,1.06276115945642,0.524804267765152,0.743217852774563
"2236","244389",2024-09-16 19:00:00,-27.4392600366096,37.76532967728,-3054.5244550196,4520.15639907869,2.55555685449609,1.75768882283266,-2.66455938124368,-1.43509822926601,0.496675846688964,0.405660487414915,3.02653073524438,NA,1.05744245680454,0.53809989109351,0.74220149219066
"2237","244389",2024-09-17 01:00:00,-27.6002274656984,37.6526402423951,-3072.44326726007,4504.366478103,2.77661819718585,2.86581981435004,-2.21511245454345,-3.38660920769317,1.23036840406844,1.06261940095567,3.98024163943884,NA,1.05894885450823,0.542030968864871,0.74248961879507
"2238","244389",2024-09-17 07:00:00,-27.596039940187,37.5201856253323,-3071.97711405245,4485.83793966895,1.61646425525206,1.64899029057574,0.0776919426821741,-3.08808914048269,0.45123745506797,0.449856976578905,3.08926160999272,NA,1.0503958578295,0.561265319239308,0.740850907505348
"2239","244389",2024-09-17 13:00:00,-27.7424266789284,37.5979573324089,-3088.27281126803,4496.71307741409,4.51563185389119,2.89050911769305,-3.13959479364464,2.54126060083801,1.27181318084112,0.987208436590078,3.26582164174426,NA,1.04658099798791,0.577289172551463,0.740117816674608
"2240","244389",2024-09-17 19:00:00,-27.8414295318269,37.6385630361652,-3099.29375843978,4502.39569451638,2.29368187736123,0.455552647723698,-1.83682445821151,0.947102724206012,0.671681498760616,0.471097132549709,2.06623172751991,NA,1.07372270733131,0.551383741226288,0.745304226956432
"2241","244389",2024-09-18 01:00:00,-27.862787291313,37.5855993704554,-3101.67129335026,4494.98424747301,5.42941623075193,4.56655816681817,-0.0967711545717009,-1.83813047414736,1.22233213321248,0.99534687794175,1.29721939512525,NA,1.10349465799421,0.524483638469509,0.750914326412564
"2242","244389",2024-09-18 07:00:00,-27.8567708007216,37.4475953572474,-3101.00154068126,4475.69765328823,1.20170036558612,1.02382639324104,0.111625407430735,-3.21443227612223,0.7883776950999,0.663947697108286,3.21631745967906,NA,1.14067295865693,0.48969938260111,0.757803173596603
"2243","244389",2024-09-18 13:00:00,-27.9225939966405,37.3240637496501,-3108.32894533334,4458.46404515664,4.08969162477931,1.3860473481796,-1.48605744045263,-2.79739264650524,0.836731774923661,0.286634889361114,3.12104947863481,NA,1.17162919338033,0.464500531788669,0.763439373828114
"2244","244389",2024-09-18 19:00:00,-28.0214046409743,37.2881107260063,-3119.32849594553,4453.45369317656,0.816949774909029,0.298270122003733,-1.89353492036445,-0.371351313675506,0.983612137843226,0.264173373730993,2.01474511672962,NA,1.19973307225534,0.445616455241382,0.76847729513366
"2245","244389",2024-09-19 01:00:00,-28.1267784270535,37.2463984615438,-3131.05865215483,4447.64376771176,4.15283672074218,3.25786460393871,-2.29113385415652,-1.01088371211448,1.21676286532696,0.972435150158199,2.1817017794131,NA,1.23491452111553,0.422180384237249,0.774677572735259
"2246","244389",2024-09-19 07:00:00,-28.2738981815165,37.2218254374406,-3147.43594830728,4444.22261289609,1.41287449220866,0.235577510901801,-2.72954923087658,-0.570192423037557,0.639944666721003,0.530081188488441,2.78844623578354,NA,1.2679418462597,0.403610439421122,0.780390222362825
"2247","244389",2024-09-19 13:00:00,-28.4020717773429,37.2107871716288,-3161.70416772781,4442.68618723027,3.54689788362526,3.17597357067325,-2.85616630638201,-0.126914154089386,1.24062515790197,1.05727841769384,2.39186593639297,NA,1.29768136662076,0.390329302003679,0.785444502226797
"2248","244389",2024-09-19 19:00:00,-28.5986556062547,37.1900289278386,-3183.58777946048,4439.79744333371,2.19711618099657,1.80169812627357,-3.64726852064589,-0.481457429732538,0.540367589314845,0.468596618615601,3.67891902803197,NA,1.32667268610597,0.380084204043642,0.790289725438909
"2249","244389",2024-09-20 01:00:00,-28.7226615860278,37.1183117240343,-3197.39206198414,4429.82334224011,1.06679132948856,0.847921419776258,-1.97764513910885,-1.56503140485983,0.959035649467938,0.726139939797703,2.83840172432951,NA,1.3491616249712,0.375494686100273,0.793992530342974
"2250","244389",2024-09-20 07:00:00,-28.85625360882,37.0023766128159,-3212.26345793541,4413.71974517152,0.707701398362679,0.678768276576067,-2.4785659569197,-2.68393241608962,0.208434382282336,0.173263432505552,3.65328956076086,NA,1.37360718192998,0.371763205064202,0.797962322950191
"2251","244389",2024-09-20 13:00:00,-28.9811477728556,36.9181671557839,-3226.1666126789,4402.03842307678,0.215739527474177,0.295118661220601,-2.26009480578347,-1.69802202076047,0.718748607368631,0.514630729853617,3.02651458933897,NA,1.39124529918413,0.372203734575132,0.800790973656123
"2252","244389",2024-09-20 19:00:00,-29.1329244688137,36.9198812784418,-3243.06231718724,4402.27607199624,0.65131936061278,0.728801647058895,-2.58190389996998,0.444097149261708,0.152683715885099,0.16893466271087,2.81624496923671,NA,1.40877505787276,0.373859685879557,0.803572666210671
"2253","244389",2024-09-21 01:00:00,-29.2744895824467,36.8845409836838,-3258.82127355096,4397.37752152741,0.834892622822133,0.770262644990316,-2.06656357369342,-1.76120672052677,1.00108318803133,0.746879217756955,2.75040709894428,NA,1.42942039036839,0.375301014375045,0.806810989808
"2254","244389",2024-09-21 07:00:00,-29.4142384243824,36.8412625866268,-3274.37804347419,4391.38177725334,3.57850816545159,5.38126939067762,-2.592795007751,-0.999290717756755,0.592483193837264,0.879070046578126,2.77878600713788,NA,1.448714025627,0.377856438561107,0.809800442378019
"2255","244389",2024-09-21 13:00:00,-29.5984296656371,36.8253382109775,-3294.88211865925,4389.17649218793,6.40808715445546,6.68109369453791,-3.60313391072554,-0.228927647921633,1.21169743701284,1.02073476520083,3.43701074345801,NA,1.46574478153294,0.381392131455788,0.812409752036324
"2256","244389",2024-09-21 19:00:00,-29.746871308308,36.8151911105194,-3311.40656673389,4387.77151376791,3.11598243648194,2.32113080452605,-2.75407456992548,-0.234163107640786,0.885772088797235,0.926022109978065,2.76397690949824,NA,1.47891934440196,0.385792476674206,0.814409298573031
"2257","244389",2024-09-22 01:00:00,-29.7921071443051,36.7712870372549,-3316.44219696269,4381.69467203767,0.696955685946376,0.71215784215395,-0.915996778616789,-1.55658436841822,0.78976310947615,0.776418755312093,1.3153981062939,NA,1.49227703928692,0.390600401121427,0.816419797761074
"2258","244389",2024-09-22 07:00:00,-29.9249585157006,36.6822803434691,-3331.23114397763,4369.38585478031,5.23319698582297,1.70245480598285,-2.47822240596292,-2.05575051630531,0.868359006649215,0.292683202466188,3.20678008778385,NA,1.51056782037771,0.395163883873152,0.819145342552254
"2259","244389",2024-09-22 13:00:00,-30.0316581726528,36.5998634761027,-3343.10889545736,4358.00115478027,7.27133392424057,4.1887557932481,-1.53979076918665,-1.74597208936568,1.44684250433141,1.13562211018958,2.74190875954895,NA,1.52448857494273,0.399920780699561,0.82119849535437
"2260","244389",2024-09-22 19:00:00,-30.0680272393909,36.5702049638842,-3347.15748144727,4353.90726215756,5.9013757286556,3.13836215444427,-0.674764373172892,-0.68231531782731,1.00021431774711,0.66559474202299,0.959490967047503,NA,1.53772410029738,0.405195582757461,0.82313363278186
"2261","244389",2024-09-23 01:00:00,-30.1214711746119,36.6294022348169,-3353.10683310206,4362.08009544125,2.70437785347354,1.84566826996868,-0.838020341688151,1.49550441737471,1.47075404180469,1.02742448728707,1.68518640033681,NA,1.55659582916698,0.4108097636967,0.825864333821284
"2262","244389",2024-09-23 07:00:00,-30.0817743449419,36.6395592901985,-3348.6878022371,4363.48302464046,6.90422727396605,5.85476231737333,0.736505150181182,0.233821569083711,1.0908591935808,0.917384805827786,0.772617734733955,NA,1.57752045196906,0.416676410960181,0.828853066809878
"2263","244389",2024-09-23 13:00:00,-29.9778296873195,36.6260946895552,-3337.11673587989,4361.62328559151,8.20693032840164,7.09817662041277,2.28078812197642,-0.410188366158625,1.39947119316232,1.16407604765497,1.95327862634341,NA,1.60267407472856,0.423722337560219,0.832391792208917
"2264","244389",2024-09-23 19:00:00,-29.7990343930875,36.6025808698602,-3317.21333476975,4358.37632775055,6.25977778610878,5.28054919972079,3.31723346060617,-0.541159598594898,1.09842536909797,0.936484077881139,3.3612543151511,NA,1.62680751036253,0.431394087653454,0.835731830212096
"2265","244389",2024-09-24 01:00:00,-29.6394614363404,36.6063521861086,-3299.44975448028,4358.89703106714,3.34573544377952,2.94354177766018,2.69518472917529,0.346025820991908,1.47351484141466,1.21514025822129,2.96199199534713,NA,1.64666975498709,0.438734667172571,0.838440450172338
"2266","244389",2024-09-24 07:00:00,-29.576856733009,36.6701238968293,-3292.48063078417,4367.70584445145,9.39136095627498,6.09342928265738,0.724817098815334,1.7692707905729,1.55676258943917,1.00931445651916,1.87198451525805,NA,1.66630826020797,0.446924198722094,0.841082995511227
"2267","244389",2024-09-24 13:00:00,-29.604217319996,36.7893064347569,-3295.52639739537,4384.18834428954,11.8612304042094,1.73676457299684,-0.507627716967238,2.74708327674124,1.41711412743677,0.94289242586687,2.79377545386971,NA,1.69053117100221,0.4575204776937,0.844294001258574
"2268","244389",2024-09-24 19:00:00,-29.6280733291674,36.9193400228361,-3298.18203618868,4402.20103080423,15.052309445699,8.04258201668102,-0.436646683722056,3.02252609671407,1.63449569108027,1.42585238610714,3.03482992372306,NA,1.71308597460108,0.468259452752167,0.847236121037456
"2269","244389",2024-09-25 01:00:00,-29.6238814877273,37.0521035133866,-3297.71540253408,4420.62386256908,16.796955676364,12.6076560246659,0.214795990039983,3.05297764374097,1.64595045796322,1.33815020904141,3.07169059237253,NA,1.73257308832938,0.478664351038387,0.849741250631372
"2270","244389",2024-09-25 07:00:00,-29.5542391164788,37.1752078471285,-3289.96284922907,4437.73541270961,15.3113793319169,12.4509550253212,1.29209222332768,2.85192499535585,1.57471797836829,1.20503764111094,3.13096543219153,NA,1.74976984649266,0.488883022492289,0.851923770533246
"2271","244389",2024-09-25 13:00:00,-29.4189107988837,37.2726088437535,-3274.89816982447,4451.29412234164,11.8837471059531,9.27554046631277,2.62928306225957,2.17980868594068,1.63867937389523,1.32003164219129,3.37780403609769,NA,1.76571353367429,0.499263940822054,0.853923796806434
"2272","244389",2024-09-25 19:00:00,-29.198036482949,37.3210792906703,-3250.3105534453,4458.04804407675,6.5886031453885,3.10696164006572,4.09793601807553,1.12565359737991,1.34535081953143,1.22600762153913,4.24966006812309,NA,1.7803986738717,0.509717888725681,0.855746087074777
"2273","244389",2024-09-26 01:00:00,-28.9595391904017,37.3324809112863,-3223.76115628337,4459.63739559518,1.16032750800284,1.43492950338715,4.44101422915079,0.204308895067563,1.35382911188708,0.761327055372542,4.43315828362046,NA,1.79243905150427,0.519502234170539,0.85722605110409
"2274","244389",2024-09-26 07:00:00,-28.7592539311925,37.4061764400915,-3201.4655032148,4469.9162042744,6.39292603587673,1.49054117756489,3.69256903164597,1.76156305279913,1.0697566626104,0.336467454789209,4.09158744882088,NA,1.80153035013069,0.528751263634005,0.858335121527464
"2275","244389",2024-09-26 13:00:00,-28.4646199586132,37.3878594216545,-3168.66699941687,4467.36045590825,8.6777889595035,2.36388012955622,5.48866273217484,-0.241610453956232,1.33695563200518,0.760506139550586,5.48370795280771,NA,1.81041946299059,0.53893361509172,0.859412562520178
"2276","244389",2024-09-26 19:00:00,-28.1994627465383,37.4898050189633,-3139.14983358853,4481.59280014718,11.4998324007203,4.1848138015005,4.90690215504521,2.42999252392448,1.77065051877977,0.769885321322012,5.46094960998156,NA,1.81496928640696,0.54788129800588,0.859961385642654
"2277","244389",2024-09-27 01:00:00,-27.9350042563273,37.5941617869166,-3109.71044912229,4496.1820648258,24.7545253724142,14.5455086128175,4.90656406842595,2.43154392913376,2.99799671675601,2.16200777523889,5.47540666467439,NA,1.81997961686901,0.558915483485995,0.860563681206334
"2278","244390",2024-07-19 20:00:00,-28.7971,38.7071,-3205.67850832298,4653.07870965299,9.99999999999871e-06,9.99999999999831e-06,8.04978874417886e-15,-8.34687857293099e-12,9.99999999990155e-06,9.99999999987962e-06,0,NA,3.07036681787308,1.61193708921542,0.95565372063603
"2279","244390",2024-07-20 02:00:00,-28.796666987213,38.7027332189892,-3205.63030556003,4652.45834151149,5.35932236771793,5.28736748884963,0.00897281805984465,-0.115867075170386,1.00016356124432,0.986732564157112,0.103706791919491,NA,3.07036681787308,1.58801202603808,0.95565372063603
"2280","244390",2024-07-20 08:00:00,-28.7965784006049,38.6938551925782,-3205.62044414391,4651.19719959445,11.7056322283183,11.292040187138,0.00164356594797611,-0.21019031509105,1.28436829139852,1.25039147363907,0.210189354521906,NA,3.07036681787308,1.56372095020015,0.95565372063603
"2281","244390",2024-07-20 14:00:00,-28.7977446935597,38.6825111110357,-3205.75027528177,4649.58597908816,18.7831057560751,18.2439116536566,-0.0257701694455039,-0.278694777287267,1.50168634552275,1.50853606777858,0.269385255671881,NA,3.07024688660875,1.53921459734615,0.95564863770884
"2282","244390",2024-07-20 20:00:00,-28.8005608073008,38.6681244387619,-3206.06376362944,4647.54298420793,26.1436758053735,25.6818923603791,-0.0522480574616921,-0.340499145136698,1.61768293763324,1.64752324248905,0.344445852504731,NA,3.06997839403362,1.51453157513891,0.955637256441602
"2283","244390",2024-07-21 02:00:00,-28.8047192681358,38.6514517039188,-3206.52668137207,4645.1758722217,33.4770481583157,33.2007962064545,-0.0771529566205351,-0.394518662802854,1.6706945913553,1.71414779856586,0.401942003099487,NA,3.06946298683972,1.48979376591615,0.955615400781042
"2284","244390",2024-07-21 08:00:00,-28.8101352936686,38.6328204204091,-3207.12959057651,4642.53135223058,40.4488863669493,40.4154202317025,-0.100484866922033,-0.440753330285736,1.68136310807637,1.73272063987776,0.452003932819092,NA,3.06867823578862,1.465032192006,0.955582103970565
"2285","244390",2024-07-21 14:00:00,-28.8167241015034,38.6125582667077,-3207.86305330961,4639.65613333565,46.8219068870531,47.057173654572,-0.122243788366185,-0.479203147585342,1.66358192745123,1.71898360242087,0.494484347128909,NA,3.06759679685862,1.44027871248238,0.955536179731321
"2286","244390",2024-07-21 20:00:00,-28.8244009092442,38.5909931687005,-3208.71763163823,4636.59692463804,52.4181765195689,52.9268019753514,-0.142429720952992,-0.509868114701674,1.6280296920746,1.68474287718536,0.529318949974247,NA,3.06620471783151,1.41554529205237,0.955476997242921
"2287","244390",2024-07-22 02:00:00,-28.833080934495,38.568453367232,-3209.68388762923,4633.40043523882,57.1021343537405,57.8732827684464,-0.161042664682454,-0.532748231634731,1.58365723005735,1.63974821754801,0.556486017184615,NA,3.06450061050086,1.39082432507428,0.955404447021112
"2288","244390",2024-07-22 08:00:00,-28.84267939486,38.545267470369,-3210.75238334946,4630.1133742391,60.7715907441479,61.7828185035792,-0.178082619554571,-0.547843498384514,1.5383118826348,1.5924918401587,0.575990643660441,NA,3.06249467089209,1.3660893239898,0.955318902256544
"2289","244390",2024-07-22 14:00:00,-28.8531115079433,38.5217644903931,-3211.91368086579,4626.78245073999,63.3524851121943,64.5725119292552,-0.193549585569342,-0.555153914951021,1.49885943089333,1.55041686813941,0.587859209526628,NA,3.06020754325712,1.34129592252223,0.955221175178192
"2290","244390",2024-07-22 20:00:00,-28.8642924913487,38.4982738655354,-3213.15834224505,4623.45437384257,64.7957158026785,66.1865644308254,-0.207443562726768,-0.554679481334254,1.47094089261191,1.51970842550069,0.592139277577461,NA,3.0576690202334,1.31638315585194,0.955112467639559
"2291","244390",2024-07-23 02:00:00,-28.8761375626805,38.4751254664721,-3214.47692955412,4620.17585264796,65.075275663915,66.5940226885378,-0.219764551026849,-0.546420197534211,1.45849363814753,1.50480363010662,0.588903598249366,NA,3.05491656868588,1.29127498925083,0.954994314837823
"2292","244390",2024-07-23 08:00:00,-28.8885619395427,38.4526495875981,-3215.86000485984,4616.99359625724,64.1873240372206,65.7876031472818,-0.230512550469585,-0.530376063550894,1.46324853653256,1.50783964418678,0.578258662979702,NA,3.0519936686238,1.26588207187653,0.954868520881944
"2293","244390",2024-07-23 14:00:00,-28.9014808395394,38.4311769230985,-3217.29813022908,4613.95431377153,62.1500286616324,63.7833741915852,-0.239687561054975,-0.506547079384302,1.48445985310963,1.52832170563563,0.560359828324168,NA,3.04894795140701,1.2401036922832,0.954737084839323
"2294","244390",2024-07-23 20:00:00,-28.9148094802745,38.411038527835,-3218.78186772868,4611.10471429191,59.0041388299886,60.6212264738953,-0.24728958278302,-0.474933245034436,1.51902054617897,1.5632005268917,0.535437375586973,NA,3.04582912338404,1.21382990552294,0.954602115922473
"2295","244390",2024-07-24 02:00:00,-28.9284630793523,38.3925657630631,-3220.30177942551,4608.4915069195,54.8143585938299,56.3661774349386,-0.25331861565372,-0.435534560501294,1.56189564923122,1.60731293488866,0.503842277786967,NA,3.04268666222798,1.18694378744804,0.95446573663163
"2296","244390",2024-07-24 08:00:00,-28.9423568543766,38.3760902269937,-3221.84842738642,4606.16140075538,49.6717099467211,51.1106751266286,-0.257774659667074,-0.388351025784878,1.60663894398063,1.6539406920624,0.466129580851911,NA,3.0395672755547,1.15932374906156,0.954329972941468
"2297","244390",2024-07-24 14:00:00,-28.9564060229517,38.3619436702064,-3223.41237367826,4604.16110490066,43.6972448683414,44.97821553331,-0.260657714823083,-0.333382640885187,1.64574863488411,1.69521487164599,0.423217141593464,NA,3.0365121148003,1.13084581167113,0.954196630991157
"2298","244390",2024-07-24 20:00:00,-28.9705258026815,38.3504578959176,-3224.9841803679,4602.53732845643,37.0477264271121,38.1287806209147,-0.261967781121747,-0.270629405802221,1.67070044722974,1.72218050648147,0.376700827471225,NA,3.03355374151861,1.10138570131535,0.954067160169853
"2299","244390",2024-07-25 02:00:00,-28.9846314111701,38.3419646451008,-3226.55440952218,4601.33678052381,29.9242621198402,30.7667430269443,-0.261704858563066,-0.20009132053598,1.67153657873514,1.72438786285251,0.329493426190588,NA,3.03071284775994,1.07082056727107,0.953942502924145
"2300","244390",2024-07-25 08:00:00,-28.9986380660216,38.3367954664445,-3228.11362320797,4600.60617020388,22.584956969853,23.1511135369165,-0.259868947147039,-0.121768385086465,1.6357668139272,1.68875720686386,0.287045388194545,NA,3.0279947363047,1.03903006232975,0.953822931963683
"2301","244390",2024-07-25 14:00:00,-29.0124609848401,38.3352815711297,-3229.65238349211,4600.39220659775,15.3585575613911,15.5997594211702,-0.256460046873667,-0.0356605994536744,1.54582199293073,1.59692801117811,0.258967702653539,NA,3.02538556929217,1.00589643784144,0.9537078756914
"2302","244390",2024-07-25 20:00:00,-29.0260153852295,38.3377536723945,-3231.16125244148,4600.74159880651,8.60622280286177,8.3956857154105,-0.25147815774295,0.0582320363623908,1.37227240546976,1.41818413715883,0.258118513730711,NA,3.02284839398121,0.971303196054173,0.953595732491714
"2303","244390",2024-07-26 02:00:00,-29.0400169526819,38.3426247123614,-3232.71989980058,4601.43007803728,4.48373204806261,3.6234207290532,-0.291777725676625,0.104188018094774,1.07158343104089,1.09943560009519,0.283931837924092,NA,3.02031895050851,0.935131689852585,0.953483673802344
"2304","244390",2024-07-26 08:00:00,-29.07675324974,38.3398418628215,-3236.80936568272,4601.03674068744,2.32083689334568,1.15243330045056,-0.703402737382945,-0.0661553042353076,0.65682134319257,0.616314448930566,0.684655210177059,NA,3.01767000080421,0.897277654657291,0.953366044874411
"2305","244390",2024-07-26 14:00:00,-29.1626528561251,38.329079393426,-3246.37166612485,4599.51568028981,3.26050865542959,3.22214488565953,-1.95648419043738,-0.353529298961664,0.812291431522655,0.823852890858253,1.61363085451686,NA,3.01341694010616,0.858532265300793,0.953176592057299
"2306","244390",2024-07-26 20:00:00,-29.3141114459982,38.3059346776757,-3263.23195922579,4596.24540762268,6.6976028830185,7.82064833073973,-2.81004875295186,-0.54504542477939,0.874061054075649,1.02447931594522,2.8622643570159,NA,2.99855471537258,0.824749696754734,0.952508790965898
"2307","244390",2024-07-27 02:00:00,-29.4871237230475,38.2770004681547,-3282.49159780791,4592.1585778634,9.12115058893878,11.8275849241881,-3.20993966648292,-0.681138273470116,0.854069894043619,1.04273422775149,3.28127505421319,NA,2.94886442798202,0.812902433891331,0.950209790688272
"2308","244390",2024-07-27 08:00:00,-29.6573139064514,38.2448626686048,-3301.43708236245,4587.62117944662,11.2563700235917,15.1364717389483,-3.12626190678738,-0.758155703859097,0.977021165403507,1.07106251067641,3.24678262727224,NA,2.87195722165262,0.824781680153602,0.946442644265536
"2309","244390",2024-07-27 14:00:00,-29.7997101013009,38.2112433978875,-3317.28855426398,4582.87678253763,14.3593736693367,17.7319435145023,-2.64191195741974,-0.790732825154803,1.096443348327,1.08070806032681,2.757690463747,NA,2.78699184373564,0.853024325565983,0.941968826658043
"2310","244390",2024-07-27 20:00:00,-29.9091071712766,38.1741828590619,-3329.46658038796,4577.64930906432,17.2283072713762,19.2283720909883,-2.02967099449374,-0.871245585873109,1.06943278924167,1.03616385724779,2.20877746224638,NA,2.7221302847923,0.875954934168424,0.938319940494279
"2311","244390",2024-07-28 02:00:00,-29.9786119292479,38.1316350333346,-3337.20381465304,4571.65114519018,18.9392206041865,19.2829163390684,-1.28953901800939,-0.999693986014013,0.998673510691124,1.00620572268454,1.63168366771599,NA,2.68082632940297,0.885544948046488,0.935885724225646
"2312","244390",2024-07-28 08:00:00,-30.0013311880839,38.0815481181655,-3339.73291097785,4564.59467707865,19.0230889304764,17.8315173062887,-0.421516027966679,-1.17607802557752,0.948724602486372,1.01553442363999,1.24942252776683,NA,2.66418282102417,0.876372369714351,0.934879778636867
"2313","244390",2024-07-28 14:00:00,-29.9824018165533,38.023933163793,-3337.62570297803,4556.48365005239,18.1991432004796,16.0020747147202,0.60453051916588,-1.41169187372706,0.994905778135721,1.07248132583247,1.39692586292519,NA,2.66627822209122,0.850929896410759,0.935007229583851
"2314","244390",2024-07-28 20:00:00,-29.899331849369,37.957680267068,-3328.37839653087,4547.16451962154,15.3179560766727,13.0340287595968,1.61662201560113,-1.56447182678834,1.04734767513164,1.06053144442369,2.18847779117984,NA,2.67078468284423,0.822458469156045,0.935280545136645
"2315","244390",2024-07-29 02:00:00,-29.7837246891749,37.8998804330389,-3315.509066326,4539.04131777467,11.3010036013954,9.48661269680631,2.20360025648008,-1.25833304603855,1.12926629692588,1.07399331613851,2.53677826664551,NA,2.65991440931781,0.805737731819423,0.934619436669438
"2316","244390",2024-07-29 08:00:00,-29.6508142844675,37.8741459610153,-3300.71354775284,4535.42665909306,5.48114315952789,4.578921355647,2.46591968706631,-0.602443037794973,1.19254769797687,1.03662864959858,2.53845523864184,NA,2.62717044010972,0.808664204716374,0.932589883909805
"2317","244390",2024-07-29 14:00:00,-29.5256940604108,37.8843491392813,-3286.78522812291,4536.85964302799,4.66791509166864,3.17595075040256,2.22895320929373,0.590755231090978,1.2740793507354,0.871506760569238,2.33325850115041,NA,2.58572396493844,0.823513703999729,0.929937127722497
"2318","244390",2024-07-29 20:00:00,-29.4229181482325,37.9524848844571,-3275.34426591341,4546.43409587395,10.5026925312835,3.12687666287875,1.90682704235765,1.59574198224776,1.27965745107795,0.507291583047342,2.48576976796914,NA,2.5505562540287,0.838968422167709,0.927610875392137
"2319","244390",2024-07-30 02:00:00,-29.3279898935192,38.02174166305,-3264.77690093683,4556.17525784046,16.3026317478682,5.70962090125235,1.72072885039513,1.59023055316464,1.26033023430457,1.0322212669865,2.39474212899703,NA,2.52382629804174,0.85212086409059,0.925795343735649
"2320","244390",2024-07-30 08:00:00,-29.2483218183382,38.0817218785302,-3255.9082913752,4564.61914878537,20.6996586086418,11.319499146846,1.47810156571124,1.40731514028579,1.23645751762465,1.22117728704997,2.04039727156312,NA,2.49328489885053,0.874560186022493,0.923669723601442
"2321","244390",2024-07-30 14:00:00,-29.1849817567274,38.1326333872253,-3248.85730796987,4571.79184734864,25.0397116855956,17.0784119088763,1.08664838422459,1.13516989382709,1.30423104224572,1.29385899478224,1.67591521717568,NA,2.47217515850146,0.893676335823693,0.922168028468172
"2322","244390",2024-07-30 20:00:00,-29.1507544727893,38.1676003995502,-3245.04714415064,4576.72111853165,28.9603721049047,21.850062625969,0.635027309774545,0.821545197366318,1.35838226637313,1.30720019116491,1.03808993302282,NA,2.46095819397383,0.906896163842355,0.921359118241753
"2323","244390",2024-07-31 02:00:00,-29.1391875145181,38.1891225876092,-3243.75951624587,4579.75626916452,32.6860320834136,26.0542668528723,0.214604657366945,0.505858439009017,1.38758714629526,1.3233441245115,0.549332350354805,NA,2.4697446727586,0.902317918446151,0.921993403313683
"2324","244390",2024-07-31 08:00:00,-29.1485993207521,38.1971242402455,-3244.80723372328,4580.88492687587,36.1370754045295,29.8261789846689,-0.174619572998214,0.188109618755185,1.41095579858495,1.36165024687551,0.25655204079893,NA,2.48844229467616,0.88775769823594,0.923327599549479
"2325","244390",2024-07-31 14:00:00,-29.1763305848975,38.1921547799455,-3247.894263927,4580.18395450532,39.4298369698927,33.5637945160474,-0.531185574481349,-0.131797749430788,1.43142694055217,1.41114013681789,0.527466010023035,NA,2.51171136818073,0.867660608238191,0.924958763090668
"2326","244390",2024-07-31 20:00:00,-29.2210783103197,38.1754119493213,-3252.87555793516,4577.82263205801,42.1412020416605,36.7788164826284,-0.830215654036179,-0.39355372796598,1.41707188773089,1.40444355665091,0.918559565733031,NA,2.53437295884739,0.846620626974884,0.926516635863811
"2327","244390",2024-08-01 02:00:00,-29.2786860778003,38.1501281587173,-3259.28842527684,4574.25777317169,44.1195290960207,39.234754991697,-1.06881120962182,-0.594143134466129,1.38817328316659,1.37173546998086,1.22257105227704,NA,2.5519506753831,0.828547531928522,0.927704453493994
"2328","244390",2024-08-01 08:00:00,-29.3458965319451,38.1188990276304,-3266.77025880822,4569.85637727858,45.1804421935865,40.682118322932,-1.24697224123827,-0.733565968931235,1.35899270959402,1.33412233566193,1.44640899261715,NA,2.56194883767521,0.815636946991984,0.928372158404582
"2329","244390",2024-08-01 14:00:00,-29.4194523173598,38.0843226917997,-3274.95845138548,4564.98544381089,45.1988928278957,40.9516920783294,-1.36469874888553,-0.811822231361297,1.34028138493788,1.30782270822347,1.5875426213101,NA,2.56353952399809,0.808754607038367,0.928477862690708
"2330","244390",2024-08-01 20:00:00,-29.4960960786502,38.0490014686509,-3283.49039586481,4560.01197220083,44.105812189238,39.9470746229867,-1.42199073256359,-0.828911921756316,1.33862959247877,1.30336758496073,1.64556533779523,NA,2.55727961194099,0.807834229814966,0.928061045816946
"2331","244390",2024-08-02 02:00:00,-29.5725704604221,38.0155425843319,-3292.00348510239,4555.30296188061,41.8853887012619,37.6382236522675,-1.41884819227247,-0.784835040116292,1.35561175664786,1.32394400493242,1.62106513925665,NA,2.54482140908704,0.812071970737592,0.927224841030425
"2332","244390",2024-08-02 08:00:00,-29.6456181072814,37.9865579638802,-3300.13511195441,4551.22541228244,38.5749192404928,34.058384099621,-1.35527112801216,-0.679591586441224,1.38758256867962,1.36481374331372,1.51575359872327,NA,2.52861905882181,0.819968671438924,0.926123927193763
"2333","244390",2024-08-02 14:00:00,-29.7119816638338,37.9646630862508,-3307.52266927706,4548.14632283854,34.2685890681103,29.3049375603699,-1.23125953978266,-0.513181560731114,1.42635082747374,1.41451664055163,1.33361048067076,NA,2.51159248109387,0.829357912537769,0.924950510715145
"2334","244390",2024-08-02 20:00:00,-29.7684037746851,37.9524749055571,-3313.80354992651,4546.4326929811,29.1275594621562,23.5445493051625,-1.04681342758396,-0.28560496298596,1.46016100001953,1.45669602516202,1.08484186736728,NA,2.49670122032236,0.837590226701084,0.923910239457311
"2335","244390",2024-08-03 02:00:00,-29.8116270844411,37.9526088389199,-3318.61514675895,4546.45152214234,23.4022048125543,17.0224252376664,-0.80193279141608,0.00313820679423744,1.47409321453108,1.47072678060222,0.801844322313948,NA,2.48638938402689,0.842005736134552,0.923182139958513
"2336","244390",2024-08-03 08:00:00,-29.8383942377077,37.9676748197591,-3321.59485263057,4548.56980975448,17.482249796881,10.0646105395744,-0.496617631279007,0.353047948609478,1.44899125812551,1.42946541830637,0.609449982570845,NA,2.4818927664496,0.840720628088019,0.922862646463394
"2337","244390",2024-08-03 14:00:00,-29.848290054277,37.9977368435958,-3322.69644989204,4552.79786194935,12.5208127842294,4.21018771359449,-0.121885297272113,0.773215719893803,1.36196969466742,1.29495866146341,0.728420915757549,NA,2.48244328530508,0.833603672313685,0.922901827227447
"2338","244390",2024-08-03 20:00:00,-29.8334236999291,38.0473261431921,-3321.04153489609,4559.77613495519,9.79734783423807,5.570798875202,0.331589274787926,1.21720136141247,1.19333225417879,0.977420124164146,1.19541273356514,NA,2.48413230894722,0.823475071010933,0.9230219222795
"2339","244390",2024-08-04 02:00:00,-29.7869793119583,38.1010188236797,-3315.87136927698,4567.33721742997,8.88856453654973,7.1977981527374,0.869437293573184,1.25506044423167,1.08375409632426,0.777723215536627,1.52650694327985,NA,2.48147292539938,0.814896190502457,0.922832753855498
"2340","244390",2024-08-04 08:00:00,-29.7064748881067,38.1364860570915,-3306.90965780721,4572.33483830224,10.2719783549948,7.63808502532775,1.49361847713977,0.83293671107937,1.0144542167713,0.733068126603835,1.70992341273243,NA,2.47058441784466,0.811904650473315,0.922053777698392
"2341","244390",2024-08-04 14:00:00,-29.6157483473283,38.1340300735012,-3296.81002548632,4571.98869140032,11.5450569291266,5.38744000892358,1.68327195232657,-0.057691251286293,0.948546212588793,0.705390174563872,1.68435791281084,NA,2.45142136042467,0.815869899468036,0.920665330041779
"2342","244390",2024-08-04 20:00:00,-29.5389455046788,38.0825625259193,-3288.2603721511,4564.73754299047,13.1613021856201,1.61459162005943,1.34999047890441,-1.51214340783347,1.09007076191183,0.904386532511923,1.86891312308856,NA,2.43260854933289,0.821228531979558,0.919280309463137
"2343","244390",2024-08-05 02:00:00,-29.4840764802985,38.0435900702218,-3282.15238029676,4559.25022381303,14.1883144199107,5.03190916318471,0.976795093028746,-0.835205668873279,0.984877816074465,0.904036035612816,1.36884389539019,NA,2.41812901347021,0.825013518060975,0.918199325916162
"2344","244390",2024-08-05 08:00:00,-29.4505301881962,38.0367129210027,-3278.41802414193,4558.2822274318,13.6445134931577,7.22872913173633,0.622392696055136,-0.161332739955017,0.927128709592684,0.719582799265553,0.643064028946805,NA,2.4194188041514,0.817452613705332,0.918296148983297
"2345","244390",2024-08-05 14:00:00,-29.4349206726753,38.0563646893264,-3276.68038082262,4561.04856469058,11.7827469645947,6.60582962921674,0.289607223467254,0.461056200046796,0.94741208607744,0.671640951520581,0.544365761644442,NA,2.44112531511448,0.792129716694748,0.919910035237498
"2346","244390",2024-08-05 20:00:00,-29.434356154812,38.0978217623035,-3276.61753898152,4566.88684576295,9.6482034835738,4.42788435846133,-0.0193535608555707,1.02670302610635,0.982735705816666,0.771707959451878,0.973154330634294,NA,2.46938615250964,0.75945454472267,0.921967614073916
"2347","244390",2024-08-06 02:00:00,-29.4484197532644,38.1566350906106,-3278.18309159997,4575.17509141841,8.62122878629119,3.98807037213697,-0.327997562702627,1.47150874745441,0.938165230086905,0.722535376543211,1.40595473928707,NA,2.49502222723789,0.726429860303369,0.923792122019223
"2348","244390",2024-08-06 08:00:00,-29.4912449611731,38.2147147548349,-3282.95037193749,4583.36656277865,6.77958291748852,2.25491253353671,-0.795503416897436,1.36403805052314,0.819781331685691,0.580830918507675,1.57978515770871,NA,2.5124320739721,0.696924475908213,0.925008771997042
"2349","244390",2024-08-06 14:00:00,-29.560863990438,38.2477320067249,-3290.70032682477,4588.02620675974,5.62599846115618,2.97072105561123,-1.55751388034188,0.527600688676695,0.859579582344809,0.686913706043273,1.50715856116668,NA,2.52411256129742,0.668911049812365,0.925815007144997
"2350","244390",2024-08-06 20:00:00,-29.6889172117066,38.2410505908931,-3304.95514621084,4587.08310272416,4.90610885599445,3.36138889077236,-2.40990120278817,-0.185704794556463,0.750480195091563,0.514584420027077,2.38076562203712,NA,2.53620477669435,0.637886683533795,0.926641255142891
"2351","244390",2024-08-07 02:00:00,-29.8334075166949,38.2266728788203,-3321.0397333867,4585.0539372228,6.01284962430693,3.91623148090354,-2.71472213256943,-0.31442426532492,0.799860219573492,0.674848145301122,2.70176511644998,NA,2.52215590238945,0.619505171070187,0.925680508702491
"2352","244390",2024-08-07 08:00:00,-29.9713924360676,38.2312317902882,-3336.40014434842,4585.69730496904,6.8211886572683,5.5893989360132,-2.56006849506671,0.107227886966779,0.73004784778458,0.733763809077396,2.56226844326126,NA,2.47889195653364,0.620310480750386,0.922648756009482
"2353","244390",2024-08-07 14:00:00,-30.0996311632258,38.2383817822969,-3350.67561415565,4586.70641595222,5.75503754715854,5.38929357909545,-2.37924496931888,0.168185093124091,0.679829619837501,0.638434485713878,2.3852909197005,NA,2.43211818642899,0.628252762109652,0.919243915081442
"2354","244390",2024-08-07 20:00:00,-30.217480250396,38.2335938604826,-3363.79451452989,4586.03066364349,3.40136602514539,3.57316864581123,-2.17043498955148,-0.156590051982048,0.786967031823914,0.749721077324234,2.18960421744236,NA,2.38340991452386,0.642788984639606,0.915553446796077
"2355","244390",2024-08-08 02:00:00,-30.3317761974332,38.2050147246574,-3376.5178811538,4581.99802643226,4.86752631126379,4.8870645799236,-2.15476012624559,-0.860090293148214,0.868801922119574,0.833523162989606,2.22479439931935,NA,2.33502298851908,0.66221475216013,0.911736389289019
"2356","244390",2024-08-08 08:00:00,-30.4419644845382,38.1331202223117,-3388.78398516571,4571.86045974232,6.60255550534496,5.74294962355326,-2.04435057074983,-1.68959446807183,0.722541482201665,0.665998025181335,2.65227804312947,NA,2.27719214034086,0.695304169552149,0.906970404041723
"2357","244390",2024-08-08 14:00:00,-30.5205753873966,38.019544277309,-3397.53491084271,4555.86604681744,5.60047360219498,3.74179459947301,-1.45848751493285,-2.66573550722674,0.641211797212366,0.648781162134618,3.03853015386197,NA,2.19609891457058,0.759588394681778,0.899898644725051
"2358","244390",2024-08-08 20:00:00,-30.5468044541226,37.8635955401364,-3400.45471719463,4533.94511716547,3.89830209650997,2.22144261849291,-0.332956130165868,-3.80831820982236,0.943376709723357,0.779779290841435,3.68582244678862,NA,2.09672573372634,0.860189189327813,0.890584529899706
"2359","244390",2024-08-09 02:00:00,-30.5640310594862,37.7653819593629,-3402.3723741318,4520.16373041165,6.15582694425523,4.73181992957377,-0.307631483090844,-1.9094342778342,0.8810177291733,0.758469773331878,2.31906537241551,NA,1.9553793150047,1.03812415164663,0.876032017684376
"2360","244390",2024-08-09 08:00:00,-30.5771317812439,37.7504153141174,-3403.83073980689,4518.06522362497,7.35433409576947,4.90087209531769,-0.243060953969251,-0.349751222652318,0.704404575565714,0.587700686369148,0.425936890784719,NA,1.90623285718648,1.13318654876587,0.870595337126755
"2361","244390",2024-08-09 14:00:00,-30.5868845052052,37.7776194113645,-3404.91640807212,4521.87988915031,6.46771930591912,2.92666214224425,-0.17397885835095,0.701440000853727,0.696207712481465,0.674144147640787,0.661089584707666,NA,1.96572302944154,1.08820660838871,0.877150981997777
"2362","244390",2024-08-09 20:00:00,-30.5927141294676,37.8239629764696,-3405.56535887652,4528.38162754528,3.99111251583926,1.73170243242228,-0.0949709593292853,1.15173718549908,0.749360113651493,0.463630265877915,1.08903420610722,NA,2.03453667610476,1.03002059537055,0.884375786458302
"2363","244390",2024-08-10 02:00:00,-30.589425140986,37.851959036996,-3405.19923035353,4532.31131024053,2.60789954413904,1.70108868994991,0.229282190997771,0.395408421346882,0.800069612652575,0.677512682464108,0.657817972447246,NA,2.09510810040082,0.98361210902942,0.890426802061168
"2364","244390",2024-08-10 08:00:00,-30.5558446715555,37.8626117259368,-3401.46106959592,4533.8069760452,2.98090622513981,2.27827495708916,0.623026551870928,0.249277586490337,0.523259936598271,0.401520776034129,0.670964582690131,NA,2.16460077367695,0.927505323310357,0.897025303129261
"2365","244390",2024-08-10 14:00:00,-30.5569104413794,37.8620836428568,-3401.57971055002,4533.73282664404,4.41709059837429,3.94607494530151,-0.159579291970635,-0.179175225247691,0.748458284392448,0.72968696592897,0.023509068595917,NA,2.23810865990371,0.866734859540387,0.903619865277227
"2366","244390",2024-08-10 20:00:00,-30.6135812557045,37.8053582671897,-3407.88827674353,4525.77099847758,7.20388339853227,6.57286920393052,-1.05142760672499,-1.32697129176139,0.854367214497872,0.806637305408716,1.69301818747583,NA,2.3244499873918,0.792161702485319,0.910881834464823
"2367","244390",2024-08-11 02:00:00,-30.6964042624191,37.712767502892,-3417.10809167697,4512.78843135592,8.767157537615,7.31393479387087,-1.53663573004816,-2.1637611176287,0.776916653195477,0.700657188570888,2.65378284370742,NA,2.40985240003884,0.719472706686246,0.917575519473845
"2368","244390",2024-08-11 08:00:00,-30.7834619955774,37.5975147916992,-3426.79931420176,4496.65116272293,8.3772577312096,5.42753023740367,-1.61520366194013,-2.68954470284963,0.76556187572386,0.729701224953358,3.13716423709896,NA,2.45456927994113,0.687922280553435,0.920894951964466
"2369","244390",2024-08-11 14:00:00,-30.8542258586421,37.4738016367392,-3434.67671140469,4479.35731749902,7.31428455353354,2.86977319596003,-1.25069955885835,-2.87645827267009,0.900476269987741,0.881560936522641,3.16718405994382,NA,2.46308595432991,0.691991907394699,0.921513150140507
"2370","244390",2024-08-11 20:00:00,-30.8865163196513,37.3533739424013,-3438.27126908172,4462.5504525746,7.96784844232218,5.24602639438616,-0.599093035050032,-2.80114414247182,0.984367278464046,0.807530041549304,2.86457809349176,NA,2.4588525043223,0.712764848026997,0.921206411920763
"2371","244390",2024-08-12 02:00:00,-30.9086009837662,37.2401531949731,-3440.72972264533,4446.77417009392,11.2786714161402,9.32201898607865,-0.399109643826444,-2.61964603244302,1.09788324984354,1.03520072379836,2.66114457205601,NA,2.46778131362463,0.727079125030567,0.921852078401316
"2372","244390",2024-08-12 08:00:00,-30.918978406878,37.1358613034543,-3441.88493210188,4432.26317611393,14.5962371228251,12.8392651321825,-0.192534907236854,-2.4184989924543,1.06084795594276,1.02376685412355,2.42613758655508,NA,2.47630230341635,0.74547107027239,0.922463735166152
"2373","244390",2024-08-12 14:00:00,-30.9177661164188,37.041001001361,-3441.74998054527,4419.08198673542,16.6944888664357,14.8632440846737,0.0224919282899787,-2.19686489220802,0.97994075341854,0.949579557698495,2.19694237321659,NA,2.48697307802419,0.764699924766365,0.923223523490313
"2374","244390",2024-08-12 20:00:00,-30.9045085534091,36.9564948231178,-3440.27415538187,4407.35352431993,17.0742684643784,15.0086250404202,0.245970862754054,-1.95474373170419,0.922741100263681,0.901450844101081,1.97010484183336,NA,2.50009960296081,0.783520655571483,0.924148802221512
"2375","244390",2024-08-13 02:00:00,-30.8818135199754,36.8805396247736,-3437.7477558165,4396.82303367772,16.6041997017386,14.3517436053752,0.480012789586124,-1.68701891194956,0.973341409838365,0.961900887665635,1.80482019487432,NA,2.51600798472971,0.800742150737797,0.925256447463409
"2376","244390",2024-08-13 08:00:00,-30.8438363013863,36.8162086956842,-3433.52015118141,4387.91240122655,13.7964983856203,11.2800006815427,0.704600765163514,-1.48510543599499,1.01307939758643,0.983204068901933,1.64367456498967,NA,2.53252661248488,0.817833034859864,0.926390830996421
"2377","244390",2024-08-13 14:00:00,-30.7972949553623,36.7534049171323,-3428.33919224118,4379.22058168306,10.9026634039302,8.01352285808393,0.921173617914801,-1.45587114840963,1.07103278893487,1.03574584298768,1.68635862945563,NA,2.55008395681631,0.833909752772561,0.927579154729618
"2378","244390",2024-08-13 20:00:00,-30.7331681366309,36.6865035957588,-3421.20062743381,4369.96956724287,7.25029495741205,3.50031312976614,1.1897608124212,-1.54183576801282,1.04093061980435,0.991040348448412,1.94746342507658,NA,2.56214312940284,0.855755862726745,0.928385077203435
"2379","244390",2024-08-14 02:00:00,-30.6548250189133,36.6158712135576,-3412.47951146233,4360.21143156114,6.25247425026667,3.95437579642085,1.51941890770928,-1.63995444453627,0.902815882642856,0.76961030671669,2.18125457682725,NA,2.56110478671865,0.892595514119732,0.928316011002287
"2380","244390",2024-08-14 08:00:00,-30.5835240493005,36.5321936032484,-3404.54232383197,4348.66270750506,5.18130517295495,2.82190623824205,1.32286445206886,-1.92478741634683,0.718601029793853,0.497598952667171,2.33564459554583,NA,2.54473010596838,0.949872558645601,0.927218679752869
"2381","244390",2024-08-14 14:00:00,-30.5401940805991,36.4433640484422,-3399.71885378004,4336.41672292058,4.87192534393376,1.53045735489982,0.676028292829736,-1.72049296286571,0.72758926013996,0.661371128678013,2.19360081187003,NA,2.51723004754746,1.02643668928255,0.925340917696491
"2382","244390",2024-08-14 20:00:00,-30.5085062167427,36.4020627787773,-3396.19137691121,4330.72777383735,3.05344437831223,1.73362406583578,0.578200687681103,-0.855663182128302,0.67860300373268,0.361920130474265,1.1155476632235,NA,2.49459640105198,1.10418343696588,0.923762138344226
"2383","244390",2024-08-15 02:00:00,-30.4694251028243,36.3538703798095,-3391.84088721019,4324.09347610208,3.69672983160979,2.81933071001584,0.794097552031757,-1.27032912494502,0.739229791835538,0.682699457460175,1.32224298622381,NA,2.51049454049971,1.13383251348635,0.924874259334286
"2384","244390",2024-08-15 08:00:00,-30.4181007005477,36.3056735653733,-3386.12748088349,4317.46271270786,3.66334070921171,2.65802567457747,0.952234375188562,-1.10512696098727,0.529632707094304,0.448704423131098,1.45890386718644,NA,2.51971714542698,1.17372528622572,0.925512557451415
"2385","244390",2024-08-15 14:00:00,-30.3690305847523,36.3093527875846,-3380.66502057998,4317.96874250085,3.79326038735448,2.7901619042436,0.868641302883259,0.754425746436226,0.759362917672877,0.668553872981442,0.914251165356473,NA,2.52216095018856,1.22536931576579,0.92568085597066
"2386","244390",2024-08-15 20:00:00,-30.3291362697438,36.3979387839815,-3376.22400574769,4330.15989112199,4.83660826096148,0.982617262124438,0.740169096827195,2.0318575423088,0.78261179240816,0.468575739722533,2.16229092713135,NA,2.54610775811296,1.24655174766151,0.927311594804609
"2387","244390",2024-08-16 02:00:00,-30.292440956861,36.4155926097264,-3372.13910220307,4332.59107338586,8.45510026800401,4.94877737131651,0.677678880366956,0.318497822075291,1.02698847497251,0.844136876298964,0.79242220542113,NA,2.56945504963592,1.26932107297663,0.928869699033234
"2388","244390",2024-08-16 08:00:00,-30.2580521361818,36.3847084908128,-3368.31095619608,4328.33825719408,12.4842992523017,7.2934247674301,0.638024353781544,-0.708802553358236,1.1211544683091,0.754728181122232,0.95408882537449,NA,2.64535217204591,1.21500727594492,0.933723945629502
"2389","244390",2024-08-16 14:00:00,-30.2245108003849,36.3409848650525,-3364.57715177464,4322.32032295713,15.8984315891227,6.92142021433927,0.622300756189561,-1.00298889421751,1.10410059902998,0.682388184702013,1.18074328700823,NA,2.72838593404262,1.15074422724747,0.938680998943253
"2390","244390",2024-08-16 20:00:00,-30.1905270983135,36.3163846714198,-3360.79410336479,4318.93595488248,17.9671342576881,3.67866958339014,0.630508087591008,-0.564061200502544,1.02287951956706,0.785992099458063,0.846384743353852,NA,2.80747634396933,1.09342858049742,0.943078497073712
"2391","244390",2024-08-17 02:00:00,-30.1550848328447,36.3340736871694,-3356.84868842024,4321.36940978384,19.127846427719,3.72864271794013,0.668628278792271,0.791234484589552,1.0264946606097,0.941634791605411,0.772689261855418,NA,2.89144692798994,1.0307180930952,0.947422004862973
"2392","244390",2024-08-17 08:00:00,-30.111158154059,36.4207500224262,-3351.95879290558,4333.30142747916,18.0273200306183,6.44887221422789,0.814982616008498,1.98866948184012,1.11279445137473,0.79665102372067,2.14899216084583,NA,2.98169099631349,0.960907419011954,0.951740099590369
"2393","244390",2024-08-17 14:00:00,-30.0482067762405,36.5290177681866,-3344.95107758208,4348.22464463723,16.4735224808877,6.84874492164812,1.16795258414631,2.48720272563322,1.18269412791988,0.699176802608062,2.74747800126567,NA,3.06198759575913,0.90419454979778,0.955297252910055
"2394","244390",2024-08-17 20:00:00,-29.9550943406375,36.6284287988197,-3334.58584866424,4361.94565073732,15.2581681731153,5.67439413244879,1.72753818320572,2.28683421596885,1.16352320439714,0.810888206985026,2.86565091950569,NA,3.12427858409308,0.869525526202332,0.957883177617451
"2395","244390",2024-08-18 02:00:00,-29.8232551321012,36.6896288679854,-3319.90957510339,4370.40154433809,15.0812527963891,7.28674543186906,2.51077878984133,1.32992625056565,1.06269472561488,0.916941001568497,2.82286752043547,NA,3.17871324084536,0.844700560297653,0.960025313683813
"2396","244390",2024-08-18 08:00:00,-29.6548814793312,36.7241201836708,-3301.16630581403,4375.17013246715,14.4205083664004,8.70803793885612,3.12387818396444,0.794764777376769,0.992809645825728,0.837209654460763,3.22356136987839,NA,3.23221611177771,0.821713681826152,0.962028789098618
"2397","244390",2024-08-18 14:00:00,-29.4636482601117,36.7557756676052,-3279.87832122775,4379.54855468898,12.7707188560561,8.68416719794061,3.54799740011768,0.729737126171237,0.959429150078665,0.800316204993708,3.62247202317285,NA,3.26816871321733,0.816331817079634,0.963320519736062
"2398","244390",2024-08-18 20:00:00,-29.2617769601654,36.8050430201733,-3257.40611091196,4386.36658614953,10.3966754315377,8.11429206997971,3.76548771816963,1.17874874956132,0.970145193246849,0.798092614249848,3.91396127267268,NA,3.28270877082946,0.832640894992096,0.96383083270791
"2399","244390",2024-08-19 02:00:00,-29.0612866158886,36.8663405912428,-3235.08762787809,4394.85564068795,8.30253352807668,6.83133030559142,3.70403812313822,1.47003436459252,0.982483046467744,0.857549859544267,3.97962306581837,NA,3.279693399416,0.868845554823282,0.963725566822365
"2400","244390",2024-08-19 08:00:00,-28.8614561294908,36.9256494085454,-3212.84259988732,4403.07581506811,6.85316121885366,4.96041913144732,3.718130456435,1.31042855142224,0.981145559002748,0.922300120368837,3.95239513143781,NA,3.2681174096425,0.918307519962669,0.963318706927535
"2401","244390",2024-08-19 14:00:00,-28.6581320649864,36.9598047455995,-3190.20866856067,4407.81265536992,8.24991042918519,6.76161616233606,3.7813684667782,0.692089887409501,0.942752841770561,0.921541697230957,3.85400785315747,NA,3.25051177647058,0.979980859235182,0.962691498268316
"2402","244390",2024-08-19 20:00:00,-28.4647958408748,36.967765746431,-3168.68657854067,4408.91703637917,9.14936353481234,8.00528637699951,3.5870149398632,0.184063524137552,0.802949732443459,0.771332095811578,3.59179220369716,NA,3.22981761816957,1.05176385136536,0.96194107641211
"2403","244390",2024-08-20 02:00:00,-28.2987954981165,36.9600297015749,-3150.20750491331,4407.84386053911,8.0788951252109,6.94812379377146,3.07984554109026,-0.178862617412602,0.749523328043212,0.72356072363874,3.08510226399261,NA,3.21553938003216,1.12226666709589,0.961414882121349
"2404","244390",2024-08-20 08:00:00,-28.1769914734399,36.9428695698809,-3136.64834290974,4405.46372918008,4.62998023781913,3.24958804572217,2.2598602704594,-0.396688537240962,0.814616958509332,0.785663356382874,2.29441768308996,NA,3.21978035301234,1.1736275972755,0.961571899061488
"2405","244390",2024-08-20 14:00:00,-28.0970465258471,36.92212386574,-3127.74891205221,4402.58699629988,3.26664486095554,2.30007438274503,0.989451899138082,-0.610061046248054,0.914079012549694,0.819958887892007,1.55874062116309,NA,3.2527466621798,1.18821060633652,0.962771684762707
"2406","244390",2024-08-20 20:00:00,-28.1023241215004,36.8737151111732,-3128.33641131295,4395.87739509711,5.23799666376205,3.63492133036793,-0.0979162097911438,-1.11826678849835,0.755952317774927,0.537921159161191,1.12240640657017,NA,3.30580187715229,1.17586783742517,0.964627313792338
"2407","244390",2024-08-21 02:00:00,-28.0834421911033,36.8164507716824,-3126.23448443596,4387.945917591,7.07636941200813,3.6522581598786,0.650815153520942,-1.33580207894687,0.828293160448856,0.712078363352211,1.36744857007115,NA,3.38427678014758,1.12867499067823,0.967209515794837
"2408","244390",2024-08-21 08:00:00,-27.9676278735624,36.752608171324,-3113.34209358073,4379.11036102519,8.51973569836973,4.18914978173998,2.14873167660987,-1.4725928225348,0.82900605613677,0.607451304096434,2.60486690262513,NA,3.4610333287902,1.08502789971213,0.969558480065464
"2409","244390",2024-08-21 14:00:00,-27.8192361924721,36.674758648903,-3096.8232072038,4368.34633156756,9.57523193171551,5.28155619665222,2.89436138227229,-1.92462333498917,0.850387185614016,0.809684591084731,3.28609881553908,NA,3.52902116061924,1.0536676368782,0.971502325099605
"2410","244390",2024-08-21 20:00:00,-27.6475977105515,36.5716701479111,-3077.71649879587,4354.10947059551,8.50925633562797,6.2133856474804,3.18445127576593,-2.37281014020799,0.864556115262535,0.731383362123798,3.97140845371288,NA,3.5786953809831,1.04635514968761,0.972845840175658
"2411","244390",2024-08-22 02:00:00,-27.4920030850675,36.4598550893565,-3060.39578431682,4338.68909687446,8.44451552988613,7.05025576001924,2.72300922499242,-2.61083770329189,0.943509612482858,0.806629673766691,3.86516735408581,NA,3.60715475474384,1.06615478665029,0.973587614046367
"2412","244390",2024-08-22 08:00:00,-27.3807524670529,36.3398497803536,-3048.011422169,4322.1641401209,8.76010663177952,6.393856021352,2.06406037918453,-2.75415944180011,0.879546232612931,0.737800058736411,3.44171226825554,NA,3.63778287738732,1.08577413801608,0.974363888608549
"2413","244390",2024-08-22 14:00:00,-27.2960562594591,36.2172126874076,-3038.58308346753,4305.30329444885,9.3895372276284,5.21147367890274,1.50988795185298,-2.81010014321141,0.944974824586161,0.816559559528822,3.21955899715779,NA,3.68381357401231,1.08880611862637,0.97548892077728
"2414","244390",2024-08-22 20:00:00,-27.2360843072008,36.0919096492575,-3031.90703628026,4288.10343309468,11.1276746502032,5.43211754460687,1.08206627891937,-2.91244932166491,1.07942744779399,0.834404608596404,3.07496400770811,NA,3.73558182612376,1.0864540161873,0.976696714654062
"2415","244390",2024-08-23 02:00:00,-27.1920065705969,35.9503877709413,-3027.0003250862,4268.71050308374,14.5133857429003,6.68091593111274,0.817785205477084,-3.23215489683176,1.18992837810152,0.809293126409784,3.33408973330685,NA,3.79071676333924,1.08132298539297,0.977919160418285
"2416","244390",2024-08-23 08:00:00,-27.1631583490395,35.817988042095,-3023.78895575213,4250.59929820521,18.112401791943,7.13583840564903,0.535228228811065,-3.01853404143048,1.1795189914971,0.800988372547147,3.06571497735476,NA,3.84109963276222,1.08262085234249,0.978981291958806
"2417","244390",2024-08-23 14:00:00,-27.1469796057312,35.7134899872688,-3021.98794628538,4236.3263223153,21.406426843973,8.78928002109994,0.227337774739159,-2.18479167787397,1.14027437624655,0.933952422407611,2.39774310480486,NA,3.8955917421211,1.08006776629596,0.980073786639698
"2418","244390",2024-08-23 20:00:00,-27.1540817289094,35.6539035710018,-3022.77855102113,4228.19610250697,22.8910210983492,10.1310565470347,-0.131767482558067,-1.3550366847281,1.09134038468781,0.904321120660106,1.36146655767595,NA,3.95999273531302,1.06718642317814,0.981293356690397
"2419","244390",2024-08-24 02:00:00,-27.1861070121668,35.6200980167611,-3026.34358924585,4223.58625204672,23.0652671781247,10.3737634448164,-0.594173064053426,-0.768308460048254,1.0659378173949,0.857680017115237,0.971427973712671,NA,4.03667107394527,1.04199720574782,0.982650180317456
"2420","244390",2024-08-24 08:00:00,-27.2486232311083,35.6014091310224,-3033.30286290474,4221.03861032376,21.8925471666733,9.40088798102296,-1.15987896974692,-0.424607003834444,1.07035150736491,0.8743312451499,1.23538130337329,NA,4.11645325970766,1.01493685833764,0.98395926792311
"2421","244390",2024-08-24 14:00:00,-27.345289144057,35.5862561764278,-3044.06366311125,4218.97342220391,19.7431994036632,8.52447595658636,-1.8352754545375,-0.338966179821571,1.11149964457172,0.873911583682325,1.82628267056278,NA,4.19534655365096,0.990164920909532,0.985158080694092
"2422","244390",2024-08-24 20:00:00,-27.483840357385,35.5856209151978,-3059.48711362772,4218.88685140166,16.7086971413576,7.23665397321945,-2.6307346897407,0.0261881680137091,1.17618823364296,0.886982584876056,2.57064651570588,NA,4.27033944715489,0.970217556049381,0.98621562682381
"2423","244390",2024-08-25 02:00:00,-27.6745557941704,35.6128578080388,-3080.71745893709,4222.5992060711,13.4033923463478,6.44540071093564,-3.53839091596527,0.618725737473364,1.22339703883693,0.868528466713222,3.59216932456107,NA,4.33861374070607,0.956861053332764,0.987113614034591
"2424","244390",2024-08-25 08:00:00,-27.9168310556268,35.655435658319,-3107.68741767422,4228.40507021402,12.0956943707681,7.71200341021655,-4.58615945028934,1.00068484897801,1.21832818377105,0.864180161827529,4.59801711823181,NA,4.39498712858284,0.953176055184265,0.987811356997804
"2425","244390",2024-08-25 14:00:00,-28.1923671734236,35.7190630867106,-3138.35995800251,4237.08705275758,13.3173459946875,8.73828736974451,-5.25359901556058,1.61400184859015,1.32581739249534,0.800842036069099,5.313060705812,NA,4.43512076404583,0.961325955954711,0.988285228291711
"2426","244390",2024-08-25 20:00:00,-28.5013144128977,35.8151005125971,-3172.75180738276,4250.20464763567,16.6882727051308,6.2062116068104,-5.73197485851618,2.18626577352004,1.4873436905643,0.778215404594111,6.13506193051393,NA,4.461075204592,0.979343117443434,0.988581939825415
"2427","244390",2024-08-26 02:00:00,-28.8216847717385,35.9228712224173,-3208.41527259417,4264.94394731638,23.0858489528914,3.14313145151784,-5.96503947820143,2.48743989558156,1.79565394600731,1.18208861813821,6.43192236411026,NA,4.46946264874196,1.00992001305381,0.988676227738477
"2428","57935",2018-08-27 18:00:00,-29.0838999999966,38.8158000000001,-3237.60493828211,4668.53354166277,9.99999999970857e-06,9.99999999995607e-06,2.04372560467718e-10,1.07989369226403e-11,9.99999999987009e-06,9.99999999997978e-06,0,NA,-2.03345865065495,1.18991730129949,0.115734492994205
"2429","57935",2018-08-28,-29.0979538146025,38.8253178783291,-3239.16940176775,4669.88791313514,4.1096712295694,6.63760718205562,-1.41087255925821,0.0277319853153597,1.81664862628422,3.87380167497956,0.344953503026146,NA,-2.03345865065495,1.1648784384245,0.115734492994205
"2430","57935",2018-08-28 06:00:00,-29.1159004548837,38.8886908940544,-3241.16721262529,4678.9104009611,3.13267822236642,2.03686465173201,-0.281054368792467,1.57404762122772,0.808570245382895,1.26161052016793,1.53999976771455,NA,-2.03345865065495,1.13928941392464,0.115734492994205
"2431","57935",2018-08-28 12:00:00,-29.1295282352049,39.0309273492605,-3242.6842501913,4699.19036276331,3.21182098292495,4.94356676638416,-0.391452805896122,1.07357258033159,1.94877381155242,3.89096199621983,3.38965494394348,NA,-2.03387746148954,1.11301728305314,0.115691638782314
"2432","57935",2018-08-28 18:00:00,-28.9611742176748,38.8996750607416,-3223.94316668684,4680.4750539604,6.54918630075757,5.44541603703453,3.56236108143679,-3.60406990461268,1.19860313528486,1.52309966417258,4.41462947517945,NA,-2.03897005984097,1.08538025063247,0.115171648708559
"2433","57935",2018-08-29,-28.8293925802862,38.9526319019682,-3209.27330191684,4688.0219823176,2.98668998225053,4.64996445784856,1.46876066059756,0.0856773845616439,2.5690957837041,4.20000156865971,2.74914172375114,NA,-2.0318354425954,1.06066675621499,0.115900715783469
"2434","57935",2018-08-29 06:00:00,-28.8641235123553,38.976510484328,-3213.13953158955,4691.42680051832,9.3396887891083,3.15313060361987,-0.64437154771317,0.567469715020534,1.47765230384143,0.859969935681963,0.8582203643696,NA,-2.02823267081542,1.03650493612093,0.11627039483517
"2435","57935",2018-08-29 12:00:00,-28.7850182134865,39.1658483578269,-3204.33357000042,4718.4653523924,5.67173159232802,4.9931370951565,2.57612059931871,3.2835514027643,2.26382705922133,3.72332943901477,4.73938896372667,NA,-2.02221820785229,1.01284351353369,0.116889818185294
"2436","57935",2018-08-29 18:00:00,-28.4507866888912,39.0712197016388,-3167.12708687542,4704.94268802262,0.535821978404936,0.829573349659091,6.36206152656893,-2.49863713732206,0.993673384817551,0.990481345918189,6.59796844742245,NA,-2.01732963790011,0.988204908007866,0.117395394451714
"2437","57935",2018-08-30,-28.5357366927555,38.7500868239381,-3176.58367804847,4659.18768676146,6.20915574403792,10.9027703919643,-4.00788302399238,-8.63133240709754,2.26446803370401,5.03558410952977,7.78687834932095,NA,-2.0118927486227,0.964274143775155,0.117959903641742
"2438","57935",2018-08-30 06:00:00,-28.5447213152589,38.9193874213035,-3177.58384165053,4683.28361716737,4.6825380251243,7.65023285655061,-0.166693976273105,4.0159883759077,1.03598858919772,1.87677420788568,4.01941730100956,NA,-2.00383069605819,0.945621652850659,0.118801309838357
"2439","57935",2018-08-30 12:00:00,-28.5292886290233,39.0994933896441,-3175.86588287721,4708.98114920687,0.788746312434981,0.506447918025934,-0.342574262583728,1.16282253004135,1.30443408654226,1.82116377056742,4.29243639449767,NA,-1.95918675116394,0.93267758179722,0.12355508669579
"2440","57935",2018-08-30 18:00:00,-28.4716441718987,39.0655980074244,-3169.44893126303,4704.13990994306,3.21643265214654,7.37620130051114,1.15724266499409,-0.882503929465143,0.58026348762592,1.30289217941354,1.33970829502689,NA,-1.92976398144902,0.920202477373116,0.126776706106322
"2441","57935",2018-08-31,-28.7017192611418,38.9676884102192,-3195.0607730418,4690.16873686679,4.49694020419818,9.02431835276297,-4.49314400142408,-1.00444027891734,2.06366932549304,4.79043186729,4.86233324315009,NA,-1.89482468102577,0.908891810645887,0.130695340438002
"2442","57935",2018-08-31 06:00:00,-28.7521743649517,39.0801361163709,-3200.67740950583,4706.21608449465,1.93676507498732,2.92111280468519,-0.936106193553153,2.67455789532156,0.715164095888645,1.48992342614637,2.83361165839455,NA,-1.85507416054557,0.897715094309748,0.135278232448922
"2443","57935",2018-08-31 12:00:00,-28.9195670349771,39.077354855943,-3219.31147629559,4705.8188617838,4.52321153475566,3.78142211257538,-3.87711879259958,3.65167714654175,1.97658550072729,3.79520836637097,3.1064253853334,NA,-1.81002040445054,0.889953526803245,0.140635659689845
"2444","57935",2018-08-31 18:00:00,-29.1274356428521,39.0745397915988,-3242.45130387615,4705.41682723271,8.07091749458704,14.2583779620636,-3.62780862882906,-0.83757394414107,2.07450105910612,4.85300542496631,3.85730253032051,NA,-1.76784939820518,0.882415922568155,0.145809981186215
"2445","57935",2018-09-01,-29.2416485963872,38.9725547059728,-3255.16543170567,4690.86267089775,1.07072241235764,1.626429059605,-1.90822652251527,-2.19306465779934,1.75546031145431,3.6324276056868,3.22080092630481,NA,-1.74214421809851,0.872433621209828,0.149040783736171
"2446","57935",2018-09-01 06:00:00,-29.1699301471822,39.0232115241933,-3247.18177045969,4698.08919262624,5.18173022578489,10.5887428671054,1.33061020095731,1.20442028045958,0.862751228676011,1.76269319924705,1.79478666470528,NA,-1.72607266071396,0.861734992868828,0.151090619141247
"2447","57935",2018-09-01 12:00:00,-28.9841218801354,39.0649535317431,-3226.49768878685,4704.04788291708,1.62858238957987,0.352309992576046,4.07705723417786,0.68358469001978,1.15914428937992,1.80471258615511,3.58749857481607,NA,-1.69986384748525,0.852713480437708,0.154483048221012
"2448","57935",2018-09-01 18:00:00,-28.8089006056783,39.0347768584967,-3206.99214573814,4699.73979386244,3.14092923299683,4.72038025390194,2.88175996848082,0.272435820047964,1.3754510778909,2.2388380706291,3.32923999235331,NA,-1.6818752050265,0.841225103664549,0.156847320467993
"2449","57935",2018-09-02,-28.7930958345522,39.1443246324284,-3205.23276666427,4715.38795055227,7.38568026971669,4.64224389704298,-0.446022873708044,2.63380279266766,2.22728238406672,4.032328630076,2.62439387411988,NA,-1.67827267086006,0.828231263055168,0.157324331234677
"2450","57935",2018-09-02 06:00:00,-28.7785840545033,39.166158594182,-3203.61732269873,4718.50971605439,5.9164701725606,7.8198657774987,0.269240700679428,0.520294259383288,1.33736611295716,1.47422891115464,0.586057864113239,NA,-1.67109861405198,0.816260169146892,0.158277760033412
"2451","57935",2018-09-02 12:00:00,-28.6396130199083,39.2214349700342,-3188.1471378926,4726.41736496271,5.39822681316413,2.62415821188441,2.63097489261758,0.791556324886,1.91671274775472,3.72883277486731,2.89542012688843,NA,-1.66437709926317,0.803742539927266,0.159175298130638
"2452","57935",2018-09-02 18:00:00,-28.5645898764367,39.1406010438177,-3179.79559976363,4714.85565856575,2.56962867111918,3.97399970470029,0.869600874633838,-1.77315168816462,1.67065929568023,3.24541947947609,2.37712768630316,NA,-1.6595909984075,0.78978700779349,0.159816908181431
"2453","57935",2018-09-03,-28.6088310991644,39.5240709259274,-3184.72051014975,4769.82318971741,4.25506881283675,5.02007463723982,-1.63834059443932,22.505365245359,2.60792162289269,4.32254389068115,9.19787173932382,NA,-1.6555593990156,0.775655398145377,0.160358995789725
"2454","57935",2018-09-03 06:00:00,-28.5041647828335,39.4933588695271,-3173.06910911258,4765.40962250911,3.46026889590828,5.08631132037919,1.9419001561985,-0.735594480137172,0.794987772725457,1.10436263450611,2.07735468673736,NA,-1.6264758626602,0.757969432251992,0.164313704826567
"2455","57935",2018-09-03 12:00:00,-28.3453582261883,39.3911435928504,-3155.39084409221,4750.73460818111,3.61553948378691,3.06990302137682,3.28132909678628,-4.32651240171367,1.86357288976698,3.37785826970555,3.8294499200819,NA,-1.56861024347829,0.746887209687572,0.172414602774711
"2456","57935",2018-09-03 18:00:00,-28.4302854748612,39.2819166519212,-3164.84490216895,4735.07686199917,1.17531711726193,2.44109112290742,-1.67948130724196,-2.5741617532001,0.614112255685684,0.680980037095807,3.04829520169212,NA,-1.52201719488451,0.735932073009743,0.179164669248854
"2457","57935",2018-09-04,-28.2042212535666,39.215824001819,-3139.67954816786,4725.61439301285,6.09196160960705,4.95709927591306,4.62834884053717,-0.899459795422145,2.09531132072995,4.51476352827413,4.48081491545644,NA,-1.4711880861045,0.726401028305269,0.186762097896028
"2458","57935",2018-09-04 06:00:00,-28.1327840057611,39.209901351916,-3131.72719011847,4724.76688723115,5.05305744402377,7.38079701774783,1.32539298719153,-0.141250964311375,1.09811817988353,1.37278901850478,1.332986006917,NA,-1.41090031705656,0.718173231849967,0.196092091566224
"2459","57935",2018-09-04 12:00:00,-28.2643829421228,39.231871227022,-3146.3767167032,4727.91104430111,10.7881841266963,7.47956591769761,-3.27210504378793,0.590536706810693,2.24387798531232,3.85204120539314,2.49723044325489,NA,-1.35438595631262,0.713436170908241,0.205154246597904
"2460","57935",2018-09-04 18:00:00,-28.4836087146302,39.2114661842942,-3170.78081806749,4724.99080102426,3.05807707557047,1.81350908550898,-4.06735015321694,-0.486707220306673,1.56027012697061,1.23358612112757,4.09629510366291,NA,-1.29042192390497,0.709998687022291,0.215781404386056
"2461","57935",2018-09-05,-28.5335140392133,39.1360296255501,-3176.33625338795,4714.20220700095,2.44698127529252,0.790272845441836,0.401703990309776,-6.02496433128794,1.82628141164047,2.36889207419798,2.02239910700725,NA,-1.24425728598954,0.703582338521976,0.223695812939533
"2462","57935",2018-09-05 06:00:00,-28.4011309743684,38.9893986994208,-3161.59943801976,4693.26499647213,3.19634095383468,4.15716951379109,2.58603780119811,0.0996020819936122,1.11554771502029,2.45600479320895,4.26745456370004,NA,-1.19955017801314,0.699323235167245,0.231555246997127
"2463","57935",2018-09-05 12:00:00,-28.2275755229592,39.0966401312648,-3142.27933354449,4708.57353111889,1.38709260347349,2.73543377162091,1.42382297459522,0.459504100008272,1.617445328918,3.61617353294974,4.10798266838234,NA,-1.15842562575579,0.693102065317163,0.238953474852627
"2464","57935",2018-09-05 18:00:00,-28.2053977920906,39.0551129412329,-3139.81051983725,4702.64281440145,4.73763653345142,6.03461021581024,0.411468969618607,-0.988452791939616,0.7962024051402,1.06521193462974,1.07067111889047,NA,-1.11212832882578,0.68985363424206,0.247474315234543
"2465","57935",2018-09-06,-28.1919356244332,39.0087386320639,-3138.31191818866,4696.02400898077,10.142913166454,19.0086551979197,0.021582056772387,-0.209559858806325,2.45706928820655,5.48393008426614,1.13122001842636,NA,-1.05581927168837,0.692568875624489,0.258109207592352
"2466","57935",2018-09-06 06:00:00,-28.1829160839188,39.1247960072909,-3137.3078675314,4712.59662321774,7.59000313993898,3.83239641448307,0.16734180096069,2.7621023728173,1.52301688906128,2.87306817779782,2.76725222097294,NA,-1.00113713724919,0.694069268703682,0.268717905368938
"2467","57935",2018-09-06 12:00:00,-28.0872409771069,39.3168594654431,-3126.6573633595,4740.08325314804,3.55855875229372,4.67018524861274,1.98859415590048,4.5657156443843,2.13564341551782,3.79641186793066,4.91286638272042,NA,-0.940380408479854,0.697642798132607,0.28082350824821
"2468","57935",2018-09-06 18:00:00,-27.9900523103083,39.4244273273515,-3115.83837046061,4755.51076030636,2.36178348869998,2.17917142921821,1.80316545109774,2.57125119117665,0.615442705319596,0.817804779701482,3.1405208881449,NA,-0.899937445489192,0.692714688482145,0.289063352515823
"2469","57935",2018-09-07,-27.9765155685409,39.4312447391009,-3114.33146726006,4756.4893294813,3.51182820092855,3.38410354620231,-0.769539648983299,0.27271246177242,1.94312428936119,3.77772010007136,0.299437963538806,NA,-0.876141680316229,0.684201469678497,0.293977955076352
"2470","57935",2018-09-07 06:00:00,-28.1454635535918,39.3872347830695,-3133.13867092648,4750.17385219477,6.88245787992433,2.5495885495346,-3.13453386697919,-1.05257954289708,1.14025881897616,0.670885513999096,3.30653997317924,NA,-0.848139180349147,0.677843185487634,0.299823352541818
"2471","57935",2018-09-07 12:00:00,-28.161160398424,39.2637619516171,-3134.88603570027,4732.47676214157,4.10367569132782,3.5751298308128,2.01532421814143,-6.05669349494602,2.34860721579295,3.20301935768,2.96391948046562,NA,-0.81767545321071,0.669746796841245,0.306257319326238
"2472","57935",2018-09-07 18:00:00,-27.9537232911616,39.2804061397901,-3111.79424254819,4734.86050190583,15.1850956251968,32.3130018488908,3.98564137121353,0.960616459893218,2.52766307296001,5.78724789836186,3.86874283659168,NA,-0.787031948013374,0.662889070004771,0.312806322752191
"2473","57935",2018-09-08,-27.7740698302114,39.36627380451,-3091.79531075596,4747.16734016425,15.0145373717845,31.054964994215,3.333155255662,2.05113969121059,2.05984996923877,4.71356301440863,3.91330201377651,NA,-0.745619545041369,0.660065491824301,0.321776528245984
"2474","57935",2018-09-08 06:00:00,-27.775102750475,39.2050079280684,-3091.91029491373,4724.06671363714,3.73700786094383,3.29580214748083,-0.0191640693385825,-3.85010443971282,2.19412909993496,4.83208564383362,3.84979748204221,NA,-0.727736832612975,0.650018542345884,0.325691560264423
"2475","57935",2018-09-08 12:00:00,-27.8921612496859,39.0845193348863,-3104.94118743891,4706.84213268716,4.40752768638571,1.66707713138218,-2.41084165386603,1.23247492052566,1.77113509740169,3.0198866689757,3.5995289063651,NA,-0.681046938209119,0.654202325785492,0.336027676905187
"2476","57935",2018-09-08 18:00:00,-28.0289088219444,39.1992645454186,-3120.16385754995,4723.24498675115,7.69602930353362,13.0564712795693,-2.54225521467669,2.79350002560835,1.33661684667289,2.27809435374229,3.72959195710954,NA,-0.646970761784792,0.654771688749205,0.343672493542126
"2477","57935",2018-09-09,-28.1926824706101,39.2214425118949,-3138.39505672477,4726.4184443035,7.05091865435445,3.92652610967218,-2.58280097452699,-2.28095646971725,2.41953426491638,4.0856250594725,3.08405542292979,NA,-0.601627809622772,0.661829915337996,0.353971364947705
"2478","57935",2018-09-09 06:00:00,-28.2066510367252,39.2332013444851,-3139.95003039181,4728.10143218382,0.970694171112252,0.612833248370827,-0.259162305173702,0.280497972230197,1.1331170715615,0.635116237543961,0.38189224866272,NA,-0.569276566102901,0.665118706770454,0.361403770199165
"2479","57935",2018-09-09 12:00:00,-28.1978194898601,39.2323868702397,-3138.96690709187,4727.98485105039,8.52116358505617,1.39995396640002,0.237949481207078,0.0136468706282082,1.60887877562147,1.59044955548816,0.165052224859745,NA,-0.529669774754775,0.673328031808758,0.370593911121003
"2480","57935",2018-09-09 18:00:00,-28.0994456250565,39.2463871491625,-3128.01597855457,4729.98899423562,4.84530456171212,6.70637223889478,1.923061522762,0.351237174682525,1.38022447326151,1.20028897458976,1.85538695884943,NA,-0.489792227172984,0.679199154110736,0.379942514846595
"2481","57935",2018-09-10,-27.9236952004922,39.2095382327296,-3108.45153078537,4724.71492877832,4.25062754286482,5.02903307555765,3.56241848972295,0.975019926951985,1.98123012135675,3.61535777196087,3.37716768940734,NA,-0.45075111920389,0.682145817970746,0.389182195578275
"2482","57935",2018-09-10 06:00:00,-27.8967936489905,39.2206023985814,-3105.45686377065,4726.29821360903,3.57975249219603,5.50767867445104,0.49911123104515,0.263880804553012,0.805861959327049,1.13919797874135,0.564656814927568,NA,-0.424807590622413,0.676684373276796,0.39536691019033
"2483","57935",2018-09-10 12:00:00,-27.7862192878468,39.1620825355354,-3093.14778219334,4717.92685719368,1.91271823883548,0.855922308329621,2.74031691146281,-0.484051396947298,1.40046549735968,2.32923174354402,2.48097421250782,NA,-0.389981175475394,0.678661470538855,0.403721832332491
"2484","57935",2018-09-10 18:00:00,-27.5292488740127,39.1729679455121,-3064.54196657639,4719.48349997685,2.61214374541596,4.7916907992317,2.92509682925566,8.07607011771021,1.1569346097291,2.15577773675654,4.77455280912662,NA,-0.357054939915954,0.676920265497657,0.411672668421274
"2485","57935",2018-09-11,-27.537126476381,39.2654071726754,-3065.4188972607,4732.71236124399,1.45497784447886,2.24820798056452,0.161301886807065,0.592144149377502,1.73540006279925,3.48251884891296,2.20976430603759,NA,-0.345902767206884,0.662493554790002,0.41437634070587
"2486","57935",2018-09-11 06:00:00,-27.3270790830726,39.3408579055531,-3042.03652839516,4743.52306201752,1.22544435580732,1.91776070380052,3.89706139204087,1.80178345855235,0.299095594058924,0.466952018874569,4.29341125921216,NA,-0.305276064798589,0.672693024333647,0.424268214663744
"2487","57935",2018-09-11 12:00:00,-27.2544310392614,39.4676652711818,-3033.94938515097,4761.71875735636,11.2018554800674,25.4499873188829,1.11233525178193,3.14422400981558,2.04986653359077,4.66716443292344,3.31859631255436,NA,-0.267168403436665,0.680800154611644,0.433602379488275
"2488","57935",2018-09-11 18:00:00,-27.2217743534909,39.5207895027304,-3030.31405952,4769.3515292141,3.5550545365439,6.20830094881143,0.605887639266209,1.27212863618716,1.56813366898527,3.69253338596517,1.40910438611947,NA,-0.234103977327698,0.69211579868118,0.441739840359308
"2489","57935",2018-09-12,-27.1305086349576,39.6633941285476,-3020.154406206,4789.8698013256,8.84332670167297,7.75064957762754,1.83263142522006,3.7656796511991,2.5786919647019,4.83573408277222,3.81574907809041,NA,-0.200609367747897,0.705543552866187,0.450015178655817
"2490","57935",2018-09-12 06:00:00,-27.0477676892638,39.5820510402371,-3010.94372626361,4778.16076093934,17.9882762910609,28.0745489183418,1.53587992231151,-1.95315849626969,2.55767228903611,4.50642987741944,2.48254742542471,NA,-0.177954989125623,0.709800408037688,0.455628287829116
"2491","57935",2018-09-12 12:00:00,-26.8963386406455,39.385851755259,-2994.08672168011,4749.97545126808,24.2157786533137,39.9361435521578,2.80950074529774,-4.69755160585925,2.6666888196874,5.39570585369053,5.47377664694384,NA,-0.132195718138245,0.73391969957446,0.466999115957516
"2492","57935",2018-09-12 18:00:00,-26.7541519020259,39.1962708281287,-2978.25856633941,4722.81669145351,21.7150025488918,25.0725986425142,2.63802587149711,-4.5264599630755,2.4457613099695,5.08549906815585,5.23942819925682,NA,-0.113216661640344,0.739807267017521,0.471726029482093
"2493","57935",2018-09-13,-26.685656949256,39.1162944830422,-2970.63374307516,4711.38170015115,16.0830123488404,8.94992207278204,0.714740457400534,-0.821085483081858,2.85441796048476,4.05431780646585,2.29069316160947,NA,-0.130583407289779,0.731510773321225,0.467400459036638
"2494","57935",2018-09-13 06:00:00,-26.7546094558356,39.0116811901924,-2978.30950099652,4696.44385758121,10.7088459502565,18.5450427091912,-1.40894500444318,-2.60370425240434,2.12868124023929,3.32282907521007,2.79935692285974,NA,-0.146125632714042,0.735961265686184,0.463533457005242
"2495","57935",2018-09-13 12:00:00,-26.8610026310621,38.8232671022278,-2990.15313508661,4669.59607714269,1.75676485277904,3.63682692629232,-1.84747110170529,-4.31212568681278,2.54368533642304,5.33654147006157,4.89020391937635,NA,-0.161323538452491,0.741867175744493,0.459756356906078
"2496","57935",2018-09-13 18:00:00,-26.8546914966116,38.8258082656197,-2989.45058281326,4669.95769902561,2.18444391990996,4.50994360683392,0.117092016040793,0.060270302399339,0.431193411557753,0.903581643897014,0.131635192128587,NA,-0.201128952861717,0.738528511279058,0.449886583894281
"2497","57935",2018-09-14,-26.8014159815292,38.7805443473209,-2983.51997960254,4663.51833503129,5.36950078303049,5.98019334037427,1.94002035275339,-1.55696543970922,2.09724117297872,4.31966334734486,1.4591069608972,NA,-0.213465586078089,0.759392578666077,0.446835332325049
"2498","57935",2018-09-14 06:00:00,-26.7028788834983,38.7580042908396,-2972.55088002548,4660.31326432309,1.23475849039565,2.04249013126624,1.82818312364051,-0.534178482612505,0.835235668431456,0.9739354848567,1.90451005825974,NA,-0.225988266334506,0.778940026822913,0.443742157136892
"2499","57935",2018-09-14 12:00:00,-26.800165126451,38.7603042072665,-2983.38073505217,4660.64025288747,6.3769362978523,8.74365645537203,-1.74408325905837,2.06113023801348,2.01392892281987,4.2923537099186,1.80586004913334,NA,-0.242893418379239,0.796974988190225,0.439573436929687
"2500","57935",2018-09-14 18:00:00,-26.7317032056683,38.7712777629982,-2975.75958889191,4662.20055467735,5.22156804196816,2.31004524221045,2.2696508083639,-0.164509377040688,1.64533931657001,1.74936233251347,1.29654172504173,NA,-0.244754734452083,0.821034455225549,0.439114955963326
"2501","57935",2018-09-15,-26.5410148592157,38.7387140866938,-2954.5322592646,4657.57111486963,1.34685647639804,1.9228347804209,3.2851357595201,1.04429982310557,1.86518074041975,3.01690053732568,3.62108674132203,NA,-0.235180381277995,0.849284924584482,0.441474409622932
"2502","57935",2018-09-15 06:00:00,-26.4760858416752,38.7177108105003,-2947.30439409429,4654.5862970423,1.02103361185354,0.609701462389255,1.20464420302962,-0.497469634825549,0.265179733110696,0.329220132144048,1.30333647439749,NA,-0.236733657728664,0.873499679766758,0.441091445753112
"2503","57935",2018-09-15 12:00:00,-26.4232086046209,38.6944132685732,-2941.41812699084,4651.27647078928,22.2199727568182,51.6034719426627,0.976143865289606,-0.552809682715397,4.31759798015001,10.0670173581954,1.12552232560841,NA,-0.234685295260449,0.906190090732624,0.441596488871324
"2504","57937",2018-09-05 10:00:00,-28.3478000000002,38.6310999999995,-3155.66266110958,4642.28719111447,9.99999999999182e-06,9.99999999991676e-06,-1.72258870265909e-11,7.77905690183269e-12,9.99999999991519e-06,9.99999999977382e-06,0,NA,-0.127803099680536,0.767078702389107,0.46809264351391
"2505","57937",2018-09-05 16:00:00,-28.4182639202343,38.6915737024048,-3163.50666882934,4650.87313470941,3.52552523451039,2.15977194913714,-1.30737900723105,1.63480857728746,1.22499661252527,0.738390711873595,1.93827135398753,NA,-0.127803099680536,0.754993694849331,0.46809264351391
"2506","57937",2018-09-05 22:00:00,-28.4477975729277,38.6456485846384,-3166.79434000844,4644.35210450917,2.28543628910715,1.92590131383941,-0.204887579201423,-2.59798506975186,0.969583950986151,0.722428071024655,1.21698846961597,NA,-0.127803099680536,0.742712072653687,0.46809264351391
"2507","57937",2018-09-06 04:00:00,-28.4188540989195,38.5710219346264,-3163.57236722005,4633.76464642311,10.5984597154532,6.4379619686893,0.685909121649123,-1.47840427285405,2.15395681085964,1.25705042722929,1.84445758565791,NA,-0.120658343576966,0.718167459943397,0.469871956672205
"2508","57937",2018-09-06 10:00:00,-28.3767229988013,38.5643774967815,-3158.88235460834,4632.82252227022,11.2341109083648,6.49934935081576,0.720379082825414,0.0405652864398697,1.78043027970894,1.07480640892672,0.797321232377941,NA,-0.116878669035463,0.700212771891018,0.47081355060309
"2509","57937",2018-09-06 16:00:00,-28.3500578036303,38.6047989290076,-3155.91399866,4638.55529273993,4.86143648712129,2.90690486435655,0.431577974180488,1.22763295578663,1.98908611128631,1.15708385938409,1.07566924792198,NA,-0.110058910068164,0.677797712870413,0.472513012623181
"2510","57937",2018-09-06 22:00:00,-28.3571411413887,38.6713406877687,-3156.70251221238,4647.99967518322,3.24024706691302,2.03159327919282,-0.327635180546302,1.64724818059389,0.868634954935575,0.548724398975282,1.57936398362621,NA,-0.102888638933913,0.654490597382717,0.474300507657252
"2511","57937",2018-09-07 04:00:00,-28.4725183016005,38.6673212778097,-3169.54623893633,4647.42894267144,4.64067006409208,2.81762808976412,-2.53277272383461,-0.493941106572168,1.0549765359336,0.646486665350554,2.14257837489813,NA,-0.0985381660210279,0.636357784024806,0.475385372137284
"2512","57937",2018-09-07 10:00:00,-28.525072455435,38.6876502072728,-3175.39654058026,4650.31586235122,3.46360943787714,1.95303895119772,-0.0932113049384923,1.10985427389292,1.1407811710814,0.662028461032829,1.08734085873576,NA,-0.0907453792577212,0.612581975269788,0.477329210358512
"2513","57937",2018-09-07 16:00:00,-28.7352855550485,38.7081871086036,-3198.79735578731,4653.23315602293,8.10862498006886,5.10513105936929,-4.42603595798135,0.393154684340555,1.48027900116688,0.925103780438765,3.93028142960274,NA,-0.0827046292331785,0.588669092762042,0.479335620141561
"2514","57937",2018-09-07 22:00:00,-28.9104725226232,38.6973242770814,-3218.29907981134,4651.68997139907,2.25208829679919,1.27879198944196,-2.38101416686611,-0.478925926454377,1.93925039939749,1.15795116509073,3.26031146972909,NA,-0.0785956487052668,0.571305632336081,0.480361196308899
"2515","57937",2018-09-08 04:00:00,-28.8346714625389,38.6307789616498,-3209.86094440117,4642.24163018287,8.83738436965747,5.33633656320352,1.94483180898693,-1.73258352876543,1.66298764655561,1.03668895344395,2.11168396012046,NA,-0.079570101785217,0.564766847291136,0.480117963542534
"2516","57937",2018-09-08 10:00:00,-29.0507854608324,38.6700174087489,-3233.9186446445,4647.81177379885,1.95429442935913,1.53020762476779,-6.40152639090685,1.91508522375355,1.63368549494738,1.02049931184732,4.11597329678353,NA,-0.0712610963913308,0.542525570910967,0.482192261119428
"2517","57937",2018-09-08 16:00:00,-29.5673414720637,38.7169370108475,-3291.42139678097,4654.47634771035,3.82199049785369,4.36394381226,-9.16665172897354,0.191896786738686,0.974036252476501,0.922757186925007,9.64806525827461,NA,-0.04840484290934,0.496513589592946,0.487901151509642
"2518","57937",2018-09-08 22:00:00,-29.6516484416427,38.6090054429853,-3300.80640570483,4639.15206864332,1.82762290761925,0.925435215056408,0.848700646843657,-3.32306925607659,0.813605190578154,1.04024432670172,2.99532666027704,NA,-0.0600715845295684,0.510265118898015,0.484986618364259
"2519","57937",2018-09-09 04:00:00,-29.7001848081496,38.5698255223902,-3306.20944930933,4633.59499897165,3.01078054291423,1.87469537560438,-1.13576595987751,-0.46193745206282,0.735380371488395,0.437005346117656,1.29191459101714,NA,-0.0303796275557185,0.467541249104758,0.492405677182574
"2520","57937",2018-09-09 10:00:00,-29.8809267693441,38.63118290957,-3326.32955239448,4642.29895745953,1.64074355095891,1.33555297420455,-4.06869359722386,2.1124842296091,0.704210085253431,0.527998504654138,3.65371888197191,NA,0.00147187244487002,0.432820542086283,0.500367968044787
"2521","57937",2018-09-09 16:00:00,-30.0263573995983,38.6403111075553,-3342.51881610013,4643.5944952835,5.83641579155021,4.06128832199467,-2.39384799164971,-0.342366830499236,1.3179531770598,0.879327021245105,2.70693380970098,NA,0.0355237359604678,0.40942360940935,0.508880000177234
"2522","57937",2018-09-09 22:00:00,-30.0124032121065,38.497879392523,-3340.9654430541,4623.39849550654,2.75268431724805,1.62539129918647,2.43682602904688,-5.17649245789394,1.32408239149301,0.924238911036023,3.37585853502075,NA,0.0681461742868403,0.404398295942148,0.517029953630087
"2523","57937",2018-09-10 04:00:00,-30.1165450404452,38.3682932628134,-3352.55845835504,4605.05887628988,2.49569992658231,1.83062844276279,-2.67741957352328,-2.67141734676734,0.762010413107923,0.426939766745132,3.61596811867281,NA,0.107669882855648,0.42177131267413,0.526891496745159
"2524","57937",2018-09-10 10:00:00,-30.1008966725137,38.2039044807948,-3350.81649000517,4581.84139853601,3.48417078271415,2.21148243342708,0.144101605828187,-3.99310680150251,1.13305222151947,0.689104256484193,3.88070016990033,NA,0.135543282589392,0.447704794637177,0.533834036643699
"2525","57937",2018-09-10 16:00:00,-30.2771778609574,38.0822469361832,-3370.44002213915,4564.69309613713,3.71162180863483,2.35433129232077,-4.53876234276302,-2.156640868257,1.04638842272506,0.64916746031019,4.34325147758322,NA,0.146763837326703,0.458005859339967,0.536625241759039
"2526","57937",2018-09-10 22:00:00,-30.438989520838,38.0032659992452,-3388.45281372148,4553.5756963796,1.18843863552786,0.748377411672739,-1.58966197970374,-1.98559114470152,0.601938584227054,0.425776853473474,3.52797940736881,NA,0.150417288466753,0.461251438498421,0.537533581220322
"2527","57937",2018-09-11 04:00:00,-30.479173970737,37.898602922796,-3392.92612622204,4538.86184889256,3.32032893591804,2.61162925890486,-0.517763679335814,-2.5627634304941,0.720571926817699,0.560260558635824,2.56317599601149,NA,0.147134858855212,0.458096622254964,0.536717498195088
"2528","57937",2018-09-11 10:00:00,-30.5152138828744,37.810049400401,-3396.93807088941,4526.42919984579,0.153873411638099,0.556641915175495,-0.319615395448047,-1.76654635552844,0.775523652619548,0.745120579711188,2.17726584359044,NA,0.138907148966289,0.451451804484336,0.534671056425517
"2529","57937",2018-09-11 16:00:00,-30.6485320384144,37.8665231216851,-3411.77898007763,4534.35620110534,4.9124539650873,3.74278771185075,-2.95981651913328,1.85854071007865,0.981584589602406,0.732664682500484,2.80437331621081,NA,0.125106990571536,0.444150595340805,0.53123601671616
"2530","57937",2018-09-11 22:00:00,-30.7352185731209,37.8794453857384,-3421.42888097978,4536.17091106876,5.64591257490317,3.53130784074603,-0.80874721426992,-0.497737175404168,2.18466002230056,1.37467005288995,1.63620352245844,NA,0.124202017978559,0.450104783116489,0.531010650184263
"2531","57937",2018-09-12 04:00:00,-30.7034778329481,37.8426442264605,-3417.89551794634,4531.00366468721,3.85203802978425,2.54280510984342,0.58889381808492,-0.861207668377944,0.910642665026199,0.568992621134528,1.04327690835705,NA,0.124032339126937,0.457201211836282,0.530968393422547
"2532","57937",2018-09-12 10:00:00,-30.6987339574115,37.8386048446102,-3417.36743213722,4530.43665396065,3.28395544256218,2.95644779809543,0.158820855168127,0.0544800850708526,1.35378654403552,1.03009615927639,0.129125182666021,NA,0.127230610925238,0.465744699365116,0.531764814536409
"2533","57937",2018-09-12 16:00:00,-30.6767349427715,37.8280239733395,-3414.91851302955,4528.95155840268,3.66504619622302,3.68638290483306,0.388842000572125,-0.392181669304952,1.19140131443465,0.914558663776338,0.477347416231089,NA,0.131468878249702,0.474312111939673,0.532819961309683
"2534","57937",2018-09-12 22:00:00,-30.5924888945038,37.7874905806982,-3405.54028583504,4523.26441331854,7.57723977599218,5.72157340725201,2.03476635912288,-1.12614609764596,2.18779389537995,1.39386916386832,1.82798446432963,NA,0.135619671653256,0.482022249664053,0.533853046414752
"2535","57937",2018-09-13 04:00:00,-30.4793848512397,37.7449050721181,-3392.94960133222,4517.29272807847,8.49201543350626,6.13011155513255,2.09844737081454,-0.99528084169065,1.38281363092101,0.933177985464925,2.32257815250011,NA,0.138604113285175,0.488292849835421,0.534595660987452
"2536","57937",2018-09-13 10:00:00,-30.5142434162099,37.7626266171153,-3396.83003903449,4519.77736556017,2.03416341597093,1.70447317221219,-1.71202816933355,0.940942131320734,1.38513888032845,1.09547832495593,0.768020640514374,NA,0.138148717173758,0.492509375410886,0.534482355221735
"2537","57937",2018-09-13 16:00:00,-30.5544156981914,37.7951962514983,-3401.30199700867,4524.34533560339,4.57588391086447,2.98022770006375,-0.580925334701818,0.717430812386136,0.937668407979978,0.605981277975595,1.06541325192958,NA,0.144364529262882,0.500648997641858,0.536028581049447
"2538","57937",2018-09-13 22:00:00,-30.6824648134185,37.7877112124076,-3415.55635931228,4523.29536111759,1.39743283835636,0.986208622584528,-3.01814873281408,-0.790801535251201,0.599819050523006,0.450173275209961,2.38214654687399,NA,0.149663232284883,0.507798845172939,0.537346124169763
"2539","57937",2018-09-14 04:00:00,-30.7691690455393,37.6932476087465,-3425.20823028159,4510.05354840486,3.79894392321188,2.36637523536899,-1.15274719388491,-2.70539103579419,0.956134292709829,0.590457938616882,2.73094630461451,NA,0.154667793882159,0.514483780542208,0.538590049454825
"2540","57937",2018-09-14 10:00:00,-30.720545572426,37.6341517744584,-3419.79549001402,4501.77820329265,2.21622784405598,1.49134562690328,1.67801156750985,-0.684654946811502,0.696742285765122,0.46308806294908,1.64806509420886,NA,0.157776411287117,0.520077024274415,0.539362481193895
"2541","57937",2018-09-14 16:00:00,-30.6395680171523,37.6466002358324,-3410.78110979527,4503.52084189917,3.20418609853451,2.03121343511731,1.1243950277433,0.479895348900771,0.887560925615982,0.566885396074567,1.53013623259596,NA,0.16271477307257,0.528399129215014,0.540589179172059
"2542","57937",2018-09-14 22:00:00,-30.4071770923269,37.6300639681675,-3384.91147037872,4501.20602256236,1.76240937853999,3.2470830949282,5.79910182439658,-0.815818092588098,0.910196068897275,1.0651293674905,4.32880451232733,NA,0.170790060336216,0.539436116314847,0.542594029078938
"2543","57937",2018-09-15 04:00:00,-30.3853030573366,37.673949637804,-3382.47646394201,4507.35047212973,6.87211170287908,2.90438102042006,0.27358415311792,1.06918972078074,1.16381729836083,0.610821941887736,1.10176691912103,NA,0.173722729881161,0.546543804702912,0.543321784437022
"2544","57937",2018-09-15 10:00:00,-30.4290889697218,37.7373465153621,-3387.35068941265,4516.23316814759,2.04159765850047,0.891379862483782,-1.01780777771459,1.56908492877513,1.55010285761514,0.460312542782966,1.6887966126803,NA,0.186919581916945,0.564558509589553,0.546594311462927
"2545","57937",2018-09-15 16:00:00,-30.3821717078664,37.7551267980547,-3382.1278837135,4518.72578514941,6.22857469540582,4.29942153816398,1.32209350545134,0.136017009302141,1.33652828959434,0.910846692382225,0.964385903013588,NA,0.197857392768664,0.581627632111422,0.549303610084889
"2546","57937",2018-09-15 22:00:00,-30.4414175098091,37.7436633564887,-3388.72309621739,4517.11865665446,1.63262735045981,1.36605279490513,-2.66784344098557,-0.263419500566926,1.14300662139994,0.897647340117812,1.13131597169388,NA,0.211620614700948,0.603410463755626,0.552708595003286
"2547","57937",2018-09-16 04:00:00,-30.581623743011,37.6412987583168,-3404.33078270347,4502.77866121982,4.17722342661719,2.27463886259246,-2.4138999655979,-2.94978582713742,0.895280781817383,0.49381827189547,3.53239148029741,NA,0.227434550549529,0.629123343242908,0.556614807400455
"2548","57937",2018-09-16 10:00:00,-30.6515624952644,37.5746377241509,-3412.11632899104,4493.45099877194,1.80182633372936,1.29303784119866,-0.77670446582658,-0.660584932773742,0.684730714911208,0.469209729362647,2.02507544305424,NA,0.239217496598822,0.650672882868143,0.559520804603809
"2549","57937",2018-09-16 16:00:00,-30.6481527745369,37.550655467222,-3411.7367606159,4490.09729935701,7.19778098958656,6.16339694391709,0.217971050952258,-0.526818584449116,1.58158769075311,1.30065979120225,0.562793571352337,NA,0.24994025913155,0.674751931724405,0.562161796567326
"2550","57937",2018-09-16 22:00:00,-30.6562367737438,37.5206944042735,-3412.63666729119,4485.90904714717,5.48525429136023,9.51951310996712,-0.397892254968209,-0.801890901191282,2.18076150375993,1.44120482065769,0.714180961654406,NA,0.263147294910722,0.704399719928009,0.565409808609361
"2551","57937",2018-09-17 04:00:00,-30.7425323935547,37.4646104928575,-3422.24305174623,4478.07364196119,12.7435361337168,10.7022275448396,-1.60106405629739,-1.30590083489396,1.92078710346613,1.30220080325992,2.06598516121498,NA,0.275756629652185,0.733748822833759,0.568505599627592
"2552","57937",2018-09-17 10:00:00,-30.8627416384631,37.3971507370654,-3435.62468367808,4468.65678163439,5.6126520314576,8.17664192717356,-2.23027196909745,-1.56947669169614,1.96689732490205,1.59862933511812,2.72697210507632,NA,0.286314847432444,0.76017876904648,0.571093708161366
"2553","57937",2018-09-17 16:00:00,-30.9832374767056,37.3295338220001,-3449.03821903394,4459.2265569297,25.3702323885537,19.2282934532031,-2.23558920643353,-1.57170408801168,4.43815605183061,2.86833640973354,2.73260221576842,NA,0.291585225154647,0.778864960040313,0.572384177926832
"2554","57938",2018-09-11 06:00:00,-28.3130000000001,39.0184999999994,-3151.78874282996,4697.41684326649,9.99999999584296e-06,9.99999999619969e-06,-4.61135792723197e-10,-1.81422973115081e-10,1.00000000063611e-05,1.0000000003123e-05,0,NA,1.3197792493681,1.138248299203,0.789144977025177
"2555","57938",2018-09-11 12:00:00,-28.3171644989333,39.0192564672436,-3152.25233273062,4697.52479048392,2.58117873639474,2.91594462706219,0.126973857079509,-0.233555886624619,0.584192952094065,0.662546913771262,0.0793447271779367,NA,1.3197792493681,1.09793989997186,0.789144977025177
"2556","57938",2018-09-11 18:00:00,-28.2742404440123,38.9733904021636,-3147.47404879403,4690.98184605454,2.94198220298145,3.14781449863838,0.796380431790178,-1.09049076570145,0.445474126462228,0.466342637903343,1.35032935950352,NA,1.3197792493681,1.05609415170329,0.789144977025177
"2557","57938",2018-09-12,-28.2368110432564,38.9286964002234,-3143.30742696119,4684.61020843943,2.82918359024333,2.20677581379584,0.560452384732631,-0.934607771242129,0.650225763498376,0.716654361751517,1.26884169859603,NA,1.3235986513848,1.00635301391615,0.789779805268649
"2558","57938",2018-09-12 06:00:00,-28.2388744096444,38.9133936871569,-3143.53711985682,4682.42956312516,3.63765412541733,3.12164556499281,-0.0382816576021351,-0.363440480969857,0.437545300435562,0.487887981113872,0.365425003284003,NA,1.31727431020511,0.983181479259695,0.78872786532463
"2559","57938",2018-09-12 12:00:00,-28.258235959514,38.9120506950516,-3145.69243772927,4682.23820861384,3.66802691331445,3.48544339801718,-0.454102434073675,0.0694828864519565,0.579010135846184,0.642184248327656,0.360587463045448,NA,1.34787428972031,0.913085395995954,0.793781883292033
"2560","57938",2018-09-12 18:00:00,-28.3003100505398,38.9310783092634,-3150.37610411785,4684.94967448197,2.23105344162297,2.14492479949531,-0.829812191468725,0.517591619372724,0.520460062096251,0.546900558573392,0.901951874267644,NA,1.38111812090199,0.857994691870722,0.799170515333632
"2561","57938",2018-09-13,-28.3433593938622,38.9541190425512,-3155.16833509549,4688.233998119,2.1901540191104,1.33655542457901,-0.977676069077836,0.78753052601238,0.573599769492783,0.64658736946197,0.968224306927817,NA,1.40681959035234,0.823521247326348,0.803263824868535
"2562","57938",2018-09-13 06:00:00,-28.4551568758311,39.0442593456295,-3167.61357386023,4701.09333492609,2.56466251677903,1.64586032383277,-2.07420669862791,2.14322231249935,0.363588668136698,0.289416852019192,2.9825777514547,NA,1.42374154167354,0.800024808537874,0.805924302082059
"2563","57938",2018-09-13 12:00:00,-28.5408477757101,39.1124580658218,-3177.15264120038,4710.83349958586,3.56672905456416,1.01805232632649,-1.05909555815733,1.03226572507437,0.508950449098813,0.562411921603373,2.27217754519745,NA,1.35928823845897,0.767714428505742,0.795643993464418
"2564","57938",2018-09-13 18:00:00,-28.6019402311636,39.1616878401905,-3183.95342223278,4717.87041926442,3.8934673563637,2.71217565387289,-1.14243229769572,1.18976411013703,0.462123410844962,0.500809542845831,1.63106256942044,NA,1.30676655884378,0.843909494290464,0.786971581162517
"2565","57938",2018-09-14,-28.6423404503625,39.1941728292309,-3188.45075406193,4722.51655281174,4.10084125193978,3.8779001459714,-0.59494558770149,0.60867796323701,0.6152740665747,0.635148083265574,1.07776243386887,NA,1.2691848968877,0.95436029055992,0.780603183771432
"2566","57938",2018-09-14 06:00:00,-28.6540314500125,39.2027159814988,-3189.75219018984,4723.73878828834,2.51887097009494,0.825881965840446,-0.20589941773041,0.191914450889506,0.622778482423754,0.587814279240096,0.29761750514902,NA,1.24501471431821,1.05672147325728,0.776435691503825
"2567","57938",2018-09-14 12:00:00,-28.6646954305028,39.2104021731264,-3190.93929906785,4724.83854980796,7.08792454141362,6.73644785998161,-0.19785171911668,0.183293451552462,1.20636647209983,1.31381655789244,0.269760596008392,NA,1.24551439213951,1.09643360717912,0.77652241525236
"2568","57941",2018-09-12 09:00:00,-29.4418000000001,38.2127000000002,-3277.44618403741,4583.08229438434,9.9999999998054e-06,9.99999999975816e-06,5.34889877153448e-11,3.47819822095009e-11,9.9999999999161e-06,9.9999999998938e-06,0,NA,-0.217010687297936,0.941493223606969,0.445959243222148
"2569","57941",2018-09-12 15:00:00,-29.0362215174969,38.3639127400056,-3232.29739388845,4604.43950395775,6.100804996709,5.81817754110217,9.52065500371547,4.32892264366785,1.32847575155652,1.27612136942145,8.32416426090237,NA,-0.217010687297936,0.917435636646113,0.445959243222148
"2570","57941",2018-09-12 21:00:00,-28.6611209176744,38.4388930128441,-3190.54138611996,4615.04635912019,1.99233540167342,2.58692155938885,4.15473134988111,-0.116207744534487,1.24661092135754,1.18055872619232,7.18043761486685,NA,-0.217010687297936,0.892729972992212,0.445959243222148
"2571","57941",2018-09-13 03:00:00,-28.6306075440556,38.4184754944443,-3187.14465290633,4612.15695790135,7.32913275262596,8.50390005823743,-0.416855213976053,-0.261004590102503,1.7334290303593,1.91022063212132,0.743144205207318,NA,-0.312346926303768,0.648887454747025,0.422541984392309
"2572","57941",2018-09-13 09:00:00,-28.6658026147598,38.4375005721905,-3191.06255025555,4614.84928060853,3.7724759891969,3.27231007437381,-0.563771736829519,0.674795828902259,1.70248038959077,1.94241760942211,0.792263684303507,NA,-0.343295078535043,0.625319210823833,0.415009285801549
"2573","57941",2018-09-13 15:00:00,-28.6735101925635,38.4735309795916,-3191.92055389191,4619.95006362403,11.5522567269796,10.1180970800087,-0.0628952500832166,0.87586863426633,2.32430054046909,2.07940547873962,0.861933448315045,NA,-0.371332530302149,0.611168150795116,0.408219074551433
"2574","57941",2018-09-13 21:00:00,-28.632513506514,38.478293373864,-3187.35682367666,4620.62446250897,12.1486815080455,4.20224276315882,0.760621713738836,0.11239979480432,1.80246966718078,1.64178101867533,0.768710315900061,NA,-0.400262752564045,0.599284591153555,0.401249212397851
"2575","57941",2018-09-14 03:00:00,-28.5266845113202,38.4023572281575,-3175.57599382053,4609.87655024754,7.28683211291164,6.56615816257648,1.98323699119752,-1.82260317781606,1.75838049512615,1.19326791046509,2.65807616540438,NA,-0.428052477716383,0.59240318923736,0.394591477668868
"2576","57941",2018-09-14 09:00:00,-28.4396238089224,38.3452767127618,-3165.8844407615,4601.80493490604,1.74569482003896,1.9566032344557,1.64665527136965,-0.811315103651982,1.17210342652798,1.1563992265488,2.10202789715593,NA,-0.459236602819656,0.587517339640423,0.38716693850804
"2577","57941",2018-09-14 15:00:00,-28.2764819316913,38.2967227677464,-3147.72357006107,4594.94408760595,6.51321500917026,6.08415931647256,2.8826134666777,-1.92026760599083,1.61287648578557,1.81152516597053,3.23574777027528,NA,-0.500403271610555,0.595679815578618,0.377445903153866
"2578","57941",2018-09-14 21:00:00,-28.3004013025748,38.2278334038093,-3150.38626224792,4585.2177102561,5.99074140349511,4.99820570712057,-1.5753710488501,-0.25574149960977,1.82767698079864,1.67651679218972,1.68066761834542,NA,-0.557521852438885,0.644884118688807,0.364121048911733
"2579","57941",2018-09-15 03:00:00,-28.5088002455882,38.3634280017948,-3173.58512646604,4604.37096801455,5.27453790196841,5.42474260080062,-3.93089680271991,3.28717074295178,1.12206976041963,1.08711646408885,5.01446274453614,NA,-0.604785390414811,0.716612217261157,0.353249636532971
"2580","57941",2018-09-15 09:00:00,-28.5856700203309,38.4125262391866,-3182.14223064778,4611.315199274,1.50321563686394,2.49737617556351,-0.0919679801188332,-0.340398671613284,0.72325639090337,1.03605550885726,1.83691945669395,NA,-0.634728251088856,0.7614878267443,0.346439195670897
"2581","57941",2018-09-15 15:00:00,-28.5088163458138,38.3116245412148,-3173.58691873494,4597.0492691738,7.54710823683499,6.85795775967319,1.41002307983796,-1.86640413205122,2.33317519293795,2.54681247390285,2.77291529121501,NA,-0.66630579332343,0.82681625064538,0.339324528353069
"2582","57941",2018-09-15 21:00:00,-28.4766882415919,38.310951313385,-3170.01043453281,4596.95415250958,11.753782097435,13.6479818750434,0.526175580832097,0.11429328079916,1.96191770239981,2.13380741481436,0.596094434760981,NA,-0.677841513910747,0.843864941326102,0.336743224464064
"2583","57941",2018-09-16 03:00:00,-28.4638605051776,38.3297806893998,-3168.58245744714,4599.61478755132,6.81970623764524,8.45595554233754,0.20303827458962,0.480947759604602,1.77509988595184,2.02753373091462,0.503231407704651,NA,-0.683170238965909,0.848382990027506,0.335554105797043
"2584","57941",2018-09-16 09:00:00,-28.4645750342632,38.3023555822778,-3168.6619984611,4595.7397870907,8.44455447317177,10.2486668346922,-0.126023035221767,-1.27366168781298,2.65662998709493,2.87674919482236,0.646187047151681,NA,-0.688543283078744,0.851972976687638,0.33435720548774
"2585","57941",2018-09-16 15:00:00,-28.508811531115,38.2018041576756,-3173.58638276513,4581.54510157935,13.6820737171285,15.1823294569682,-0.820730738277113,-2.36578088141268,1.8985060031647,2.06628752874461,2.50445171516168,NA,-0.692583273971243,0.851346326983156,0.333458657683817
"2586","57941",2018-09-16 21:00:00,-28.6292948274386,38.1491915820267,-3186.99852196096,4574.12574555889,7.60226828067882,6.88520200877561,-2.23535655357832,-1.23655929959691,1.98493720207508,2.09984191463584,2.55429179552124,NA,-0.701643998235628,0.861656826397222,0.331447833096686
"2587","57941",2018-09-17 03:00:00,-28.750793331037,38.2688597127765,-3200.52367351369,4591.00902802551,6.20846134359302,5.58037358584306,-2.20852433911136,3.4344619421527,1.52820946736156,1.47777484046558,3.60617439091646,NA,-0.71949735882138,0.895028051075082,0.327503677548075
"2588","57941",2018-09-17 09:00:00,-28.785538221338,38.2588832009145,-3204.39145700966,4589.60042956401,1.39823195218792,1.45654456887806,0.823351095702368,-1.05307334904138,0.655675924970886,0.626387890983151,0.68591399910542,NA,-0.733532065312279,0.920560784976452,0.324420119064062
"2589","57941",2018-09-17 15:00:00,-28.6605525549349,38.2134564767614,-3190.47811626921,4583.18902725133,4.54089125191613,5.58687231757226,2.72759228599318,-1.54133511564843,1.75207787470249,1.86178089108282,2.55322634061857,NA,-0.735516898540051,0.924377536011993,0.323985251473297
"2590","57941",2018-09-17 21:00:00,-28.4480505649611,38.2199431819782,-3166.82250295276,4584.1042958011,1.72554104876262,1.11386199705139,4.26512686218197,2.60901500049402,1.51849943353545,1.76522786474807,3.94567834138512,NA,-0.733383140600487,0.91908785225518,0.324452760000564
"2591","57941",2018-09-18 03:00:00,-28.3494311866624,38.325897179076,-3155.84424397821,4599.06598138625,10.1253732206529,10.6527313945756,1.19732859365127,1.86235871896392,2.34440992911415,2.3781600035766,3.0929667775926,NA,-0.751819800902299,0.960964584509086,0.320424904680463
"2592","57941",2018-09-18 09:00:00,-28.3403366578187,38.3302653832362,-3154.83184565832,4599.68328512852,11.0363978752498,9.26550592457692,0.168733062689869,0.102883972466763,1.58560999990037,1.61170569324751,0.19755715374605,NA,-0.778305988313921,1.03170416983502,0.314685099153334
"2593","57941",2018-09-18 15:00:00,-28.3361673919828,38.3212033024184,-3154.36772510849,4598.4026962246,5.85824467435257,3.11683666875834,0.141952002821205,-0.174661394581352,1.85275822943204,1.64588870910567,0.227138880874034,NA,-0.796640981602598,1.09049631208638,0.310744503606487
"2594","57941",2018-09-18 21:00:00,-28.4583630038002,38.2195395775397,-3167.97047839317,4584.04734516034,1.49119026981263,1.89371929478672,-3.18775308190451,-0.808903562515623,0.945864270930417,1.10867402739062,3.29573178871217,NA,-0.814901191282206,1.14907901924225,0.306847066091233
"2595","57941",2018-09-19 03:00:00,-28.5491191955322,38.3244135150748,-3178.07341144312,4598.8563222154,18.3347593273877,19.9288888524441,-1.66381845931212,2.5116211766812,3.8800328996641,4.21648164010518,2.98795642220294,NA,-0.834345294602501,1.21089704772531,0.302727065186733
